"id","Away","Home","Score.H","Score.A","AdjO.H","AdjD.H","AdjT.H","Luck.H","NetSoS.H","ORtgSoS.H","DRtgSoS.H","NonConSOS.H","Ranks.A","AdjO.A","AdjD.A","AdjT.A","Luck.A","NetSoS.A","ORtgSoS.A","DRtgSoS.A","NonConSOS.A","home_total","home_spread","date","VegasRes"
"a64b452972ebb31845d4843f67702904","UC Riverside","UC Irvine",NA,NA,100.2,96.6,70.4,"-.078","+1.77","106.9","105.1","+1.77","261",104.6,112.7,68.3,"+.012","-4.61","103.7","108.3","-4.61",137.5,-16.5,"2025-12-04","Vegas Result"
"ee7e4c2fa31265a12b618624c1390436","Cal St. Bakersfield","CSUN",NA,NA,102.2,110.5,74.3,"+.102","+0.13","106.4","106.3","+0.13","259",101.7,109.7,69.7,"+.079","+3.13","108.7","105.6","+3.13",159.5,-7.5,"2025-12-04","Vegas Result"
"dba0f3938721d2b7599b154272b9113b","Cal Poly","Cal St. Fullerton",NA,NA,103.1,113,74.7,"-.039","+0.92","107.8","106.9","+0.92","227",103.4,109.2,76.3,"+.068","+6.95","112.6","105.7","+6.95",186.5,2.5,"2025-12-04","Vegas Result"
"c0c29a7aa2a99b9d07f5c89f565153c6","Rutgers","Michigan",NA,NA,122.6,87.1,72.4,"+.064","+14.01","115.7","101.7","+14.01","129",107.7,104.2,66.3,"+.020","-2.64","105.4","108.0","-5.96",150.5,-25.5,"2025-12-06","Vegas Result"
"a0e65ee48003259147b4d6befa8d486e","Florida St.","Houston",NA,NA,119.5,91.4,63.9,"+.048","+4.60","110.1","105.5","+4.60","94",110,102.1,74.1,"+.017","-2.47","106.3","108.7","-2.47",145.5,-15.5,"2025-12-06","Vegas Result"
"cf96c94dc768db7280bc5344ed523534","Auburn","Arizona",NA,NA,122.6,94.6,71.6,"+.086","+2.54","108.8","106.3","+2.54","21",122.4,100.8,68.5,"+.055","+6.26","110.5","104.3","+6.26",160.5,-8.5,"2025-12-06","Vegas Result"
"a0c57b302d95ed947b51aa29963748de","Mississippi","St. John's",NA,NA,123.2,97.9,71.4,"-.177","+11.93","115.3","103.4","+11.93","51",117,102,66.1,"-.108","-1.94","105.0","106.9","-1.94",151.5,-12.5,"2025-12-06","Vegas Result"
"aa2bddc6b12617bac9132132ed0b1b39","Illinois","Tennessee",NA,NA,119.6,94.4,68.5,"-.093","+0.60","107.3","106.7","+0.60","17",122.1,97.3,70.1,"-.042","+0.95","108.7","107.7","+0.95",152.5,-2.5,"2025-12-06","Vegas Result"
"f29b0f71b8f9e2dac4f682cb7b3aae96","Louisville","Indiana",NA,NA,117.3,96.5,69,"-.010","-3.47","105.9","109.3","-5.52","14",124.9,99.1,71.6,"-.003","-4.49","102.9","107.4","-4.49",155.5,9.5,"2025-12-06","Vegas Result"
"eb9cc15be7d3e50efed9dd100a66aef4","Marquette","Wisconsin",NA,NA,119.7,99.2,70.8,"+.013","+1.40","108.6","107.2","-0.45","86",111.2,102,70.7,"-.093","-2.73","105.6","108.3","-2.73",150.5,-18.5,"2025-12-06","Vegas Result"
"2bcc630c8141f3efce340afefc38b570","Washington","USC",NA,NA,120.7,100.4,70.6,"+.131","+3.38","109.0","105.7","+1.58","59",115.7,101.7,68,"-.057","+2.54","111.1","108.5","+0.36",154.5,-4.5,"2025-12-06","Vegas Result"
"95142a35401556c814d6165a5e0f2294","Fresno St.","Arkansas",NA,NA,118.2,98.4,71.3,"-.002","+2.65","108.7","106.0","+2.65","160",105.7,106.2,70.2,"-.067","-7.08","103.2","110.3","-7.08",159.5,-19.5,"2025-12-06","Vegas Result"
"8e810179cbe5f0bd38fc8f17d57ca6db","Maryland","Iowa",NA,NA,118.5,98.8,63.7,"+.062","-1.98","106.1","108.0","-6.02","90",110.2,101.4,69.1,"+.157","-0.57","107.6","108.2","-0.57",136.5,-10.5,"2025-12-06","Vegas Result"
"205f64a0b53c2719ada63fc2d03f3a65","Oregon","UCLA",NA,NA,117.2,98,66.2,"-.020","-2.70","106.1","108.8","-6.11","83",112.7,103,68.8,"+.053","+6.30","111.1","104.8","+4.62",143.5,-9.5,"2025-12-06","Vegas Result"
"a84ec25555f690819ace61b58f7483bb","UNC Asheville","N.C. State",NA,NA,121.8,103,71.1,"-.092","+7.24","110.9","103.7","+7.24","226",106.1,111.8,67.7,"-.038","-5.27","104.0","109.3","-5.27",138.5,-11.5,"2025-12-06","Vegas Result"
"4035b5a573d93e6a3351baf71de59959","Penn","Villanova",NA,NA,118.4,100.6,64.8,"-.049","-3.64","108.5","112.2","-3.64","224",107.3,113,70.3,"+.093","-3.79","104.6","108.4","-3.79",149.5,-19.5,"2025-12-06","Vegas Result"
"b5f4b89b91bb7e0efa8605981f3c7456","Boise St.","Butler",NA,NA,118,100.8,70.9,"-.052","-4.11","106.2","110.3","-4.11","61",111.7,97.9,67.5,"-.009","+5.27","111.4","106.1","+5.27",138.5,-2.5,"2025-12-06","Vegas Result"
"d810a790fd1475127cb381c1467a144e","Ohio St.","Northwestern",NA,NA,117.1,102.6,67,"-.065","+4.67","111.7","107.0","+1.20","37",118,99.4,69.3,"-.017","-9.54","103.6","113.1","-9.54",165.5,0.5,"2025-12-06","Vegas Result"
"ba96e32c7853112d5a0070e1da3d692f","William & Mary","George Washington",NA,NA,119.9,106.5,71.3,"-.069","-3.99","105.3","109.2","-3.99","123",108.8,104.6,75.3,"+.149","+3.63","107.7","104.1","+3.63",173.5,-13.5,"2025-12-06","Vegas Result"
"4ebcab57b81e97916f5383091a59d3e3","Colorado","Colorado St.",NA,NA,121.2,108.3,63.5,"-.098","-2.71","108.0","110.8","-2.71","68",118,105,69.1,"+.057","-1.04","107.6","108.6","-1.04",148.5,-1.5,"2025-12-06","Vegas Result"
"86054eceadb3b069d3837b9790136974","Wake Forest","West Virginia",NA,NA,110,97.2,65.1,"-.073","-10.01","101.7","111.7","-10.01","55",113.7,99.2,71.6,"-.052","-0.33","107.2","107.5","-0.33",141.5,-1.5,"2025-12-06","Vegas Result"
"3f30aa644619bfb672427e8c1d5c522b","Pacific","California",NA,NA,114.8,102.3,69.3,"-.034","-4.58","104.8","109.4","-4.58","130",108.5,105,66.9,"+.056","-4.75","105.0","109.8","-4.75",145.5,-9.5,"2025-12-06","Vegas Result"
"cd8aaeaa925423d8a993a168be060d4a","George Mason","Virginia Tech",NA,NA,114.5,102.4,69.8,"+.105","+3.80","109.9","106.1","+3.80","58",114.4,100.5,66.2,"+.005","-6.82","105.8","112.6","-6.82",144.5,-3.5,"2025-12-06","Vegas Result"
"a9e3c5df02005c33a68e6d0648df1fe9","Baylor","Memphis",NA,NA,111.8,100.1,69.9,"-.114","+7.01","112.2","105.2","+7.01","29",123.2,103.1,69.7,"+.083","+5.03","111.0","105.9","+5.03",158.5,2.5,"2025-12-06","Vegas Result"
"2f11fccae332438d60e55e6494d77f31","Seton Hall","Kansas St.",NA,NA,116.6,105.2,72,"+.008","+4.81","110.9","106.1","+4.81","66",110.6,97.3,65.6,"-.050","-7.88","103.7","111.6","-7.88",146.5,-2.5,"2025-12-06","Vegas Result"
"4b8ab70f7c3d9669d69c97098102c447","Oklahoma","Arizona St.",NA,NA,115.1,105.1,69.4,"+.117","+3.39","108.9","105.5","+3.39","46",120.8,104.5,67.1,"-.023","-1.63","106.3","107.9","-1.63",154.5,6.5,"2025-12-06","Vegas Result"
"0e3f33a8ac76b5398d9b48758df3a1f6","Missouri St.","Tulsa",NA,NA,114.6,105.3,67.3,"+.042","+2.29","108.5","106.2","+2.29","251",101.7,109.2,65.9,"-.042","-5.46","103.8","109.3","-5.46",143.5,-8.5,"2025-12-06","Vegas Result"
"6d206fa359e05f635d425d3623fc0d38","Wichita St.","Northern Iowa",NA,NA,107.8,99.1,63.9,"-.007","-4.94","104.1","109.1","-4.94","98",111.8,104,66.5,"-.210","-0.38","108.0","108.4","-0.38",131.5,-2.5,"2025-12-06","Vegas Result"
"2bc0f3c6608363d134d3f028b8c85810","Stetson","South Carolina",NA,NA,112.6,104.1,67.2,"-.130","-4.77","105.3","110.1","-4.77","342",98.7,115.5,67.8,"-.011","-1.46","105.5","106.9","-1.46",142.5,-28.5,"2025-12-06","Vegas Result"
"cba551646c235442798c1a9aa075d28a","Oklahoma St.","Grand Canyon",NA,NA,106.8,99.8,68.9,"-.035","-5.33","105.8","111.1","-5.33","50",116,100.7,74.9,"+.027","-3.20","106.4","109.6","-3.20",153.5,2.5,"2025-12-06","Vegas Result"
"8f691d05ac500090f8b8d2774e8936fe","Coppin St.","Liberty",NA,NA,114.5,107.5,66.4,"-.072","-1.22","108.4","109.7","-1.22","364",92.5,117.2,69.6,"+.023","+2.95","108.5","105.6","+2.95",144.5,-50.5,"2025-12-06","Vegas Result"
"cdd2554181aa12a566fb7869cd55ef48","Coastal Carolina","Winthrop",NA,NA,115,108.2,69.8,"-.131","+1.24","108.1","106.8","+1.24","242",99.6,106.5,70.4,"+.043","-5.31","104.0","109.3","-5.31",171.5,-9.5,"2025-12-06","Vegas Result"
"e7f8cb1c1666a572819ba5de3844df70","Dartmouth","Wyoming",NA,NA,108.9,102.3,69.5,"-.051","-5.26","105.7","111.0","-5.26","277",103.2,112.1,71.6,"-.082","-12.05","97.5","109.6","-12.05",155.5,-16.5,"2025-12-06","Vegas Result"
"7160b43ae0193f2e74d92c6cff91370d","Santa Clara","New Mexico",NA,NA,108.9,102.5,70.1,"+.030","-2.17","105.8","108.0","-2.17","49",117.1,101.8,69.7,"-.019","+1.85","107.4","105.5","+1.85",154.5,1.5,"2025-12-06","Vegas Result"
"13a91de08747ad7e96abea98f0f38625","Bellarmine","Murray St.",NA,NA,113.4,107.5,72.2,"-.052","-4.63","105.5","110.2","-4.63","283",108.2,117.8,67,"+.030","+4.28","111.4","107.1","+4.28",156.5,-16.5,"2025-12-06","Vegas Result"
"1bf988b19051eab196c02dfddfe9a50d","Chicago St.","Illinois St.",NA,NA,110.2,104.6,68,"+.086","-2.59","107.8","110.4","-2.59","356",98.3,118.5,67.9,"-.040","+10.17","112.7","102.5","+10.17",145.5,-21.5,"2025-12-06","Vegas Result"
"80aef8d34481ad8ef82b00d372d28323","Arkansas Pine Bluff","DePaul",NA,NA,109,104.3,68.6,"+.011","-9.45","102.6","112.0","-9.45","357",96,116.3,73,"+.069","+11.85","114.4","102.5","+11.85",155.5,-23.5,"2025-12-06","Vegas Result"
"56a33f566f518d51be2d5f045921194c","Maine","Miami OH",NA,NA,111.3,106.9,71.5,"+.036","-15.69","98.0","113.7","-15.69","332",93.4,108.6,65.2,"-.074","+0.25","107.2","106.9","+0.25",155.5,-33.5,"2025-12-06","Vegas Result"
"99fef0ffb413e306144cd58aa5a137e0","Cal Baptist","Utah",NA,NA,110.8,106.6,69.2,"+.064","-2.37","107.0","109.4","-2.37","136",106.6,103.5,68.2,"+.147","-3.07","105.7","108.8","-3.07",144.5,-6.5,"2025-12-06","Vegas Result"
"138c3038f8d811d2f4249bed4418f045","CSUN","UC Irvine",NA,NA,100,96,70.2,"-.072","+0.04","106.2","106.1","+1.87","239",102.6,109.3,74.3,"+.083","-1.93","105.1","107.0","+0.24",149.5,-10.5,"2025-12-06","Vegas Result"
"7f5ff3188c5a1fe740770e8d2c7eab1f","Evansville","Western Kentucky",NA,NA,108.5,104.6,72.3,"-.063","+1.57","108.9","107.3","+1.57","294",98.4,109.2,68.7,"+.032","+0.56","109.4","108.9","+0.56",148.5,-12.5,"2025-12-06","Vegas Result"
"c79420b911760adeee9fab08c8ce39ef","Northern Illinois","Bradley",NA,NA,107.4,103.8,68,"-.063","-2.90","106.9","109.8","-2.90","321",103.1,116.4,68,"-.011","+1.88","106.6","104.8","+1.88",143.5,-18.5,"2025-12-06","Vegas Result"
"39616c44470aa23b66804c9dbda13960","Albany","Columbia",NA,NA,110,106.8,67.8,"+.160","-6.99","103.8","110.8","-6.99","317",100.9,114,67.9,"-.022","+4.42","108.6","104.2","+4.42",144.5,-13.5,"2025-12-06","Vegas Result"
"99e05d09f50f81bf727d6a2b84b50803","Stony Brook","Duquesne",NA,NA,107.8,105.6,72.1,"-.077","-7.49","105.2","112.6","-7.49","220",105.4,110.7,67.3,"+.187","-1.04","105.3","106.3","-1.04",151.5,-17.5,"2025-12-06","Vegas Result"
"8320119a28acb75460f68806fdfdc183","Toledo","Oakland",NA,NA,114.4,112.8,71,"+.032","+13.47","114.7","101.2","+17.78","159",112.6,113.2,68.5,"+.015","-2.80","105.5","108.3","-2.80",165.5,-4.5,"2025-12-06","Vegas Result"
"3ee5f57cfcc83e1c88fdbf9f3a646371","Cal St. Bakersfield","UC Santa Barbara",NA,NA,112.5,111.4,66.2,"+.131","-3.24","104.7","107.9","-1.41","289",100.4,110.5,69.6,"+.062","+1.93","107.8","105.9","+2.97",146.5,-11.5,"2025-12-06","Vegas Result"
"89e93e54d9575c1d5ff9d647623ff1c6","Northern Arizona","North Dakota St.",NA,NA,106.6,105.9,68,"-.080","-0.84","106.2","107.1","-0.84","266",103.8,112.2,68.2,"+.089","-0.85","106.2","107.0","-0.85",146.5,-10.5,"2025-12-06","Vegas Result"
"3cdf4f1c992afd3d03a47a4efaffa488","South Dakota","Northern Colorado",NA,NA,107.5,107.7,69.8,"+.017","-5.60","104.9","110.5","-5.60","278",104.4,113.3,72.1,"+.059","-7.51","103.2","110.7","-7.51",163.5,-9.5,"2025-12-06","Vegas Result"
"af055c1959fedcce338aeed5eb4f50e0","Harvard","Furman",NA,NA,108.7,108.9,67.6,"+.057","+3.64","111.5","107.8","+3.64","202",105.4,109.2,65.5,"-.049","-4.75","103.1","107.8","-4.75",144.5,-8.5,"2025-12-06","Vegas Result"
"720264b215f5f1c851f2576df42a6f2b","Saint Joseph's","Temple",NA,NA,112.9,113.4,67.7,"+.002","-1.77","104.8","106.6","-1.77","181",104.5,106.6,69.6,"+.127","-3.21","106.0","109.2","-3.21",149.5,-1.5,"2025-12-06","Vegas Result"
"fb386027d8329361f72ee60050e77a7c","Nebraska Omaha","Portland St.",NA,NA,104.6,105.2,71.7,"+.069","+0.91","107.5","106.5","+0.91","264",106.4,114.8,69.4,"-.029","+2.41","109.6","107.2","+2.41",148.5,-11.5,"2025-12-06","Vegas Result"
"2df6aebb46517d90b6df7da7461bdba6","Idaho","South Dakota St.",NA,NA,104.3,105,69.2,"-.101","+1.11","105.2","104.1","+1.11","209",107.4,111.7,66.8,"-.022","-2.48","107.8","110.2","-2.48",146.5,-5.5,"2025-12-06","Vegas Result"
"c552e8fecbd923d8dcd8f6f60e6431bd","Georgia St.","Kennesaw St.",NA,NA,109.9,111.2,73.5,"+.095","-6.38","104.2","110.6","-6.38","335",95.7,111.4,69.7,"-.096","+3.33","107.6","104.3","+3.33",158.5,-14.5,"2025-12-06","Vegas Result"
"4333496fee8068c1b955227d14963a5e","Denver","Idaho St.",NA,NA,105.2,106.9,64.3,"-.080","+3.86","109.8","106.0","+3.86","281",110.1,119.4,67.9,"+.131","+9.32","113.0","103.7","+9.32",143.5,-6.5,"2025-12-06","Vegas Result"
"800fb8e098c5515fdd00b92411cc7217","Akron","Tulane",NA,NA,111.7,113.6,66.9,"+.261","-6.75","102.2","109.0","-6.75","60",121.6,107.7,71.6,"-.055","-4.35","106.9","111.2","-4.35",163.5,6.5,"2025-12-06","Vegas Result"
"a97da5289a112b8bf4a999c490f91932","Norfolk St.","James Madison",NA,NA,111,113,66.6,"+.064","-3.33","106.1","109.4","-3.33","231",100.1,106.1,65.5,"-.060","+6.14","110.4","104.2","+6.14",143.5,-8.5,"2025-12-06","Vegas Result"
"b962d5f9ffac44428ca45aa5d57ede4c","Southern Utah","Oregon St.",NA,NA,107.7,109.9,65.2,"-.036","-3.48","104.7","108.2","-3.48","322",99,112.4,70.3,"-.038","+2.57","110.3","107.7","+2.57",144.5,-11.5,"2025-12-06","Vegas Result"
"7e39f0fbff8d01913434f87077560c88","UMass Lowell","Massachusetts",NA,NA,102.8,105.7,72.8,"-.089","-9.32","103.8","113.1","-9.32","304",103.7,115.7,70.1,"-.100","+3.25","107.3","104.1","+3.25",156.5,-11.5,"2025-12-06","Vegas Result"
"1659eb6cfd42e4ba9b6991aa409da535","Houston Christian","New Orleans",NA,NA,105.3,108.2,70.4,"-.056","+13.15","114.3","101.2","+13.15","292",102.5,112.9,65.1,"-.035","-5.37","106.3","111.7","-5.37",140.5,-5.5,"2025-12-06","Vegas Result"
"0c8ab371199a07360203f71973bf7f3e","Western Michigan","SIUE",NA,NA,101.8,105.2,66.1,"+.090","-2.03","106.4","108.4","-2.03","263",103.8,112.1,69.6,"+.056","-5.85","103.8","109.7","-5.85",138.5,4.5,"2025-12-06","Vegas Result"
"1e22aee1355ccf6777e2fa1b11c102c1","Texas A&M Corpus Chris","Lamar",NA,NA,101.2,105.2,67.3,"+.100","-2.60","106.4","109.0","-2.60","248",100.8,108.1,68.9,"-.028","+17.08","116.0","98.9","+17.08",136.5,-3.5,"2025-12-06","Vegas Result"
"80b606942c1948797f63e7ded92d4653","Jacksonville","FIU",NA,NA,103.9,108,71.5,"+.058","+3.09","111.6","108.5","+3.09","270",100.5,109.3,65.9,"+.208","+3.96","109.7","105.8","+3.96",142.5,-20.5,"2025-12-06","Vegas Result"
"fd3f45340b0f2708237db95655645f34","Southeast Missouri","Chattanooga",NA,NA,108.6,112.7,65.7,"+.004","-1.22","106.9","108.2","-1.22","243",102.7,109.6,71.8,"-.099","+5.86","110.6","104.7","+5.86",150.5,-4.5,"2025-12-06","Vegas Result"
"85f9fb72a49e6452f83893c65237c0f1","St. Bonaventure","Buffalo",NA,NA,107.8,112,67.4,"+.069","-9.95","103.6","113.5","-9.95","115",109.9,104,67.1,"+.127","-2.16","105.6","107.8","-2.16",145.5,9.5,"2025-12-06","Vegas Result"
"25eaab15ecebd6e98f536ca194ad1166","Elon","Wofford",NA,NA,106.4,110.7,69.5,"+.206","-1.84","108.6","110.4","-1.84","213",112,116.6,69.5,"-.085","-3.65","105.6","109.3","-3.65",162.5,-4.5,"2025-12-06","Vegas Result"
"e68b5d927f2e0cadc61159a63518eecd","Marshall","Ohio",NA,NA,106.4,111,69.8,"-.064","+3.96","108.6","104.6","+3.96","169",106.6,107.9,71.2,"+.086","-2.26","107.7","110.0","-2.26",157.5,-3.5,"2025-12-06","Vegas Result"
"171e7f05428e0cf221fcdd6140756e16","Holy Cross","Fordham",NA,NA,104.2,109.6,65.1,"-.057","-10.69","101.2","111.9","-10.69","307",101.5,113.6,65.9,"-.034","+3.20","109.3","106.1","+3.20",135.5,-13.5,"2025-12-06","Vegas Result"
"eb7655ea3e256ca9fd5daaa33beb5d29","UC Riverside","Cal Poly",NA,NA,103.4,109,76.7,"+.120","+4.99","111.4","106.4","+6.95","267",104.1,112.6,68.1,"+.002","-2.93","103.4","106.3","-4.83",163.5,-5.5,"2025-12-06","Vegas Result"
"69667cf82ba387505259fc09a8501062","Robert Morris","Milwaukee",NA,NA,107,112.8,70.6,"+.016","+8.67","112.9","104.3","+8.67","174",107,108.9,66.7,"+.129","-1.37","106.6","108.0","-0.90",150.5,-4.5,"2025-12-06","Vegas Result"
"1d2339db6415d0cbed2db67070c67691","Maryland Eastern Shore","American",NA,NA,102.4,108.7,70.1,"+.044","-3.05","105.6","108.6","-3.05","338",94,110.3,62.3,"-.031","+2.73","108.4","105.7","+2.73",120.5,-14.5,"2025-12-06","Vegas Result"
"db229b349fde7509f56f3ea427510186","New Mexico St.","Abilene Christian",NA,NA,98.9,105.4,66.4,"+.133","-2.71","105.0","107.7","-2.71","120",107.6,103.3,67.2,"-.098","-4.48","102.7","107.2","-4.48",131.5,3.5,"2025-12-06","Vegas Result"
"427a70f61d8266b58cf930c1150d60ee","UNC Greensboro","East Carolina",NA,NA,100.8,107.9,70.1,"+.040","+1.46","107.4","106.0","+1.46","291",102.8,113.1,67.9,"-.094","+1.25","110.6","109.3","+1.25",139.5,-5.5,"2025-12-06","Vegas Result"
"817e74a301dd2093b48125e87f588e24","Kansas City","Eastern Washington",NA,NA,107.5,114.7,69.7,"-.117","+8.37","111.5","103.2","+8.37","343",97.4,114.2,69.1,"-.018","+4.17","109.3","105.1","+4.17",150.5,-9.5,"2025-12-06","Vegas Result"
"8cd6c01c62e09b38dbb44363fd654deb","Drexel","La Salle",NA,NA,102.2,109.8,65.1,"-.152","-2.76","106.9","109.6","-2.76","274",102.6,111.4,65.9,"-.053","-5.27","104.1","109.4","-5.27",138.5,-10.5,"2025-12-06","Vegas Result"
"0148308366a5986e43d418272bae2388","Northern Kentucky","Purdue Fort Wayne",NA,NA,106.9,114.7,70.1,"-.047","+7.63","112.0","104.3","+8.00","178",107,109.2,68.8,"+.164","-4.71","107.2","111.9","-2.15",154.5,9.5,"2025-12-06","Vegas Result"
"0be24afe8548194f210949b3dc8507be","Morehead St.","Presbyterian",NA,NA,99.8,108,62,"-.036","+1.16","107.9","106.8","+1.16","323",99,112.5,67.5,"+.038","+10.18","114.1","103.9","+10.18",151.5,-7.5,"2025-12-06","Vegas Result"
"dce3bc54349252a6fd399a46cbecfa10","Incarnate Word","Nicholls",NA,NA,101.9,110.3,69.2,"-.026","+10.57","113.6","103.0","+10.57","176",110,111.9,66.5,"+.109","+9.85","114.2","104.3","+10.95",145.5,1.5,"2025-12-06","Vegas Result"
"a960ba549b84f25e7b6fa1ddc6c97fbb","UC San Diego","Long Beach St.",NA,NA,103.4,112.2,67.5,"-.063","+2.22","109.2","107.0","+1.59","97",114.9,107.1,68.6,"-.009","+0.01","108.1","108.1","+0.01",144.5,11.5,"2025-12-06","Vegas Result"
"5885103653750cedd404ef32591b7f84","Western Carolina","USC Upstate",NA,NA,101.2,110.3,69.8,"-.005","-1.36","105.9","107.3","-1.36","255",101.5,109.3,71.2,"+.103","+6.59","110.1","103.6","+6.59",157.5,-7.5,"2025-12-06","Vegas Result"
"078c723d69e14701d2859d5fb356818e","Tennessee Tech","West Georgia",NA,NA,102.3,111.8,68.6,"+.242","+2.11","107.9","105.8","+2.11","302",100.2,112.1,71,"-.087","+6.58","110.8","104.3","+6.58",151.5,4.5,"2025-12-06","Vegas Result"
"30c5f0229c388fc0a9ebfbc5d960279a","Vermont","Pepperdine",NA,NA,101.3,111.2,67.4,"-.075","-2.56","104.9","107.5","-2.56","211",110.4,114.8,66.4,"+.015","+1.73","108.6","106.9","+1.73",143.5,1.5,"2025-12-06","Vegas Result"
"16b05f8beba2475dd753a7e6ec8965bc","Princeton","Loyola Chicago",NA,NA,104,114,65.7,"+.020","-5.44","105.5","110.9","-5.44","257",100,107.9,67.8,"-.077","+0.97","108.9","108.0","+0.97",134.5,-0.5,"2025-12-06","Vegas Result"
"4ad036a0461df0bf7f6347a40c627335","LIU","Lehigh",NA,NA,100.2,111.4,68.1,"-.020","+1.64","106.3","104.7","+1.64","233",103,109.1,69.8,"+.130","+0.86","109.3","108.5","+0.86",142.5,1.5,"2025-12-06","Vegas Result"
"0d8daf6df2020b592447af767601fb10","Detroit Mercy","Cleveland St.",NA,NA,106.2,118.1,71.7,"-.028","+4.00","111.2","107.2","+4.29","310",102.3,114.5,69.9,"+.030","+2.31","108.8","106.5","+5.76",148.5,3.5,"2025-12-06","Vegas Result"
"c7a14ffaf08f1b7697cbd7953ef5f65e","Montana St.","Oral Roberts",NA,NA,104.3,116.3,70.7,"-.008","+5.81","112.1","106.3","+5.81","156",107.4,107.7,67.1,"-.128","+7.49","112.6","105.1","+7.49",150.5,6.5,"2025-12-06","Vegas Result"
"a9cd9123c587b12c0283e6d697cbdde6","Arkansas St.","Little Rock",NA,NA,99.6,111.7,66.3,"+.018","+2.93","108.5","105.5","+2.93","150",107.3,107.1,73,"+.200","+2.43","107.2","104.8","+2.43",149.5,9.5,"2025-12-06","Vegas Result"
"bd6a743c11bc787502690e41fbafdfad","Sam Houston St.","Texas Southern",NA,NA,101,113.7,70.5,"-.098","+17.54","117.2","99.7","+17.54","127",113.3,109.5,70.3,"-.015","+8.81","112.3","103.5","+8.81",158.5,6.5,"2025-12-06","Vegas Result"
"cf48bb058edf92f7908093025dea00ce","UNC Wilmington","Louisiana",NA,NA,96.4,110.8,64.3,"-.020","+1.18","106.8","105.7","+1.18","101",113.7,106.5,64.5,"+.027","-9.38","101.8","111.2","-9.38",128.5,12.5,"2025-12-06","Vegas Result"
"554d7b5357639624a7317a9c04b428df","Lindenwood","Eastern Illinois",NA,NA,97.2,112,66.7,"+.009","+10.78","112.6","101.8","+10.78","252",99.9,107.5,72.3,"+.039","+3.34","108.5","105.2","+3.34",143.5,6.5,"2025-12-06","Vegas Result"
"85bad0f67151729aa5f4f0e95f395d6a","Montana","North Dakota",NA,NA,97.6,113.3,70.6,"+.047","-0.02","107.7","107.7","-0.02","195",107.8,111,70.7,"-.033","+1.97","109.0","107.1","+1.97",156.5,4.5,"2025-12-06","Vegas Result"
"7446b4cf74848c272e40b9c3c5e39097","Youngstown St.","IU Indy",NA,NA,104,120.2,78.1,"+.045","-3.26","105.5","108.8","-2.40","173",104.9,106.8,69.8,"+.012","-0.35","107.5","107.9","+0.50",165.5,7.5,"2025-12-06","Vegas Result"
"99673e250b58abe6cced86f3a17adddd","North Carolina A&T","North Carolina Central",NA,NA,98.1,115.1,66.6,"-.045","+13.06","115.4","102.3","+13.06","327",98.9,113.5,71,"+.021","-3.27","106.5","109.8","-3.27",142.5,3.5,"2025-12-06","Vegas Result"
"3b907fb8b1ae8d2ceb1d43e49cd9e3f7","Boston University","New Hampshire",NA,NA,94.8,112,67.6,"-.142","+5.85","110.4","104.6","+5.85","249",109.4,116.8,63.4,"+.071","+1.69","108.0","106.3","+1.69",134.5,5.5,"2025-12-06","Vegas Result"
"8f023e01fa2c5c6947ce3d84b929cdab","Le Moyne","Binghamton",NA,NA,98.8,117,66.3,"-.056","-7.12","102.2","109.3","-7.12","320",106,119.3,68.8,"+.043","-5.09","103.4","108.5","-5.09",144.5,1.5,"2025-12-06","Vegas Result"
"44bf086a437abd62ae19eabc5217dba4","Georgia Southern","Gardner Webb",NA,NA,96.6,117.9,72.3,"-.006","+6.57","112.2","105.6","+6.57","225",105.5,111.2,72.1,"-.002","-2.46","104.8","107.2","-2.46",176.5,11.5,"2025-12-06","Vegas Result"
"ea6296092bb0ce85ec6f5b3114483025","Longwood","Morgan St.",NA,NA,97.1,118.7,69.6,"-.132","-7.68","103.8","111.5","-7.68","295",102.2,113,70.6,"+.056","-5.77","103.3","109.1","-5.77",154.5,6.5,"2025-12-06","Vegas Result"
"de147b290fde93e0707f1704498ebf8d","Delaware","Delaware St.",NA,NA,91,113.1,67.8,"-.094","+1.04","107.1","106.1","+1.04","271",104.3,113.1,66.9,"+.008","-3.82","106.0","109.8","-3.82",125.5,3.5,"2025-12-06","Vegas Result"
"960a77b675cb51fa9ec9073c4f7b58e0","Villanova","Michigan",NA,NA,123.1,86.9,72.7,"+.048","+11.57","114.3","102.7","+13.74","35",119.3,100.5,64.6,"-.052","-4.09","108.1","112.2","-4.09",148.5,-15.5,"2025-12-09","Vegas Result"
"fd82a8f8189ef33c58fd54c342c46722","Florida","Connecticut",NA,NA,121.8,92.6,65.9,"+.034","+3.26","108.7","105.4","+3.26","14",120.2,93.5,71.6,"-.119","+11.76","113.5","101.7","+11.76",146.5,-4.5,"2025-12-09","Vegas Result"
"5df74a631366fa90c0b8e4c6161407cd","Clemson","BYU",NA,NA,124.5,96.6,69.6,"+.011","+10.11","112.6","102.5","+10.11","25",120.4,99.5,66.4,"-.043","-2.90","105.9","108.8","-2.90",152.5,-7.5,"2025-12-09","Vegas Result"
"5253ba8daf63a41b8e24bed21507607e","Penn St.","Indiana",NA,NA,116.8,96.9,69,"-.047","-1.37","107.5","108.9","-3.09","94",115.3,107.3,68,"+.099","-8.88","103.6","112.5","-8.88",153.5,-15.5,"2025-12-09","Vegas Result"
"fd3661b586f29eb7d205d1162760597f","Illinois","Ohio St.",NA,NA,118.6,99.6,69.8,"+.022","-6.24","105.6","111.9","-9.45","11",123.7,96.5,69.2,"-.023","+4.90","110.2","105.3","+4.90",157.5,3.5,"2025-12-09","Vegas Result"
"975de06d9e2eb0b6d491f9482cbd9a74","Brown","Providence",NA,NA,118.2,104.4,72.4,"-.079","+2.36","109.8","107.5","+2.36","228",98.6,104.4,66.5,"-.081","-7.15","103.4","110.5","-7.15",150.5,-17.5,"2025-12-09","Vegas Result"
"4ba61a247b53619a3306174009c4345c","Dartmouth","Colorado St.",NA,NA,122.4,109.1,63.9,"-.063","-1.23","109.4","110.6","-1.23","269",104.5,112.9,71.6,"-.100","-7.82","100.0","107.9","-7.82",154.5,-18.5,"2025-12-09","Vegas Result"
"32660ef473188936256012d6bdedc986","Northern Arizona","Arizona St.",NA,NA,115.6,103.8,69.7,"+.103","+4.58","109.9","105.4","+4.58","252",103.3,110.7,68.6,"+.011","+0.24","106.8","106.6","+0.24",150.5,-17.5,"2025-12-09","Vegas Result"
"ce01cc4538b2de171f20fa5a866d19b4","Little Rock","West Virginia",NA,NA,110.1,98.8,64.5,"-.092","-7.72","103.1","110.8","-7.72","316",100.1,113.2,66.2,"+.003","+1.75","107.9","106.1","+1.75",130.5,-25.5,"2025-12-09","Vegas Result"
"812e71614fcfb10e95756f03b102235d","South Dakota","Wyoming",NA,NA,110.3,103.5,69.5,"-.030","-6.31","104.7","111.0","-6.31","273",105.2,113.9,71.9,"+.006","-6.44","103.5","110.0","-6.44",159.5,-12.5,"2025-12-09","Vegas Result"
"e72c39e476e9645c8a6cb5c24f97f134","Long Beach St.","San Jose St.",NA,NA,106.3,108.8,65.7,"-.017","+2.19","109.0","106.8","+2.19","268",103.8,112.2,67.7,"-.074","+2.59","109.7","107.1","+1.75",140.5,-7.5,"2025-12-09","Vegas Result"
"b60eab69bf17ae2d3a3ed264b113b83c","Columbia","Stony Brook",NA,NA,106.1,111.2,67.3,"+.125","+0.51","106.3","105.8","+0.51","120",110.8,106.3,67.8,"+.136","-8.67","103.2","111.9","-8.67",147.5,4.5,"2025-12-09","Vegas Result"
"2e19ce07df19b64cbd183836e2f242d2","USC","San Diego",NA,NA,104.5,112.8,69.6,"-.001","-5.58","104.7","110.3","-5.58","32",120.1,101.1,70.8,"+.095","+4.88","109.9","105.0","+2.28",162.5,16.5,"2025-12-09","Vegas Result"
"f807309de30a1dc566280f822f8c9d5b","South Dakota St.","Ball St.",NA,NA,98.6,112.3,66,"-.020","-6.18","103.5","109.7","-6.18","172",105,106.5,69.3,"-.146","-0.04","105.3","105.3","-0.04",138.5,6.5,"2025-12-09","Vegas Result"
"9fdce01ea2542ae1842e48afc0cbe2c1","Western Carolina","Georgia",112,82,120.5,99.1,74.9,"+.008","-4.33","104.0","108.3","-4.33","277",101.7,110.8,71.4,"+.062","+7.04","110.5","103.5","+7.04",167.5,-33.5,"2025-12-18","Hit"
"989603c41d504b7fdd842ef7210de2f2","American","VCU",105,83,114.8,98,70.7,"-.138","+1.01","108.6","107.6","+1.01","230",103.4,109.6,70.1,"+.047","-6.83","103.4","110.2","-6.83",154.5,-19.5,"2025-12-18","Hit"
"e56c66b14dc9ad0a2fe487fad8c0d3d4","Kansas City","Oklahoma St.",91,79,116.9,102,74.6,"+.031","+0.99","108.5","107.5","+0.99","345",94.8,112.4,70.6,"-.022","+3.78","110.2","106.4","+3.78",160.5,-30.5,"2025-12-18","Hit"
"12fa7c78d31f8bbc705f9a7ef3c62f74","Oral Roberts","TCU",72,53,110.5,97.2,69.2,"-.062","+0.20","106.6","106.4","+0.20","291",104.2,114.7,70.2,"-.001","+3.80","111.0","107.2","+3.80",145.5,-24.5,"2025-12-18","Hit"
"d7f95cbd1713ac8554923b4b641c837e","Drake","Murray St.",81,72,115.9,107.9,72.7,"-.021","-3.81","107.0","110.8","-3.81","133",111.3,108.6,67.3,"-.184","-3.24","105.5","108.8","-3.24",159.5,-6.5,"2025-12-18","Hit"
"4cd7d086d9b0b7384fea26bbe004360a","Temple","Davidson",63,68,111.3,106.2,66.3,"+.129","-3.27","105.2","108.5","-3.27","157",113.9,113.7,67.4,"-.059","-3.72","103.9","107.6","-3.72",143.5,-5.5,"2025-12-18","Loss"
"e2c4cfd7663e11e7529db2d413e7acb4","Illinois St.","Southern Illinois",68,75,109.3,105,71.1,"-.105","+1.21","107.9","106.7","+1.21","97",112.3,104.9,67.9,"+.011","-2.13","108.1","110.3","-2.13",154.5,-2.5,"2025-12-18","Loss"
"c5cf2fc8a5b947707cbad34237d13256","Radford","William & Mary",96,83,109.5,105.5,75.4,"+.106","+5.15","109.1","104.0","+5.15","245",104.8,111.6,72.9,"-.122","-4.68","105.9","110.6","-4.68",172.5,-8.5,"2025-12-18","Hit"
"30694fba3dfa272340f3ada8fbb9fae6","Delaware St.","Saint Joseph's",67,51,104.8,106.8,69.2,"+.100","-3.92","105.8","109.8","-3.92","355",93,112.9,68.1,"+.034","-2.78","105.9","108.6","-2.78",140.5,-19.5,"2025-12-18","Hit"
"5ceb7e9b885176ac539d11164713bc8c","Bradley","Indiana St.",99,108,103.1,105.4,70.8,"+.047","-4.67","103.3","108.0","-4.67","123",107.8,103.5,68.6,"-.065","-4.57","105.9","110.4","-4.57",147.5,4.5,"2025-12-18","Hit"
"989278b85dcd2eb214f35966c97fbcf2","Louisiana","Southern Miss",62,54,107.3,110.1,68.2,"-.031","+0.40","107.7","107.3","+0.40","335",95,111.3,64.5,"-.024","+0.09","106.3","106.3","+0.09",131.5,-13.5,"2025-12-18","Hit"
"b0c58afb9a52c3553dde649e6087d80b","Lafayette","Charlotte",81,67,107.4,111.1,64.2,"-.110","+0.84","107.8","106.9","+0.84","323",98.4,113.1,68.6,"-.088","-5.75","105.1","110.8","-5.75",137.5,-10.5,"2025-12-18","Hit"
"9a394985f7dc32c6fe285c5ef0f00cb3","Grambling St.","Norfolk St.",80,68,100,105.6,66.5,"-.080","+8.19","113.0","104.8","+8.19","280",99.4,108.9,67.7,"+.002","+2.05","109.3","107.2","+2.05",133.5,-1.5,"2025-12-18","Hit"
"03a0a571340a32353252d3cc69835dac","Jackson St.","Hampton",77,84,103,109.1,67.1,"-.086","-3.45","104.7","108.1","-3.45","326",95.6,110.6,69.8,"+.046","+16.86","117.6","100.7","+16.86",137.5,-8.5,"2025-12-18","Loss"
"19aec5b8e95bb78d0b1f0290327d7272","Georgia St.","Georgia Southern",90,67,106.9,113.1,72.6,"+.061","-5.01","103.9","109.0","-5.01","332",96.3,112.3,70.6,"-.030","+1.40","107.0","105.6","+1.40",159.5,-9.5,"2025-12-18","Hit"
"54e050c8d4a3664313036036cb34675c","Tennessee Martin","Tennessee St.",78,71,100.1,106.5,71.6,"+.164","+5.70","110.7","105.0","+5.70","236",101.6,108,66.9,"+.157","-0.70","107.3","108.0","-0.70",142.5,-2.5,"2025-12-18","Hit"
"84dd5adb19037f1ea535ce2e1084eb5d","Fairfield","Central Connecticut",70,84,102,108.6,67.3,"+.092","+1.87","107.0","105.1","+1.87","295",102.7,113.4,68.7,"+.105","-8.49","103.0","111.4","-8.92",142.5,-6.5,"2025-12-18","Loss"
"208b484df572bf1303182fbb18603617","Western Illinois","Lindenwood",92,76,101.3,108,72.5,"+.087","+1.28","107.6","106.4","+4.08","352",97.9,117.5,65,"-.043","-2.30","105.7","108.0","-2.30",145.5,-12.5,"2025-12-18","Hit"
"6e4944e616da2de618c8adcd51fd36fb","Coastal Carolina","Appalachian St.",67,49,102.6,109.6,63.5,"+.099","-2.07","107.8","109.8","-2.07","224",101.9,107.6,70.6,"+.071","-1.71","106.6","108.3","-1.71",135.5,-4.5,"2025-12-18","Hit"
"34e3dbf2a850c6c1dad1b29bb16a0d08","Pepperdine","Long Beach St.",81,78,105.3,113.3,67.6,"-.083","+2.91","109.9","106.9","+2.19","281",99.5,108.9,67.1,"-.047","-3.42","106.4","109.8","-3.42",141.5,-3.5,"2025-12-18","Hit"
"1ece3bc8d95de3e5f789199737338521","Southeast Missouri","Tennessee Tech",85,74,102.2,110.2,71.1,"-.100","+4.44","110.0","105.6","+4.44","220",103.5,109.1,71.7,"-.031","+5.51","111.2","105.7","+5.51",155.5,2.5,"2025-12-18","Hit"
"96bff55467873c3f0d45a8b0af7a6f25","Southern Utah","Northern Arizona",65,57,101.6,110.5,68,"-.001","+2.17","109.3","107.1","+2.17","317",100.3,114,71.3,"-.038","+6.01","111.3","105.3","+6.01",149.5,-6.5,"2025-12-18","Hit"
"f617e58567654a61115ea598c84d3c8b","Little Rock","Southern Indiana",62,77,97.6,110.7,72.2,"-.037","-1.31","108.0","109.3","-1.31","327",99.1,114.3,67.1,"+.003","+2.13","108.0","105.9","+3.34",142.5,-2.5,"2025-12-18","Loss"
"b7bfb56c16283621c07bbc856f6219e4","Furman","Manhattan",68,75,104.6,118.9,69.8,"+.067","-2.17","104.9","107.1","-1.03","156",109.3,109,68.1,"+.076","+2.40","110.6","108.2","+2.40",153.5,9.5,"2025-12-18","Loss"
"718c0de7abeb97a18143f14cc0c66431","SIUE","Eastern Illinois",76,72,96.9,112.2,66.7,"-.035","+7.88","111.1","103.2","+11.52","228",101.5,107.3,66.5,"+.051","-4.30","105.9","110.2","-4.30",134.5,5.5,"2025-12-18","Hit"
"2f087075a2154edc476709c619c817fe","Winthrop","North Dakota",90,88,96.7,112.9,70.4,"-.013","-2.45","107.3","109.8","-2.45","111",115.7,110,69.8,"-.163","+0.16","107.8","107.6","+0.16",157.5,12.5,"2025-12-18","Hit"
"8bb0006149e0067dd3f4370987f25d3c","Abilene Christian","BYU",85,67,124.4,95.5,70.2,"+.027","+7.51","111.6","104.1","+7.51","219",101.2,106.6,66.6,"+.154","+0.23","106.8","106.5","+0.23",146.5,-33.5,"2025-12-19","Hit"
"e115596e11cc8048edb35a41f4d1e5bd","Cal Poly","UCLA",108,87,119.6,99.6,65.8,"-.019","+2.79","109.2","106.5","-0.76","237",104.7,111.3,76.4,"+.047","+2.09","109.7","107.6","+4.78",160.5,-25.5,"2025-12-19","Hit"
"89d79a60a26de4f88adc631c748262bc","Alcorn St.","Baylor",113,56,123.3,103.9,70.7,"+.027","+5.07","109.4","104.4","+5.07","330",99.5,115,70.3,"-.005","+10.30","112.1","101.8","+10.30",162.5,-35.5,"2025-12-19","Hit"
"be27b8f3cb17e3ae5ba268a0a79e50c3","Florida Atlantic","Saint Mary's",88,75,116,96.7,66.9,"+.029","+4.50","110.0","105.5","+4.50","116",114.6,109.3,68.4,"+.028","+0.57","107.1","106.6","+0.57",143.5,-13.5,"2025-12-19","Hit"
"131f9e16e78369b960bd0aef66e5db10","Southeastern Louisiana","LSU",78,65,118.8,99.7,69.9,"+.064","-1.00","107.7","108.7","-1.00","285",98.8,108.4,67.1,"+.013","-2.25","106.1","108.3","+2.89",143.5,-23.5,"2025-12-19","Hit"
"1924189848cc253ee220ef2a61d0cdfc","Villanova","Wisconsin",76,66,118.7,100.6,71.4,"+.042","+3.46","109.6","106.2","-0.99","34",119.9,100.6,65.1,"+.012","-0.77","109.4","110.1","-0.77",150.5,-5.5,"2025-12-19","Hit"
"e6ca367564dcc26341704f231ff5046d","Seattle","Washington",70,66,117.2,101,68.4,"-.032","+2.69","111.4","108.7","-2.53","117",108.5,103.2,68.6,"-.035","-5.46","106.0","111.5","-5.46",146.5,-7.5,"2025-12-19","Hit"
"f747d59345088120cd915906a60d231b","Eastern Michigan","Akron",93,72,122.4,109.4,72.8,"-.058","-2.17","108.4","110.5","-2.17","212",103.8,108.4,66.8,"+.057","-0.62","107.9","108.5","-0.62",160.5,-16.5,"2025-12-19","Hit"
"762542fd10d47cb9333923f6849ac441","Seton Hall","Providence",67,72,119.4,107,72.9,"-.087","+2.27","109.3","107.1","+0.06","48",111.5,95.4,67,"-.042","-4.58","105.6","110.2","-4.58",153.5,-2.5,"2025-12-19","Loss"
"86e5b02182a7702782a68b86d72b71da","Morgan St.","California",97,50,114,102.6,68.8,"-.011","-5.48","105.3","110.8","-5.48","359",98.3,120.5,69.9,"-.105","-9.17","102.3","111.5","-9.17",152.5,-27.5,"2025-12-19","Hit"
"4cc32441480af4f480a9d8d08f95ec8e","San Diego","UC San Diego",80,82,114.1,103.8,70.5,"+.003","+0.34","108.9","108.5","+0.79","247",105.4,112.4,70.2,"+.006","-3.97","106.2","110.2","-3.97",156.5,-13.5,"2025-12-19","Loss"
"7d33e189dd059c17062677f569c6ab08","Mississippi Valley St.","Florida St.",96,49,110.4,105.3,75.2,"-.061","+2.97","109.0","106.0","+2.97","365",88.6,121.2,68.9,"-.051","+1.95","109.3","107.3","+1.95",157.5,-39.5,"2025-12-19","Hit"
"e6b72da5815e3fa0d99565a802329b6a","Belmont","UC Irvine",58,84,100.9,96.6,70,"-.067","-1.38","106.4","107.8","+1.40","84",113.9,103.7,71.8,"+.044","-5.63","104.2","109.9","-5.40",146.5,-1.5,"2025-12-19","Loss"
"522f9ebe04d617b5d1c08106b89d2e06","North Alabama","Loyola Marymount",91,57,103.1,101.2,67.8,"+.019","-1.91","107.7","109.6","-1.91","234",103.7,110.2,67.4,"+.114","+3.09","109.6","106.5","+3.09",136.5,-9.5,"2025-12-19","Hit"
"74f8b69dc684c3eb26fde3a34a8c8df0","Tulsa","Western Kentucky",81,82,107.7,106.4,72.2,"+.065","+0.58","107.7","107.1","+0.58","73",118.5,106.8,68.7,"+.015","-1.92","105.5","107.5","-1.92",158.5,1.5,"2025-12-19","Loss"
"45d9e550ea1a7b651c60aaec254209c4","South Dakota St.","Milwaukee",88,87,106.1,112.5,70.4,"+.034","+3.73","110.4","106.7","+5.54","184",105.8,108.3,69.3,"-.096","+0.01","105.5","105.5","+0.01",152.5,1.5,"2025-12-19","Hit"
"5e29a9362a797a0c318215e3c5fa9d72","Hampton","Grambling St.",72,81,100.5,108.3,68.6,"+.018","+0.90","107.8","106.9","+0.90","233",103.7,109.9,67.4,"-.041","-5.06","103.6","108.6","-5.06",137.5,2.5,"2025-12-19","Hit"
"9dbf5fefb24f63f6dde1146ba34a9b51","Dartmouth","Sacred Heart",85,63,105.8,115.2,69.6,"-.038","-2.05","107.6","109.6","-0.57","215",105.5,110.3,71.5,"-.056","-5.48","104.5","110.0","-5.48",156.5,-1.5,"2025-12-19","Hit"
"fd94606cf8e091ddc89b5aa2fa6cae9f","Norfolk St.","Jackson St.",72,82,96.4,111.8,70.2,"+.019","+14.33","116.1","101.8","+14.33","256",99,106.3,67.3,"-.077","+5.99","111.5","105.5","+5.99",134.5,6.5,"2025-12-19","Hit"
"219e682db6cb1a953d408eeaf0f5ee80","San Diego St.","Arizona",68,45,124.7,92.1,72.3,"+.043","+5.79","111.5","105.7","+5.79","49",116.9,100.8,69.4,"+.019","+1.20","108.1","106.9","+4.02",123.5,-9.5,"2025-12-20","Hit"
"7c55ab9bfdf4c0bba4192ba0f88d6cb9","Boise St.","Nevada",81,66,113.7,105.2,67.2,"+.084","+2.06","109.0","106.9","+2.06","46",113.4,96.8,68,"+.039","+7.77","111.8","104.0","+7.77",153.5,-11.5,"2025-12-20","Hit"
"809051980e057f7b60788befa8bfb4a3","McNeese","Michigan",NA,NA,126.1,88.2,74.2,"+.035","+9.45","113.5","104.1","+10.86","62",114.4,101.7,68.2,"+.020","+0.39","109.8","109.4","+6.22",160.5,-23.5,"2025-12-29","FALSE"
"14ee0b03ba3c0a46ebcd1073c1546b03","South Dakota St.","Arizona",NA,NA,125.1,91,71.9,"+.026","+4.53","111.5","107.0","+4.53","188",107.8,110.5,69.2,"-.130","-0.65","106.4","107.0","-0.65",157.5,-33.5,"2025-12-29","FALSE"
"beaa153f9448abcd8e80eb5ebfca9eac","Houston Christian","Iowa St.",NA,NA,124.3,90.9,70.6,"+.043","-0.59","108.0","108.6","-0.59","284",105.6,115.2,64.8,"-.044","-3.16","107.5","110.6","-4.11",145.5,-33.5,"2025-12-29","FALSE"
"e6f892cf6b6f0f1af4cfd883dd505b40","Kent St.","Purdue",NA,NA,128.7,96.9,65.6,"+.061","+7.79","113.6","105.8","+8.80","129",112.9,109.8,72.8,"+.009","-5.99","106.3","112.3","-7.08",159.5,-26.5,"2025-12-29","FALSE"
"6358bb295c6b550e8b8e6a26132fdf0f","New Haven","Vanderbilt",NA,NA,125.4,95.6,72,"+.038","+3.99","110.5","106.5","+3.99","348",94.8,113.2,65.4,"-.001","+0.16","106.1","105.9","+0.16",143.5,-39.5,"2025-12-29","FALSE"
"017c1ada1b6b467fba34f86f857c0ae5","Southern","Illinois",NA,NA,127.7,98.2,68.1,"-.048","+9.25","114.2","105.0","+5.86","228",104.4,110.4,72.7,"-.032","+11.61","115.8","104.2","+11.61",163.5,-32.5,"2025-12-29","FALSE"
"f8d66283310b413f1cfd67f9b4a5f7e0","Middle Tennessee","Houston",NA,NA,121.9,93.4,64.8,"+.046","+1.27","109.2","108.0","+1.27","160",108,107.6,67.3,"+.156","+7.70","113.2","105.5","+9.75",135.5,-28.5,"2025-12-29","FALSE"
"9d4d44e57733448c80f45f69c6c99b22","Dartmouth","Florida",NA,NA,121.2,94.4,71.3,"-.118","+8.21","113.1","104.9","+8.21","251",104.3,111.7,71.8,"-.056","-5.99","105.3","111.3","-5.99",159.5,-35.5,"2025-12-29","FALSE"
"913d5a8ea87d3326b92d85223148db6c","Cornell","Michigan St.",NA,NA,118.6,92.5,66.7,"+.006","+5.91","112.9","107.0","+4.02","168",116,116.6,73.3,"-.043","-1.31","108.1","109.4","-1.31",156.5,-26.5,"2025-12-29","FALSE"
"6a80d57f5324e2ba19389f3ed0dd07e5","Yale","Alabama",NA,NA,126.8,102.4,74.9,"+.028","+13.13","115.7","102.6","+13.13","76",121.8,110.7,66.8,"+.090","-1.92","108.7","110.7","-1.92",175.5,-14.5,"2025-12-29","FALSE"
"057e2a67b0c54884de50b1ea16c611b7","UMass Lowell","Iowa",NA,NA,120.9,97.3,64.3,"-.001","-1.60","106.8","108.4","-5.09","307",104.1,116.6,71.1,"-.068","+0.86","107.5","106.6","+0.86",144.5,-34.5,"2025-12-29","FALSE"
"48da62192191e85c9ec85f036c8aa697","LIU","Georgia",NA,NA,121.7,100.1,76.3,"+.002","-6.75","103.9","110.6","-6.75","212",106.5,110.8,71.1,"+.092","-0.50","108.9","109.4","-0.50",176.5,-31.5,"2025-12-29","FALSE"
"7fc9ae000fb61a36b61253e6e69415e7","James Madison","Arkansas",NA,NA,122,101.1,72.4,"-.014","+4.24","111.7","107.4","+4.24","210",110.7,114.9,66.6,"+.045","-3.82","107.0","110.9","-4.78",161.5,-23.5,"2025-12-29","FALSE"
"e2fc9dc3d8e8843558714718fb506809","Queens","Auburn",NA,NA,122.6,104,69.2,"+.068","+10.88","114.2","103.3","+10.88","204",115.5,119.3,69.4,"-.049","+4.15","112.2","108.0","+4.15",171.5,-23.5,"2025-12-29","FALSE"
"c41c49bd5c2fcc6f450f1982c0ca9a44","Southern Miss","LSU",NA,NA,121.1,103.2,69.5,"+.065","-3.73","106.5","110.3","-3.73","191",107.6,110.5,68.3,"-.029","-0.84","108.1","108.9","+1.36",156.5,-19.5,"2025-12-29","FALSE"
"1590f7a83f760a9fbbbc1dfb72a49e9b","Utah","Washington",NA,NA,116,100,69.3,"-.073","+2.33","111.3","109.0","-1.72","123",114,109.9,69.7,"+.033","-2.34","108.0","110.4","-2.34",157.5,-10.5,"2025-12-29","FALSE"
"b2aa7e09240416250b898a5c0461896a","Prairie View A&M","Texas A&M",NA,NA,118.1,102.2,73.1,"-.025","-5.62","106.9","112.5","-5.62","299",102.2,113.7,73.2,"-.046","+7.01","113.4","106.4","+7.01",174.5,-30.5,"2025-12-29","FALSE"
"115cbaa08954e1eb6f28aee5d46c1e12","Mississippi Valley St.","Oklahoma",NA,NA,121.1,105.3,68.1,"-.007","-2.85","106.9","109.8","-2.85","365",89.5,122.5,68.4,"-.034","+4.68","111.2","106.5","+4.68",152.5,-44.5,"2025-12-29","FALSE"
"56134a47e7ba1396f9235e894dcde240","Jackson St.","TCU",NA,NA,111.3,98,68,"-.063","-4.37","105.2","109.6","-4.37","336",97.3,113.3,70.7,"+.001","+12.16","115.3","103.2","+12.16",143.5,-32.5,"2025-12-29","FALSE"
"f5b793a95bc8a99c5842ca93fe8417fa","Alcorn St.","Mississippi",NA,NA,114.4,101.3,66.6,"-.085","+1.36","108.4","107.1","+1.36","334",100,115.8,70.9,"-.002","+12.12","114.6","102.5","+12.12",147.5,-27.5,"2025-12-29","FALSE"
"fb8e97b97be8a421fe8fe31e84fef858","Bethune Cookman","Oklahoma St.",NA,NA,117.2,104.5,74.6,"+.041","-2.09","107.4","109.5","-2.09","262",104.3,112.3,68.2,"-.039","+13.09","115.2","102.1","+13.09",163.5,-19.5,"2025-12-29","FALSE"
"03ea65ce519cb9a5ca30cbe5e72e54d2","Lipscomb","Cincinnati",NA,NA,105.3,93.7,71.2,"-.103","-2.45","106.5","109.0","-2.45","136",108.6,105.9,71.8,"-.001","+3.08","110.0","106.9","+3.08",150.5,-13.5,"2025-12-29","FALSE"
"2bc6747bf549ebc1e3e4cd12da71bfc0","Cal Baptist","Utah Valley",NA,NA,111.4,100.9,70.8,"+.019","+2.28","109.3","107.0","+2.28","127",109.2,106,68.1,"+.130","-3.20","107.1","110.3","-3.20",144.5,-6.5,"2025-12-29","FALSE"
"cf087e956c6d68d29f155f614294fdd1","Alabama St.","Mississippi St.",NA,NA,113.4,103.8,69.9,"+.037","+4.41","110.8","106.4","+4.41","276",106.1,115.2,69.2,"-.037","+7.37","111.4","104.0","+7.37",153.5,-19.5,"2025-12-29","FALSE"
"255eb30176afad41c57333ff20bb4eef","Valparaiso","Northern Iowa",NA,NA,105.6,96.5,64.1,"-.051","-0.91","109.2","110.1","-1.19","206",104.2,108.3,67.3,"-.034","-4.42","106.7","111.1","-5.68",127.5,-10.5,"2025-12-29","FALSE"
"802a40173d2bd0be3b343f1454c216c6","Southern Illinois","Murray St.",NA,NA,117.3,108.6,72.9,"+.014","-2.89","108.3","111.2","-3.40","120",109.2,104.9,71.4,"-.152","+3.02","109.6","106.6","+1.94",167.5,-6.5,"2025-12-29","FALSE"
"f7424a04c66036abb5e2c6274f64fe7c","Fairleigh Dickinson","Minnesota",NA,NA,111.7,103.9,64.5,"-.029","-2.31","108.4","110.7","-7.79","358",100.5,121.8,68.6,"-.061","+1.48","107.9","106.5","+1.48",139.5,-25.5,"2025-12-29","FALSE"
"46d0b71463f8c00199a6bde752155fbe","Campbell","Hofstra",NA,NA,111.4,104.7,67.6,"-.049","+3.66","110.6","107.0","+3.66","221",106.6,111.9,71.8,"+.058","+6.11","111.8","105.7","+6.11",148.5,-8.5,"2025-12-29","FALSE"
"1e93f89e094850071591e4b20ff94624","Evansville","Bradley",NA,NA,108.7,103.7,68.8,"-.007","-3.24","107.2","110.4","-4.18","277",100.6,109.8,69.5,"-.069","+3.40","111.0","107.6","+3.60",140.5,-12.5,"2025-12-29","FALSE"
"845b76c54ada84c38b66d6ebec2035d5","Towson","William & Mary",NA,NA,110.5,106.3,75.5,"+.115","+3.11","109.1","106.0","+3.11","134",107.4,104.6,63.9,"+.084","+4.68","112.5","107.8","+4.68",152.5,-2.5,"2025-12-29","FALSE"
"ae2f309fdf0409a8b5d26fbbbc5f736f","North Carolina Central","Penn St.",NA,NA,113.7,110.3,68.8,"+.109","-3.15","107.1","110.2","-7.39","351",96.3,115.5,67.8,"-.064","+9.42","113.6","104.1","+9.42",150.5,-24.5,"2025-12-29","FALSE"
"ca78993b752767049f77185c33c12341","Illinois St.","Drake",NA,NA,111.3,109.2,66.6,"-.144","-1.92","107.3","109.2","-3.47","89",113.9,104.6,67.8,"+.036","-1.49","108.5","110.0","-1.90",147.5,3.5,"2025-12-29","FALSE"
"62eee5464a49998d7d26aacbf3a65d3c","Oakland","Wright St.",NA,NA,108.2,107,67.6,"-.195","+0.04","109.7","109.6","+1.03","137",115.5,112.9,72.5,"+.072","+11.37","114.1","102.7","+15.92",160.5,-3.5,"2025-12-29","FALSE"
"5c864a01219475720d13e853de740fe0","Marist","Quinnipiac",NA,NA,106.9,106.3,72.1,"+.139","-0.96","107.7","108.6","+1.00","151",101.8,100.9,68.1,"-.070","-8.90","103.1","112.0","-6.36",145.5,-3.5,"2025-12-29","FALSE"
"e0c63ee0957bb60f59dcc1aa3b9df4a1","Northeastern","Elon",NA,NA,115.1,114.5,68.3,"-.031","-1.52","107.9","109.4","-1.52","208",105.8,109.9,69.9,"-.053","+0.28","109.1","108.9","+0.28",153.5,-5.5,"2025-12-29","FALSE"
"a7391f1bc83b4942db67350462a03eb5","Delaware St.","Rutgers",NA,NA,107.2,106.8,67,"+.075","+0.90","107.7","106.8","-5.19","355",92.7,113.1,68.1,"+.025","-2.44","106.5","108.9","-2.44",133.5,-20.5,"2025-12-29","FALSE"
"e751f59f24a05de7143a8200e7f88e40","Detroit Mercy","Youngstown St.",NA,NA,106.2,106,68.2,"-.026","-2.03","108.5","110.5","-0.73","295",103.8,114.5,69.3,"+.007","-0.19","109.0","109.2","+5.10",147.5,-11.5,"2025-12-29","FALSE"
"1efaebd00630c87414117cb14fd0232c","Tarleton St.","UT Arlington",NA,NA,103.1,103.1,66.6,"+.105","+0.86","108.6","107.8","+0.86","183",106,108.2,71,"+.068","+1.54","108.5","107.0","+1.54",138.5,-2.5,"2025-12-29","FALSE"
"6ac7d417502f96b677f7824a0530f6bb","Northern Kentucky","Robert Morris",NA,NA,108,109.7,66.4,"+.131","-4.03","107.3","111.3","-4.40","209",105.8,110,71.1,"+.034","-5.13","108.7","113.8","-4.47",147.5,-2.5,"2025-12-29","FALSE"
"0738c3a355f7705887e73b0bf17ff71f","New Orleans","UT Rio Grande Valley",NA,NA,106.2,108.1,69.7,"-.075","+5.05","110.0","104.9","+6.32","220",107.8,113.1,71.1,"+.001","+10.43","114.0","103.6","+14.73",153.5,-4.5,"2025-12-29","FALSE"
"6c648f6589a3e25ef6759efef6c8f59d","Drexel","Charleston",NA,NA,108.8,110.7,68.2,"+.025","-0.94","109.3","110.2","-0.94","288",103.2,113.3,66.5,"-.061","-9.89","101.9","111.7","-9.89",147.5,-8.5,"2025-12-29","FALSE"
"01a77567d3f5e9cd1c8db18050c0465d","UTEP","Louisiana Tech",NA,NA,101.5,104.1,64.9,"-.036","-6.58","104.3","110.9","-6.58","217",102.5,107.4,66.6,"-.079","+4.88","108.8","103.9","+4.88",130.5,-2.5,"2025-12-29","FALSE"
"7cbecb420cf7e1588218463a1a59c648","Belmont","Indiana St.",NA,NA,103.8,107.5,70.6,"+.004","-2.36","105.6","108.0","-4.83","64",115.9,103.5,71.6,"+.033","-4.60","105.0","109.6","-4.16",156.5,7.5,"2025-12-29","FALSE"
"5d8d9001d64592968e5a7aa160c5c78d","Purdue Fort Wayne","Milwaukee",NA,NA,109,114.5,69.7,"+.099","+0.84","110.0","109.2","+3.97","205",108.9,112.8,70.2,"+.103","+3.28","111.0","107.7","+7.47",156.5,-1.5,"2025-12-29","FALSE"
"6505adb917d7907b2d7425eb1b3c5874","Nicholls","Texas A&M Corpus Chris",NA,NA,101.1,106.7,67.8,"-.017","+12.63","114.2","101.6","+16.80","235",104.7,111.1,70.2,"-.034","+6.03","112.5","106.5","+10.10",136.5,-5.5,"2025-12-29","FALSE"
"ba9a703468344f618bd8ce54c1aead49","Southern Utah","Utah Tech",NA,NA,105,111.4,67.1,"+.078","+3.03","110.1","107.1","+3.03","321",99.8,114.1,70.8,"-.054","+4.19","110.9","106.8","+4.19",147.5,-7.5,"2025-12-29","FALSE"
"b4ac13e7fce703ac562b09f99d4bfe0b","Western Kentucky","Jacksonville St.",NA,NA,102.1,108.8,65.3,"-.050","-5.26","105.3","110.6","-5.26","147",108.9,107.4,72.1,"+.004","+1.10","109.3","108.2","+1.10",144.5,3.5,"2025-12-29","FALSE"
"7fd335eccbd60dadb940c88594f2611f","Stony Brook","Hampton",NA,NA,104.4,111.9,67.4,"-.059","-5.56","104.4","110.0","-5.56","244",103.1,110,67.5,"+.096","-3.23","105.6","108.9","-3.23",141.5,-1.5,"2025-12-29","FALSE"
"ed1e09046ef4d05fea0b2824cd175bff","Missouri St.","Delaware",NA,NA,103.5,112.1,66.3,"+.023","-5.10","105.3","110.4","-5.10","268",102,110.7,65.5,"+.115","-1.96","107.2","109.2","-1.96",134.5,-1.5,"2025-12-29","FALSE"
"46d3c15b763566a322f29688597a728a","Saint Peter's","Fairfield",NA,NA,105.2,114.2,68.6,"+.105","-7.89","103.7","111.6","-8.26","297",100.2,111.4,66.2,"+.028","-7.46","104.1","111.5","-0.91",138.5,-2.5,"2025-12-29","FALSE"
"2e9effd6496ebc7993ea49b274fd9fb2","Merrimack","Sacred Heart",NA,NA,105,114,69.8,"-.030","-2.49","107.7","110.2","-1.44","271",102.2,111.1,65.4,"+.125","-1.18","107.8","109.0","+2.18",140.5,-2.5,"2025-12-29","FALSE"
"b0eefca5759cdcc51b709f0155fb4833","Lamar","Northwestern St.",NA,NA,107,117.4,66.5,"-.048","+8.57","111.2","102.7","+9.02","256",101,108.7,68,"-.017","-3.16","106.4","109.5","-1.06",139.5,2.5,"2025-12-29","FALSE"
"5eee7dd465add29cd65ff36d67c2b092","Stephen F. Austin","East Texas A&M",NA,NA,100.9,111.8,71.4,"+.133","+4.88","109.6","104.7","+4.32","139",108.4,105.9,67.5,"-.060","-5.21","104.1","109.4","-4.12",145.5,5.5,"2025-12-29","FALSE"
"861fd01c14b6ae3c432544f6f1cc9148","Iona","Mount St. Mary's",NA,NA,100.4,112.3,69.7,"-.004","-1.39","106.3","107.7","-0.71","171",108.4,109.4,72.6,"+.141","-3.19","107.1","110.3","-2.96",155.5,4.5,"2025-12-29","FALSE"
"a04a015c8ffd6f02417254c260ac317e","UNC Wilmington","North Carolina A&T",NA,NA,100.3,112.8,71.3,"+.077","-9.34","103.5","112.8","-9.34","116",113.5,108.4,65.2,"+.008","-8.80","102.3","111.1","-8.80",143.5,10.5,"2025-12-29","FALSE"
"1ca5e6b2120ffd5451b12f3644d00470","IU Indy","Cleveland St.",NA,NA,105.1,120.8,70.4,"-.025","+0.67","110.6","109.9","+4.37","339",103.7,120.8,77.9,"+.036","-2.24","107.1","109.3","+0.35",175.5,-1.5,"2025-12-29","FALSE"
"176752b6324edc7f1943b8c3cad8e17b","Manhattan","Rider",NA,NA,93.7,112.4,67.3,"-.083","+6.84","111.9","105.0","+9.41","313",105.8,119.2,70.5,"+.072","-3.29","105.4","108.7","-3.08",146.5,1.5,"2025-12-29","FALSE"
"dc4398dfe27bf85542c0a2ef2b0429e3","UMBC","Coppin St.",NA,NA,93.1,122.3,70.5,"+.031","+2.60","109.8","107.2","+2.60","290",104.4,114.7,67.9,"+.052","-3.93","106.6","110.6","-3.93",149.5,11.5,"2025-12-29","FALSE"
"95630b352573eab5a7cad917cc9d930e","Florida St.","North Carolina",NA,NA,119.4,97.1,68.3,"+.084","+0.17","108.0","107.8","+0.17","110",112.1,106.1,75,"-.055","-2.21","107.0","109.3","-2.21",161.5,-13.5,"2025-12-30","FALSE"
"7740830713f410c43edf60e8c363ae90","New Hampshire","Nebraska",NA,NA,120.3,98.2,69.6,"+.076","+1.46","110.6","109.1","-2.72","331",96.1,111.6,68.9,"-.009","+2.42","110.0","107.6","+2.42",144.5,-30.5,"2025-12-30","FALSE"
"55d86f709f217d486954985fbcd0e30b","Pittsburgh","Miami FL",NA,NA,117.7,98.8,71.4,"-.018","-7.06","105.9","113.0","-7.06","91",114.5,105.3,65.1,"-.068","+0.99","109.3","108.4","+0.99",146.5,-10.5,"2025-12-30","FALSE"
"754c5dea3a0ec212b94b0db06dbd4e87","Milwaukee","Wisconsin",NA,NA,118.4,101.5,71,"+.006","+2.60","110.3","107.7","-1.27","201",109.1,112.7,69.6,"+.078","-0.18","109.7","109.9","+4.24",156.5,-20.5,"2025-12-30","FALSE"
"eade6e24501de36f3117f74d9a3f9480","Butler","Creighton",NA,NA,117.3,100.4,67.9,"-.022","+5.22","112.0","106.8","+4.82","50",117.5,101.8,70.9,"+.018","+1.25","109.4","108.2","-2.67",152.5,-4.5,"2025-12-30","FALSE"
"ae4e1fd173d7643bf07431c1aeba51fa","New Mexico","Boise St.",NA,NA,114.1,99.2,67.7,"+.054","+8.83","113.5","104.6","+7.96","67",113.9,101.7,70.4,"+.029","+0.12","109.0","108.8","+1.19",147.5,-5.5,"2025-12-30","FALSE"
"7456fe3413efa756361a3924bdfce6e5","Howard","Northwestern",NA,NA,117.2,103.3,68.2,"-.127","+2.73","110.9","108.2","-1.42","268",101.1,109.6,69.3,"+.130","-5.83","105.1","110.9","-5.83",146.5,-20.5,"2025-12-30","FALSE"
"f9e419c93ba5daa9b39f2651b732009f","Louisville","California",NA,NA,114.7,101.8,68.6,"+.029","-6.91","105.7","112.7","-6.91","13",125.8,99.6,72.1,"+.010","+1.76","108.0","106.2","+1.76",160.5,7.5,"2025-12-30","FALSE"
"b3690adfa9d9246dfc87e9269b93f34d","Nevada","Colorado St.",NA,NA,122.3,111.1,63.6,"+.080","-0.45","110.8","111.2","-2.67","79",116.3,105.7,66.9,"+.078","+3.45","110.4","107.0","+2.82",144.5,-3.5,"2025-12-30","FALSE"
"3c294a030f08eabd427672a7131b7179","Notre Dame","Stanford",NA,NA,113.9,103.9,71,"+.020","-2.47","106.4","108.8","-2.47","65",114.8,102.5,66.8,"-.038","-0.02","108.6","108.6","-0.02",145.5,-5.5,"2025-12-30","FALSE"
"26bd67effab3df7c2c7d0f304b9b1d04","Albany","South Carolina",NA,NA,112.8,103.6,67.6,"-.123","-7.87","104.8","112.7","-7.87","305",103.8,116.2,68.7,"-.050","+3.93","111.1","107.2","+3.93",148.5,-20.5,"2025-12-30","FALSE"
"2d2181267b0321ca06a96aa49ab5f58c","Miami OH","Bowling Green",NA,NA,108.2,101.5,69.2,"-.077","-4.76","106.7","111.4","-5.59","112",114.4,109,71.8,"+.069","-10.54","101.9","112.4","-10.75",153.5,-4.5,"2025-12-30","FALSE"
"071c3dd1c2bd9e92a6b27602f683704d","Seton Hall","Marquette",NA,NA,109.7,104.5,71.5,"-.110","+3.75","111.0","107.2","+1.70","48",111.1,95.3,67,"-.030","-1.05","108.4","109.5","-4.90",141.5,2.5,"2025-12-30","FALSE"
"243efc5a643b63ba2542958aa310d13b","Washington St.","Seattle",NA,NA,106.1,100.9,70,"+.007","-2.81","108.2","111.0","-3.49","152",109.8,108.9,68.5,"-.068","+3.22","110.4","107.2","+3.74",141.5,-4.5,"2025-12-30","FALSE"
"b063602c0775740442ea9993d49c5a59","Pacific","Loyola Marymount",NA,NA,106.6,102.6,67.5,"-.039","-3.62","107.5","111.2","-5.15","138",108.6,106.2,66.8,"+.043","-0.54","108.6","109.1","-0.63",139.5,-5.5,"2025-12-30","FALSE"
"d5e774798e28f17f153fbc43352c4001","Duquesne","Davidson",NA,NA,110.8,107,66.8,"+.074","-0.50","107.9","108.4","-0.50","129",110.7,107.6,73,"-.071","-5.55","106.5","112.1","-5.55",152.5,-3.5,"2025-12-30","FALSE"
"ec570957764b7c8be9aea9d77fe2f658","Western Michigan","Toledo",NA,NA,114,114,70.4,"-.044","+2.10","109.7","107.6","+2.10","277",106.2,115.4,69.8,"+.076","-3.45","106.3","109.7","-3.00",162.5,-10.5,"2025-12-30","FALSE"
"83a072b624798f8d008aef730ffbd1e1","Southeastern Louisiana","Incarnate Word",NA,NA,112.8,113.1,66.7,"-.073","+5.43","111.9","106.5","+7.48","274",100.6,109.7,66.7,"+.014","+0.18","108.3","108.1","+6.08",139.5,-8.5,"2025-12-30","FALSE"
"d9a19c07bfd63c1d31ca93c22bac9a53","Utah St.","Fresno St.",NA,NA,107.2,108.4,69.3,"-.062","-1.87","107.8","109.7","-2.89","31",120,99.5,69.8,"+.080","+2.21","111.2","109.0","+1.74",153.5,14.5,"2025-12-30","FALSE"
"c0b6e14085e7e3f459e566e22858c4f7","Temple","Charlotte",NA,NA,110.3,112.8,64,"-.077","-1.81","107.3","109.1","-1.81","155",114.4,113.7,66.9,"+.009","-3.66","104.7","108.4","-3.66",142.5,-1.5,"2025-12-30","FALSE"
"2ec1821ab9a2c74ea4f046e3523bd01a","San Francisco","Oregon St.",NA,NA,108.2,111,66.4,"+.055","-1.77","107.4","109.1","-2.61","94",113.6,104.7,66.6,"-.035","+1.91","109.5","107.6","+0.97",142.5,4.5,"2025-12-30","FALSE"
"102671e5d33777780d1e15b1ef4403a0","San Diego St.","San Jose St.",NA,NA,108.9,112.1,65.9,"-.005","+2.39","110.6","108.2","+0.73","51",116.2,100.8,68.6,"+.019","+4.65","111.0","106.3","+7.74",143.5,10.5,"2025-12-30","FALSE"
"1503d6b383af350f728c2f16f8c73b86","Massachusetts","Eastern Michigan",NA,NA,104.7,108.8,67.1,"+.014","+3.28","110.9","107.6","+1.28","173",104.3,105.7,73,"-.029","-7.16","105.8","112.9","-7.76",147.5,-1.5,"2025-12-30","FALSE"
"f6fd27e3a3eaaeb7e157848a4eaa4b1e","Gonzaga","San Diego",NA,NA,106.4,111.1,69.9,"+.057","-0.69","108.8","109.5","-0.49","3",126.8,93.3,71.6,"+.084","+7.63","113.9","106.2","+8.86",162.5,28.5,"2025-12-30","FALSE"
"794895ddfbd438baca0626aa24c7dd7e","Santa Clara","Portland",NA,NA,103,109.3,71.3,"+.040","-1.12","109.5","110.6","-0.82","58",117.4,104.2,70.5,"-.019","+3.04","109.9","106.8","+3.15",155.5,12.5,"2025-12-30","FALSE"
"29fe9bff796f9f54eb1f83d0e468ebf8","Saint Mary's","Pepperdine",NA,NA,101.8,109.1,67.9,"-.089","-1.47","108.5","109.9","-3.42","33",118.2,99.2,67.6,"+.067","+4.52","110.2","105.7","+4.08",140.5,19.5,"2025-12-30","FALSE"
"9bb6492f476cbc857ff057bc6cfeae87","Vermont","Princeton",NA,NA,100.8,108.9,67.1,"-.119","+0.02","109.7","109.7","+0.02","187",111.8,114.3,66.7,"+.018","-1.24","107.9","109.1","-1.24",138.5,1.5,"2025-12-30","FALSE"
"550bd9f2ee315237b88921c3c3548b30","Tennessee St.","Tennessee Tech",NA,NA,103.4,113.1,70.5,"-.048","+0.83","109.1","108.3","+4.17","250",101.7,108.8,72.4,"+.147","+1.96","109.5","107.5","+5.60",151.5,-2.5,"2025-12-30","FALSE"
"ce08bcd11b13e014db95980f103654ab","Wyoming","Air Force",NA,NA,98.2,113.1,65.2,"+.017","-4.31","106.7","111.0","-6.20","98",113.3,105.5,69.9,"-.042","-5.10","106.5","111.6","-6.11",144.5,12.5,"2025-12-30","FALSE"
"11f249a37c582f3954c01f392ffc53bc","Ohio","Central Michigan",NA,NA,102.8,117.8,66.8,"-.084","-0.54","107.9","108.5","+0.58","205",107.3,111,70.1,"+.014","+3.09","109.6","106.5","+3.25",150.5,5.5,"2025-12-30","FALSE"
"0b6db8dfea9cbf934dd1546b2b54752c","East Tennessee St.","The Citadel",NA,NA,100.2,121.3,66.6,"-.056","-1.22","107.8","109.0","-1.22","133",112.3,109.4,68.2,"-.089","-5.06","104.4","109.5","-5.06",145.5,11.5,"2025-12-30","FALSE"
"d6800ceaf5c33e0b0b8011a0ce4d7d53","Georgia Tech","Duke",NA,NA,123.9,92.4,69.3,"+.036","+5.40","110.8","105.4","+5.40","134",107.3,104.4,71.4,"+.019","-8.88","102.8","111.7","-8.88",152.5,-26.5,"2025-12-31","FALSE"
"81014deeedb536bf1dfe6bb0a10b5635","DePaul","Villanova",NA,NA,120.8,98.8,64.4,"+.037","+3.85","111.5","107.7","+1.98","119",107.3,102.8,69,"+.018","-4.81","106.2","111.0","-10.40",137.5,-13.5,"2025-12-31","FALSE"
"c6188c6778296e7627078dbba7039da3","Wake Forest","N.C. State",NA,NA,121.6,100.4,71.2,"-.090","+5.02","111.1","106.1","+5.02","59",114.3,101.2,71.2,"+.022","+0.68","110.0","109.3","+0.68",159.5,-9.5,"2025-12-31","FALSE"
"5bf2c866e860bcecb305970862ceae89","Saint Joseph's","Saint Louis",NA,NA,117.9,100.1,73.7,"+.012","-5.71","104.9","110.6","-5.71","194",103.3,106.5,69.6,"+.058","-6.34","104.6","110.9","-6.34",156.5,-20.5,"2025-12-31","FALSE"
"41cd7614f5c0d4a407c1fd4b8338a412","St. Bonaventure","VCU",NA,NA,118.2,101.3,71,"-.121","-2.99","106.8","109.8","-2.99","116",112.4,107.4,68.1,"+.068","-3.69","106.2","109.9","-3.69",153.5,-10.5,"2025-12-31","FALSE"
"77475c70747fbbf8022e56a952860ae4","Fordham","Dayton",NA,NA,112.5,100,69.6,"-.033","-0.73","108.5","109.2","-0.73","199",104.2,107.5,65.4,"-.108","-15.43","100.6","116.0","-15.43",137.5,-15.5,"2025-12-31","FALSE"
"dcaa5df8fef010a6fba05e35b89d499c","Virginia","Virginia Tech",NA,NA,115.4,103.2,69.6,"+.104","-0.45","109.4","109.9","-0.45","23",124.3,102.2,67.7,"-.001","-3.83","106.7","110.5","-3.83",153.5,4.5,"2025-12-31","FALSE"
"3b9eb223b3b8ee537a8ef213708dd402","North Texas","Memphis",NA,NA,110.9,98.9,70.5,"-.082","+11.12","115.7","104.6","+11.12","137",103,100.5,65.8,"+.096","-2.92","107.9","110.8","-2.92",134.5,-10.5,"2025-12-31","FALSE"
"bc82b18c38e4110179bc67662b0608f3","Clemson","Syracuse",NA,NA,112.8,101.9,68.5,"+.004","-4.38","104.6","109.0","-4.38","35",118.6,99.5,65.8,"-.009","+1.67","108.8","107.1","+1.67",141.5,1.5,"2025-12-31","FALSE"
"7fd673c3222a3439d30b66fe7bc95ec6","Rice","Tulsa",NA,NA,118.7,108.1,69.6,"+.067","-2.26","107.0","109.3","-2.26","238",105.4,111.7,67.3,"+.020","-1.32","107.4","108.7","-1.32",151.5,-12.5,"2025-12-31","FALSE"
"6c049e001e802beedfb0f71b99235de2","Connecticut","Xavier",NA,NA,111.7,104.1,71.3,"+.132","+2.09","108.2","106.1","-0.51","7",121.4,91.3,66.5,"+.061","+8.37","112.4","104.1","+7.66",144.5,12.5,"2025-12-31","FALSE"
"5d2a78e6a7b982c2915030b09fa717be","St. John's","Georgetown",NA,NA,113.4,106.1,68.8,"+.022","-2.18","107.0","109.2","-5.22","20",119.9,96.9,71.7,"-.094","+7.62","112.9","105.3","+8.63",153.5,8.5,"2025-12-31","FALSE"
"f9abab16daff285a9e2c9128deeb8079","Wichita St.","UAB",NA,NA,113,106.3,70.3,"-.018","-4.09","107.1","111.2","-4.09","93",113.2,104.2,66.5,"-.155","-1.87","107.6","109.4","-1.87",150.5,-3.5,"2025-12-31","FALSE"
"7a0f17dc0b1df9c0ae4e6948a34c0687","Loyola Chicago","Rhode Island",NA,NA,110.5,104.2,67.6,"-.006","-4.50","107.2","111.7","-4.50","297",106.7,117.9,66.4,"+.075","-5.05","105.9","110.9","-5.05",148.5,-10.5,"2025-12-31","FALSE"
"b209398f4435643cfa49af9597a17ec9","George Washington","Richmond",NA,NA,110.5,104.5,70.3,"-.041","-7.14","105.7","112.8","-7.14","81",118.2,107.7,71.6,"-.077","-2.54","106.8","109.4","-2.54",161.5,2.5,"2025-12-31","FALSE"
"fd62479b6651a22b9e43c7a7854fc878","UTSA","Florida Atlantic",NA,NA,114.3,108.5,70.1,"-.034","+4.03","110.9","106.9","+4.03","285",99.9,109.6,70.5,"+.012","+2.10","110.4","108.3","+2.10",154.5,-15.5,"2025-12-31","FALSE"
"0f44106ef68d6b430ff16348f353179a","Stony Brook","William & Mary",NA,NA,111.2,106.1,75.7,"+.116","+2.39","108.7","106.3","+3.03","248",102.2,109.2,67.5,"+.055","-3.35","105.6","109.0","-3.44",155.5,-10.5,"2025-12-31","FALSE"
"75f5866a019b86e7264f355bd306321b","Drexel","UNC Wilmington",NA,NA,113.6,108.5,66,"+.017","-8.74","102.2","111.0","-8.84","289",103.2,113.4,66.5,"-.076","-8.73","102.5","111.3","-9.78",139.5,-12.5,"2025-12-31","FALSE"
"d3fcbbb102c780cc3a4cc3c30d5ffab4","Mercer","Furman",NA,NA,109.6,108.8,68.8,"+.119","+0.67","110.4","109.7","+0.67","162",109.1,109.3,71.4,"+.061","+5.31","112.4","107.1","+5.31",153.5,-4.5,"2025-12-31","FALSE"
"e82c35ac959c4b3da8e26e3b4f3c94ac","South Dakota","North Dakota St.",NA,NA,108.9,108.1,69.6,"-.037","-1.20","107.1","108.3","-1.20","281",107,116.6,72.6,"+.042","-3.75","106.5","110.2","-3.75",163.5,-11.5,"2025-12-31","FALSE"
"b0b11797ce52887ce8bc5a646496d86a","Georgia St.","Marshall",NA,NA,108.8,108.4,70.3,"+.042","-0.33","109.1","109.4","-1.13","327",97.4,112.7,70.4,"+.006","+1.28","108.3","107.0","+1.86",150.5,-12.5,"2025-12-31","FALSE"
"9cc018d40a32673ecd1d80a809a0d250","Nicholls","UT Rio Grande Valley",NA,NA,105.6,109.2,69.7,"-.073","+3.90","109.4","105.5","+6.54","222",106.3,111.7,69.8,"+.002","+5.37","111.7","106.3","+10.28",147.5,-3.5,"2025-12-31","FALSE"
"2b6f60be34bfd44f40db33cfb70686ee","Tulane","East Carolina",NA,NA,99.3,108.6,71.2,"+.027","-2.24","107.4","109.6","-2.24","195",109.2,112.4,67.1,"+.239","-3.58","105.9","109.5","-3.58",144.5,1.5,"2025-12-31","FALSE"
"64278b4db34b0fc991d7e6ff5c878479","Wofford","Western Carolina",NA,NA,102.8,112.4,71.9,"+.063","+9.56","112.9","103.3","+9.56","225",106,111.6,68.7,"+.118","-2.51","109.5","112.0","-2.51",153.5,1.5,"2025-12-31","FALSE"
"ff30efc1e4cdb4f1a30e7b1c80c91d49","South Alabama","Louisiana",NA,NA,95.7,109.3,63.9,"-.023","-1.81","106.7","108.5","-0.88","193",106.2,109.3,66.5,"+.117","-5.01","105.2","110.2","-4.05",126.5,3.5,"2025-12-31","FALSE"
"09537630675631cfb75d2e1c60feca3c","Texas St.","Troy",NA,NA,109,106.6,68.7,"+.070","+3.51","111.0","107.5","+4.52","259",101.9,109.5,67.3,"+.081","-6.81","103.7","110.5","-7.31",143.5,-8.5,"2025-12-31","FALSE"
"b5ddc1e59f95f2c7350ade7e459d8109","Charleston","Elon",NA,NA,116.7,115.6,68.7,"-.012","-2.34","107.5","109.9","-1.52","180",108.6,110.7,68,"+.042","-2.51","108.3","110.9","-1.29",156.5,-3.5,"2025-12-31","FALSE"
"9bff627faf0690b6166e0a221c3eb017","Boston University","Navy",NA,NA,104.3,107.8,68.5,"-.012","-8.53","103.3","111.9","-8.53","293",109.5,120.2,63.9,"+.020","-3.71","105.7","109.4","-3.71",138.5,-5.5,"2025-12-31","FALSE"
"564eb1224ac63d9da87ecc9ce2361459","NJIT","Penn",NA,NA,108,113,71.2,"+.049","-0.46","108.1","108.5","-0.46","354",92.9,112.9,69.7,"+.095","-1.07","107.9","108.9","-1.07",148.5,-14.5,"2025-12-31","FALSE"
"f5f49ac42f8970699770a9b0c8220d67","Appalachian St.","Old Dominion",NA,NA,105,110.4,69.6,"-.107","+4.53","111.2","106.7","+7.56","248",102.2,109.3,63.8,"+.064","-4.75","106.5","111.2","-2.36",136.5,-2.5,"2025-12-31","FALSE"
"6dc8656c59eb8feae81aba0679b20351","New Orleans","Texas A&M Corpus Chris",NA,NA,102,108.1,67.3,"-.038","+10.66","113.2","102.5","+17.22","190",109.2,112.1,71.1,"+.013","+9.75","113.5","103.8","+15.17",144.5,-4.5,"2025-12-31","FALSE"
"713569db1bf44d2dd9f823d6977122be","Campbell","Monmouth",NA,NA,105.3,111.4,68.3,"-.006","-4.12","105.1","109.2","-4.12","228",107.1,112.9,71.7,"+.042","+6.65","111.9","105.3","+5.95",152.5,-1.5,"2025-12-31","FALSE"
"7b9800ebf94f36a7dc45a6e4e5559630","High Point","UNC Asheville",NA,NA,104.4,111.5,67.1,"-.031","+0.21","109.2","109.0","+0.21","94",118.9,110.2,71,"-.041","-9.28","102.6","111.9","-9.28",154.5,10.5,"2025-12-31","FALSE"
"216d6b3f8dd44ee612fe96dbc366ecc5","Loyola MD","American",NA,NA,105.1,112.4,70,"+.058","-1.26","107.6","108.9","-1.26","328",104.2,119.5,69.5,"-.083","-5.89","104.4","110.3","-5.89",156.5,-8.5,"2025-12-31","FALSE"
"7f980827bf4a4620a82711af8a5c34f8","Towson","Hampton",NA,NA,103.7,111.2,67.5,"-.016","-6.14","103.9","110.1","-5.50","144",107,105.2,63.9,"+.062","+5.15","112.8","107.6","+4.49",135.5,5.5,"2025-12-31","FALSE"
"64ee4a13883da093a18e77ac3d0574c8","George Mason","La Salle",NA,NA,102.2,110.1,65.9,"-.081","+1.63","110.5","108.9","+1.63","87",113.6,103.8,66.7,"+.033","-7.54","106.5","114.0","-7.54",137.5,9.5,"2025-12-31","FALSE"
"8088a75e7ffad28df95a40d6e5605e0d","Radford","USC Upstate",NA,NA,102.8,110.7,69.5,"+.026","-2.14","106.4","108.6","-2.14","252",106.6,113.9,73.5,"-.089","-4.80","106.9","111.7","-4.80",159.5,1.5,"2025-12-31","FALSE"
"b86981c1bb26cd418689d7b92fb49421","Kansas City","Denver",NA,NA,113.2,121.6,69.5,"+.091","+7.05","112.9","105.8","+7.05","337",95.9,112.5,70.9,"-.024","+5.08","112.3","107.2","+5.08",157.5,-10.5,"2025-12-31","FALSE"
"d3d304c62077a7f576ad925770bc3be5","Winthrop","Longwood",NA,NA,102.4,114.7,71.1,"+.069","-9.53","102.6","112.2","-9.53","129",116,112.6,69.7,"-.135","+0.73","109.1","108.4","+0.73",163.5,8.5,"2025-12-31","FALSE"
"831aa98d8108541ec02827cfc575e318","Stephen F. Austin","Northwestern St.",NA,NA,105.7,118.1,66.6,"-.045","+6.12","109.7","103.6","+8.57","123",108.7,104.5,67.3,"-.050","-5.75","103.8","109.6","-4.08",141.5,8.5,"2025-12-31","FALSE"
"90eb0057ecc38d36617023bdbf97ba0a","Northeastern","North Carolina A&T",NA,NA,100.2,112.8,72.3,"+.044","-8.38","104.4","112.8","-9.62","213",106.8,111.5,70.4,"-.057","+0.84","109.9","109.1","+0.29",155.5,3.5,"2025-12-31","FALSE"
"236630823a1d721d6706b6020eb229d3","Lamar","East Texas A&M",NA,NA,99.5,112.3,71,"+.126","+4.06","108.9","104.8","+4.31","237",101.2,107.5,68.2,"-.025","-3.99","106.6","110.6","-1.09",142.5,3.5,"2025-12-31","FALSE"
"9ee9475ae10c5582bd2f9b3d5e849b30","Army","Lehigh",NA,NA,100.5,113.6,68.5,"-.038","-1.02","106.9","107.9","-1.02","334",99.9,115.9,67.9,"+.090","-3.62","107.6","111.2","-3.62",142.5,-3.5,"2025-12-31","FALSE"
"e5ff3531ddf89a08fe2d4ac3e4c8ec28","Buffalo","Northern Illinois",NA,NA,103.3,117.1,68.9,"+.024","+0.90","108.3","107.4","+3.35","179",111.7,113.8,67.4,"+.034","-6.93","105.1","112.1","-7.25",152.5,6.5,"2025-12-31","FALSE"
"f509883ad5bd27ef6a55e230f7ffdfeb","Colgate","Lafayette",NA,NA,101.6,116.3,68.4,"-.083","-3.27","107.0","110.2","-3.27","186",108.1,110.6,67.6,"+.035","+4.34","111.4","107.0","+4.34",146.5,7.5,"2025-12-31","FALSE"
"f1a940980257762ec607a9fe01388d0c","Bucknell","Holy Cross",NA,NA,101.5,117,65.9,"+.037","+0.79","108.9","108.1","+0.79","303",99.9,112.2,67.7,"-.032","+1.95","110.0","108.0","+1.95",137.5,-1.5,"2025-12-31","FALSE"
"f9c496913862b934a3f6519ce7fa6e9f","Charleston Southern","Gardner Webb",NA,NA,96.8,119.9,72.5,"-.018","+5.13","111.8","106.7","+5.13","220",104.9,110.1,71.8,"-.041","-4.84","106.1","110.9","-4.84",162.5,10.5,"2025-12-31","FALSE"
"ddf162705cef4c1b517ea7768fbd0f76","Bradley","Belmont",NA,NA,115.2,103.4,71.4,"-.012","-4.09","105.1","109.2","-4.27","122",108.4,103.9,69,"+.009","-4.19","106.2","110.4","-4.40",151.5,-4.5,"2026-01-01","FALSE"
"2a1cb22fbdf06a270e9d429eefa3e6d8","Evansville","Illinois St.",NA,NA,113.8,103,67.9,"+.038","-0.59","108.6","109.2","-1.72","269",101,109.7,69.7,"-.079","+3.95","110.5","106.5","+3.79",144.5,-14.5,"2026-01-01","FALSE"
"e343557fd64448ffbb6e8f34c27af1ae","Indiana St.","Northern Iowa",NA,NA,105.1,95.6,63.8,"-.046","-1.41","108.4","109.8","-0.89","190",104.2,106.9,70.2,"+.045","-0.96","106.2","107.1","-4.44",132.5,-9.5,"2026-01-01","FALSE"
"aa0e9b345aa7109c1c490f8ad2a4fb22","Valparaiso","Southern Illinois",NA,NA,109.2,104.6,71.6,"-.175","+4.07","110.2","106.1","+1.84","203",103.7,107.4,67,"-.052","-2.28","106.9","109.2","-5.24",146.5,-8.5,"2026-01-01","FALSE"
"bb437f5af9d1e2e9eda3c362e3aa591e","Milwaukee","Wright St.",NA,NA,108.5,106.2,67.5,"-.167","-0.37","109.7","110.1","+1.08","201",107.8,111.4,69.8,"+.068","+1.93","110.5","108.5","+6.76",149.5,-5.5,"2026-01-01","FALSE"
"a69e4eadb6175ba9739853cd0f7e6140","Jacksonville","Lipscomb",NA,NA,107.9,106.6,72,"-.005","+4.36","109.8","105.4","+4.36","315",100.2,113.9,65.6,"+.135","+3.87","110.9","107.0","+3.87",146.5,-12.5,"2026-01-01","FALSE"
"a8e6d9b5ccd524e26cbd93c62b144de7","CSUN","UC Davis",NA,NA,108.8,109.2,70.1,"+.033","+3.23","108.8","105.5","+2.09","208",108.6,112.4,74.4,"+.076","-1.04","106.0","107.0","-0.39",161.5,-3.5,"2026-01-01","FALSE"
"2281c87721e672f9c3da10bdcd217670","Sacramento St.","Idaho St.",NA,NA,109.9,110.5,64.5,"-.106","+3.06","110.3","107.2","+3.06","276",101.9,111.2,72.1,"-.007","+7.58","113.4","105.8","+7.58",150.5,-10.5,"2026-01-01","FALSE"
"7f675d02d5c078ffd90a370781abcef9","Utah Valley","Tarleton St.",NA,NA,106.3,107,71.1,"+.099","+2.21","108.5","106.3","+1.86","82",110.9,100.3,70.9,"+.040","+2.03","108.7","106.7","+2.41",147.5,3.5,"2026-01-01","FALSE"
"33a1dcf3ea497d1217f7696e4436bcb7","Cal Baptist","UT Arlington",NA,NA,102.6,103.5,66.6,"+.068","+0.31","107.5","107.2","+0.98","128",108.7,105.2,68.3,"+.098","-1.63","107.6","109.2","-3.11",134.5,2.5,"2026-01-01","FALSE"
"d64bca22f83017cf37cfd7390a3c972e","Northern Colorado","Montana St.",NA,NA,107.5,108.4,66.6,"-.062","+4.69","111.9","107.2","+4.69","150",111.1,110.2,70.2,"+.071","-1.84","109.0","110.8","-1.84",148.5,-2.5,"2026-01-01","FALSE"
"64ecafd31204cd582817cc0de3e79e12","Oakland","Youngstown St.",NA,NA,104.8,106.1,68.5,"-.055","-3.38","107.6","111.0","-1.00","144",115,113.4,72.7,"+.059","+10.94","113.5","102.6","+16.02",156.5,-1.5,"2026-01-01","FALSE"
"bf8e018abaa68d3c3586324cb1155759","Nebraska Omaha","South Dakota St.",NA,NA,108.1,110.2,69.7,"-.118","+2.03","107.4","105.3","+2.03","249",107.3,114.3,67.8,"+.052","+3.63","111.1","107.4","+3.63",151.5,-8.5,"2026-01-01","FALSE"
"e42a5a463e04cbc1717616f3f97b7a26","North Florida","Austin Peay",NA,NA,102.2,105.2,69.9,"-.028","+2.46","110.1","107.6","+2.46","339",105.6,123,72.1,"-.076","+8.78","112.0","103.2","+8.78",162.5,-13.5,"2026-01-01","FALSE"
"9a20ad576e1ffb6d9ed79f71e40827ca","IU Indy","Northern Kentucky",NA,NA,106.2,109.7,71.5,"+.068","-4.43","108.6","113.0","-4.21","345",103.5,121.4,77.9,"+.036","-3.12","106.9","110.0","+0.29",176.5,-13.5,"2026-01-01","FALSE"
"d4f8d1a673841993c013e26612c88271","Murray St.","Illinois Chicago",NA,NA,106.8,110.5,68.6,"-.115","-0.99","108.4","109.4","-3.87","95",117,108.2,73.2,"+.036","-2.29","108.4","110.7","-2.89",160.5,6.5,"2026-01-01","FALSE"
"67060e3b509cc99d0d3a1d62a7dcbd71","Western Illinois","Tennessee Martin",NA,NA,104.5,108.2,66.5,"+.077","-1.09","107.6","108.6","-0.33","353",97.7,117.6,66.6,"-.066","-3.25","105.1","108.3","-2.17",137.5,-13.5,"2026-01-01","FALSE"
"460ac5b24d2bb2d2e828e671913a0528","Northern Arizona","Montana",NA,NA,108.2,112.3,70.8,"+.027","+2.80","110.3","107.5","+2.80","284",101,111.1,67.9,"+.034","+0.37","109.1","108.7","+0.37",148.5,-6.5,"2026-01-01","FALSE"
"438f3f15505bba57b87aec263aa7f7aa","Utah Tech","Abilene Christian",NA,NA,102.3,106.6,66.9,"+.155","+1.98","108.5","106.5","+1.98","233",104.4,110.5,67.5,"+.066","+0.50","108.8","108.3","+2.86",137.5,-5.5,"2026-01-01","FALSE"
"e6707873eea3b561499fc14ef9828239","Portland St.","Weber St.",NA,NA,107.9,112.9,70.2,"-.116","-1.69","105.7","107.4","-1.69","185",102.7,105,70.4,"-.037","+0.85","109.8","109.0","+0.85",150.5,-1.5,"2026-01-01","FALSE"
"ff567a7b364217b63069fec954167ab3","Eastern Kentucky","Queens",NA,NA,114.6,119.7,69.9,"-.037","+6.11","113.0","106.9","+6.11","265",105.5,114.1,69.7,"-.006","+3.21","110.2","107.0","+3.21",166.5,-4.5,"2026-01-01","FALSE"
"eff20371c60c1096a4f6e848d79ba0e3","Green Bay","Purdue Fort Wayne",NA,NA,107.2,112.5,70.1,"+.098","+3.19","110.8","107.6","+7.71","279",107.3,116.8,65.5,"+.058","+2.84","110.8","108.0","+5.46",148.5,-7.5,"2026-01-01","FALSE"
"1914aa724ac475d5403dfb00a16276da","Eastern Illinois","Southeast Missouri",NA,NA,104.9,110.7,72.1,"-.008","+2.65","110.2","107.6","+4.89","320",98.2,112.5,66.7,"+.018","+5.22","110.0","104.8","+11.76",146.5,-12.5,"2026-01-01","FALSE"
"f1a92cb4fe82c07c00392e1196fe92b6","Georgia Southern","Coastal Carolina",NA,NA,100.1,106,71.3,"+.118","-1.96","107.0","109.0","-2.02","219",108.9,113.9,72.2,"+.057","-6.81","104.0","110.8","-5.34",157.5,-2.5,"2026-01-01","FALSE"
"b214bab106dfefad04366932bcc015a0","UC Santa Barbara","Cal St. Fullerton",NA,NA,106.1,112.1,75.8,"-.085","+4.16","110.8","106.6","+5.00","143",113.8,111.9,65.7,"+.030","-3.78","105.5","109.3","-1.02",159.5,5.5,"2026-01-01","FALSE"
"2e4ce15f70fb157a705f87b4a6394d29","Morehead St.","Lindenwood",NA,NA,102.3,108.6,73.3,"+.058","-1.99","106.5","108.5","+2.95","303",99.9,112.4,68.2,"+.064","+1.85","109.5","107.7","+7.35",149.5,-7.5,"2026-01-01","FALSE"
"454f52567c6b33f5097a33d7ec221346","Florida Gulf Coast","Central Arkansas",NA,NA,102.7,109.1,70.8,"-.131","+4.57","110.7","106.1","+4.57","178",110.2,112,70.4,"-.054","+0.45","110.2","109.8","+0.45",157.5,2.5,"2026-01-01","FALSE"
"947638afe5c7a210ac5d8a6d04e92fcd","UC San Diego","Cal Poly",NA,NA,105.1,111.8,76.8,"+.022","+2.71","110.7","108.0","+5.04","88",115.4,105.7,70.4,"-.040","+0.13","108.9","108.8","+0.48",170.5,8.5,"2026-01-01","FALSE"
"67e91238d6571dfdc08214223a81c592","Southern Indiana","SIUE",NA,NA,100.5,107.8,67.2,"+.042","-6.72","104.7","111.4","-5.24","335",96,112.3,70.8,"-.045","-5.07","106.4","111.4","-1.74",139.5,-9.5,"2026-01-01","FALSE"
"f252271606ab149e4630f110d72e2055","Hawaii","UC Riverside",NA,NA,106.5,114.1,69.5,"+.050","+3.91","109.4","105.5","+4.34","105",104.6,97.7,70.5,"-.028","-10.89","102.9","113.8","-12.02",149.5,7.5,"2026-01-01","FALSE"
"d570f00169500235337ba35bf3525587","Stetson","North Alabama",NA,NA,103.7,112,67.9,"+.104","+4.22","110.2","105.9","+4.22","347",98.8,116.9,68.1,"-.004","+2.46","109.3","106.8","+2.46",142.5,-9.5,"2026-01-01","FALSE"
"9fee1a532ae97ad4affb8e2effe8b1d9","Chattanooga","UNC Greensboro",NA,NA,104.5,115.2,68.1,"-.054","-1.09","108.6","109.7","-1.09","240",107.7,114.1,66.5,"-.012","-1.44","108.4","109.9","-1.44",147.5,1.5,"2026-01-01","FALSE"
"4629c97b05950ab418b6cb182dffbee1","UC Irvine","Cal St. Bakersfield",NA,NA,99.9,112.6,71,"+.061","-0.74","107.5","108.3","-1.94","131",102.9,99.7,69.4,"+.026","-0.88","107.3","108.2","+1.14",142.5,10.5,"2026-01-01","FALSE"
"54561c84c75a4e765dcc2a0607e56ba4","Bellarmine","West Georgia",NA,NA,101.4,114.4,70,"+.156","+1.78","109.9","108.1","+1.78","248",111.1,118,67.1,"-.024","+4.60","112.0","107.4","+4.60",152.5,-1.5,"2026-01-01","FALSE"
"ec665baa6f6e1813ff65e44a0894e197","Tennessee Tech","Little Rock",NA,NA,100.5,113.8,67.2,"+.003","+1.32","108.1","106.8","+3.83","296",103.5,114.4,70.3,"-.062","-0.71","107.6","108.3","+3.87",142.5,-1.5,"2026-01-01","FALSE"
"78f1638a598dd5c2da1c463cf5511c3d","Oral Roberts","North Dakota",NA,NA,99.2,114,69.7,"+.036","-0.45","108.9","109.3","-0.45","299",103.5,114.9,69.7,"+.004","+4.21","111.0","106.8","+4.21",147.5,-1.5,"2026-01-01","FALSE"
"95b5bff18a22905aa149317711407b59","Samford","VMI",NA,NA,103.7,119.5,68.3,"-.013","-1.66","108.3","110.0","-1.66","241",106.5,113.1,67.4,"+.110","-0.07","109.2","109.2","-0.07",150.5,5.5,"2026-01-01","FALSE"
"b42a1c0208946edcf9f0de89281b1cdf","Southern Miss","Louisiana Monroe",NA,NA,100,119.6,71.7,"-.082","-1.67","106.7","108.4","+1.36","196",107.1,110.2,68.6,"+.001","+1.48","109.4","107.9","+4.01",154.5,7.5,"2026-01-01","FALSE"
"9bd274da6ad9b69cbac79d636980919a","USC","Michigan",NA,NA,126.3,87.8,75.1,"+.028","+9.33","113.2","103.9","+10.59","38",119.9,101.2,71.8,"+.079","+2.94","109.3","106.3","+0.35",170.5,-21.5,"2026-01-02","FALSE"
"edcade635b59f114fc7c1a74efd45c46","West Virginia","Iowa St.",NA,NA,124.2,90.8,70.8,"+.035","-2.17","107.0","109.1","-2.17","65",112.6,100.3,64.5,"-.127","-9.41","102.7","112.1","-9.41",140.5,-18.5,"2026-01-02","FALSE"
"daaa6b17af346d51240bcbf8c7a56da1","Seattle","Gonzaga",NA,NA,126.3,94.5,72.3,"+.098","+6.82","113.0","106.2","+8.85","110",105.3,99.6,70,"+.002","-3.12","107.4","110.6","-3.59",154.5,-23.5,"2026-01-02","FALSE"
"69456c6ebb5af5e2c629e453b5ecf1cd","Michigan St.","Nebraska",NA,NA,120.1,98,69.5,"+.067","-0.88","108.3","109.2","-5.00","15",118.6,93.1,67.6,"+.004","+4.62","112.6","108.0","+2.68",142.5,-1.5,"2026-01-02","FALSE"
"e1cd7f028deb5039362820812a760e41","Portland","Saint Mary's",NA,NA,118.2,98.1,67.3,"+.057","+4.19","109.1","104.9","+4.43","231",103.9,109.7,71.2,"+.015","-0.21","109.4","109.6","-0.72",146.5,-21.5,"2026-01-02","FALSE"
"47d0aa9f3a50e7b5c62f41382ffd63e4","Pepperdine","Santa Clara",NA,NA,118.3,105,70.4,"-.000","+3.06","109.1","106.0","+3.54","265",100.2,108.8,67.5,"-.075","-0.54","108.6","109.2","-3.84",150.5,-19.5,"2026-01-02","FALSE"
"dae8e3fcbbbab86c7827bb72aad889a3","Lamar","McNeese",NA,NA,113.8,101.9,69.1,"+.073","+2.87","110.6","107.7","+10.26","232",100.9,106.7,67.9,"+.003","-4.39","105.9","110.3","-1.05",141.5,-15.5,"2026-01-02","FALSE"
"f9bf94b88fbb3cd6b0ccc5d5d67c703f","Notre Dame","California",NA,NA,113.7,101.9,68.5,"+.051","-4.81","106.8","111.6","-6.84","59",112.5,99.4,66,"-.024","+1.15","108.7","107.6","-0.26",140.5,-3.5,"2026-01-02","FALSE"
"32875bdd22ae751e001533e7a2b00020","Louisville","Stanford",NA,NA,111,101.6,70.4,"+.011","-1.36","106.6","108.0","-2.13","11",126.2,98.6,72.1,"+.014","+3.77","108.5","104.7","+2.00",157.5,8.5,"2026-01-02","FALSE"
"7396252ce1a4ae1d3da50a16866df26a","San Diego","San Francisco",NA,NA,112.5,104.7,66.6,"-.051","+2.12","109.2","107.1","+1.01","200",107.2,110.6,70.4,"+.033","+0.98","109.3","108.3","-0.76",148.5,-10.5,"2026-01-02","FALSE"
"b1bd46644a5279dd395d6a3725adcc16","Oregon","Maryland",NA,NA,111.2,103.9,69.2,"+.076","+5.49","111.5","106.1","-0.46","69",116,104,68.7,"-.055","+5.37","111.5","106.1","+2.27",151.5,1.5,"2026-01-02","FALSE"
"d8ed86941172d0d5698fe66be951fae8","Kennesaw St.","Liberty",NA,NA,115.5,108.6,65.3,"+.096","+1.96","109.5","107.5","+1.85","164",109.2,109.2,74.7,"-.022","-4.79","106.1","110.9","-6.48",153.5,-8.5,"2026-01-02","FALSE"
"eda12759d8b90317d9ff13d4e9d2c76d","Oregon St.","Pacific",NA,NA,108.5,106.2,67,"+.015","+0.74","108.5","107.8","-0.40","180",108,109.9,66.4,"+.069","-1.37","107.1","108.5","-2.53",140.5,-4.5,"2026-01-02","FALSE"
"9247929250cb0448b2d55ad991ca1149","Louisiana Tech","Middle Tennessee",NA,NA,108.2,106.8,67,"+.125","+10.16","114.2","104.1","+12.41","179",102.1,103.8,65.4,"-.009","-6.75","103.9","110.6","-6.16",134.5,-5.5,"2026-01-02","FALSE"
"831e2ba0a0e81c9a785bfd3198b98a0a","Loyola Marymount","Washington St.",NA,NA,108.3,108,68.5,"-.066","+3.97","110.1","106.1","+3.85","119",106.7,102.1,68,"-.022","-3.45","107.2","110.7","-5.12",141.5,-1.5,"2026-01-02","FALSE"
"0da0300128e9b56dcc5c6fba85e76119","Sam Houston St.","Western Kentucky",NA,NA,107.9,107.7,72.3,"+.003","+1.06","108.9","107.8","+1.26","116",112.7,107.8,72.4,"+.008","+6.21","112.7","106.5","+5.98",164.5,-3.5,"2026-01-02","FALSE"
"12a0147dfc817a3583bf3384b7b27942","Ohio St.","Rutgers",NA,NA,106.1,105.9,67.1,"+.085","-1.61","105.7","107.3","-7.35","36",120.5,101.6,70,"-.036","+0.57","108.7","108.1","-4.26",149.5,9.5,"2026-01-02","FALSE"
"4208c102e875d2aa9e365ff9d73d8ee9","Siena","Iona",NA,NA,106.3,108.3,73.1,"+.107","-3.42","106.4","109.8","-2.77","174",104.2,105.7,66.9,"+.049","-8.22","103.3","111.5","-5.12",146.5,-1.5,"2026-01-02","FALSE"
"34c6ff9584d261c3b94ffda21fcc169d","New Mexico St.","FIU",NA,NA,107.8,110,73.3,"+.004","+0.72","110.7","110.0","+0.41","129",109,105.8,68.3,"-.024","-0.75","106.8","107.5","-0.94",153.5,-1.5,"2026-01-02","FALSE"
"ea92c75e58ef61ce76be3ce50af76e7c","Central Connecticut","LIU",NA,NA,106.6,110.4,71.2,"+.076","+1.44","109.4","108.0","+1.44","271",102.3,111.3,67.4,"+.072","-0.77","106.4","107.1","-0.77",144.5,-4.5,"2026-01-02","FALSE"
"a1c104120ea2bb58e7788c43255e91c8","UTEP","Missouri St.",NA,NA,101.6,107.9,65.5,"+.072","-2.39","106.4","108.8","-1.92","225",102.8,108.1,66.9,"-.068","+5.44","108.2","102.7","+5.71",131.5,-3.5,"2026-01-02","FALSE"
"61a5a250d0b436da4e12a7043d75dce2","Mount St. Mary's","Merrimack",NA,NA,102.9,110.7,65.5,"+.141","-1.20","107.8","109.0","+2.73","296",99.1,110.1,70,"+.026","-2.15","105.7","107.9","-0.84",138.5,-3.5,"2026-01-02","FALSE"
"b1ed34e3e2e6b978d104a7577903ee65","Robert Morris","Detroit Mercy",NA,NA,103.9,113.3,69.7,"+.045","+0.04","108.3","108.3","+5.43","186",107.9,110.1,66.8,"+.086","-4.39","106.5","110.9","-4.61",148.5,2.5,"2026-01-02","FALSE"
"521e8f2047921093ee99bd51c4f81fc9","Marist","Saint Peter's",NA,NA,99.8,110.4,66.5,"+.071","-7.34","104.2","111.5","-1.41","153",100.8,100.1,68.1,"-.091","-7.27","103.4","110.7","-6.30",132.5,2.5,"2026-01-02","FALSE"
"0c8d5b3014d11e052f75b43aaff85dfe","Jacksonville St.","Delaware",NA,NA,100.8,111.7,66.1,"+.022","-5.91","104.3","110.2","-5.21","221",102.6,107.7,65.6,"-.061","-4.86","105.4","110.2","-4.90",129.5,2.5,"2026-01-02","FALSE"
"b314f22b3c7eb3c3b1cc9d7571e739c9","Quinnipiac","Manhattan",NA,NA,106.1,119.1,70.5,"+.105","-3.85","104.5","108.3","-2.14","149",106.1,105.2,72.1,"+.155","-1.51","106.7","108.2","+0.92",157.5,6.5,"2026-01-02","FALSE"
"2e88c2db3ac5f1d856d90d04a433f846","Fairleigh Dickinson","Mercyhurst",NA,NA,98.1,112.1,65.8,"-.051","+0.37","108.8","108.4","+0.37","357",99,120.1,68.4,"-.051","+3.06","108.3","105.2","+3.06",135.5,-6.5,"2026-01-02","FALSE"
"1dd14a3e49f45b3e228c9f2f00127a6f","Wagner","Chicago St.",NA,NA,99.7,117.3,69.2,"+.002","+11.35","113.5","102.2","+11.35","298",102.1,113.7,68.5,"-.044","+4.99","110.6","105.6","+4.99",149.5,-1.5,"2026-01-02","FALSE"
"a0657116e367b2e694d71d118428a822","New Haven","Stonehill",NA,NA,94.2,112,67.6,"-.057","-1.23","106.5","107.7","-1.23","349",94.6,113.1,65.4,"+.006","+3.44","107.9","104.4","+3.44",126.5,-3.5,"2026-01-02","FALSE"
"91103038df4caaa16c0ba0558f4e2290","Fairfield","Canisius",NA,NA,94.7,112.8,65.5,"+.075","-1.79","106.5","108.3","-2.06","279",104.2,113.9,68.9,"+.068","-8.64","103.0","111.6","-8.56",138.5,5.5,"2026-01-02","FALSE"
"0a4f44f93dfc99437eadd3ec485cfb01","Sacred Heart","Niagara",NA,NA,96.1,116.8,65.5,"-.040","-4.49","105.5","110.0","-5.66","283",104.9,114.9,69.9,"-.047","-3.57","106.5","110.1","-1.74",142.5,4.5,"2026-01-02","FALSE"
"3363c29ad3852b8f7549b1e3f928b212","Le Moyne","Saint Francis",NA,NA,94.8,117.8,70.7,"-.022","+5.99","111.7","105.7","+5.99","301",106.3,118.4,70,"+.009","-2.22","106.3","108.6","-2.22",155.5,6.5,"2026-01-02","FALSE"
"d32e4d2fac570ab648ec4098f0144c3a","Kentucky","Alabama",89,74,127.5,102.4,74.7,"+.024","+12.11","115.3","103.2","+12.11","20",120.3,97.7,69.7,"-.045","+1.62","109.3","107.7","+1.62",175.5,-4.5,"2026-01-03","Hit"
"3000ec8118f181f7add336c99630cb39","UCLA","Iowa",74,61,120.9,97.3,64.4,"-.004","-3.56","105.7","109.3","-6.74","33",120.7,100.8,67.2,"-.022","-0.70","108.0","108.7","-4.14",138.5,-5.5,"2026-01-03","Hit"
"6767a3b5aa113d2c3b970ca3fd6e75be","Providence","St. John's",71,77,121,97.6,71.7,"-.077","+8.06","112.9","104.8","+8.56","78",119.3,108,73.2,"-.114","+2.56","109.0","106.5","-0.83",169.5,-12.5,"2026-01-03","Loss"
"4397afdc53feebf2bc621d0481217fe2","Oklahoma St.","Texas Tech",102,80,123.1,100.7,68.4,"+.062","+8.00","114.2","106.2","+8.00","60",116.9,103.9,75.2,"+.034","-2.86","107.0","109.9","-2.86",168.5,-11.5,"2026-01-03","Hit"
"d0ea0e32a8c7559d59da7f303f58e146","Virginia","N.C. State",NA,NA,120.2,98.7,71.2,"-.073","+5.37","110.8","105.4","+5.01","27",121.9,101,67.9,"-.028","-2.12","107.2","109.4","-4.09",153.5,-4.5,"2026-01-03","FALSE"
"5b57ee11792a1bf04561c323d5169aea","Auburn","Georgia",104,100,120.8,99.7,76.3,"+.009","-7.13","103.8","110.9","-7.13","34",122.7,103.2,69.4,"+.058","+8.56","113.4","104.8","+8.56",173.5,-5.5,"2026-01-03","Hit"
"769bf1a053765a395759287e008a8c47","Tennessee","Arkansas",86,75,122.2,101.3,72.6,"-.018","+2.20","110.7","108.5","+2.20","14",120,94.5,68.1,"-.074","-0.81","108.3","109.1","-0.81",157.5,-2.5,"2026-01-03","Hit"
"ac0a122c84c284e03cfe1ec0970a92a6","San Jose St.","Utah St.",96,78,117.9,97.9,70.4,"+.090","+2.24","110.6","108.4","+1.76","193",108.3,111.5,66.6,"-.017","+3.50","110.1","106.6","+1.05",147.5,-21.5,"2026-01-03","Hit"
"0d25d88607ed811f36e3b6a08d2c1ae9","North Carolina","SMU",97,83,120.7,102.3,70.3,"+.082","+1.82","110.1","108.3","+1.82","23",118.4,96.4,68,"+.085","+0.33","107.9","107.6","+0.19",156.5,1.5,"2026-01-03","Hit"
"cd02016f4604d99d55519b2abf628ced","Purdue","Wisconsin",73,89,117,100.2,71.4,"+.014","+1.23","109.1","107.9","-2.39","4",128.5,95.9,66.2,"+.050","+6.84","112.8","106.0","+7.58",150.5,6.5,"2026-01-03","Hit"
"0c4862bda26f5d7c73990c154bb8d728","Mississippi St.","Texas",98,101,120.3,104,69.9,"-.077","-4.99","105.5","110.5","-4.99","83",113.5,103,70.1,"+.006","+2.87","109.8","107.0","+2.87",156.5,-8.5,"2026-01-03","Loss"
"7a957f884e56c59ac877ef9b4bfd77ad","Kansas","UCF",81,75,120.1,103.9,70.5,"+.064","-0.81","109.1","109.9","-0.81","16",117.8,92.6,68.6,"+.003","+10.75","112.9","102.2","+10.75",153.5,4.5,"2026-01-03","Hit"
"3cdbee8a4bfd7f6d54389bd8ec9f4871","Villanova","Butler",67,85,118.1,102.1,71.3,"-.018","+3.52","110.0","106.5","-2.38","26",119.7,98.7,64.4,"+.053","+3.32","110.7","107.4","+1.77",146.5,-1.5,"2026-01-03","Loss"
"30f1ee170f7c4174bbfea74f8ce14347","Boise St.","San Diego St.",110,107,115.4,99.5,69.3,"+.039","+4.62","110.8","106.2","+8.21","52",112.5,96.8,67.8,"+.064","+9.23","113.0","103.7","+8.54",137.5,-3.5,"2026-01-03","Hit"
"1fb3ceb56f5856233e5a2755bd7cb704","LSU","Texas A&M",75,72,118,102.1,74,"-.022","-7.11","105.7","112.8","-7.11","36",121.1,102.3,69.5,"+.054","-3.77","106.2","110.0","-3.77",167.5,-4.5,"2026-01-03","Hit"
"a7b4479ff4ce2e8ba7b5dd1b94134449","Mississippi","Oklahoma",86,70,121.5,106.5,67.8,"-.009","-6.32","104.4","110.7","-6.32","57",113.9,100.3,66.5,"-.087","-0.77","107.0","107.8","-0.77",146.5,-6.5,"2026-01-03","Hit"
"b26be456e1fc307d7b584916e27e8351","Minnesota","Northwestern",78,84,117.1,102.9,67.8,"-.116","+1.13","109.4","108.3","-2.88","100",110,102.5,64.5,"-.016","-4.56","106.9","111.5","-9.74",139.5,-5.5,"2026-01-03","Loss"
"1f436c9e86ce53068c8095e6337e82f3","Baylor","TCU",69,63,112.2,98,68.4,"-.051","-5.93","103.6","109.5","-5.93","29",125.4,104.7,70.7,"+.028","+0.51","107.2","106.7","+0.51",154.5,-1.5,"2026-01-03","Hit"
"c339ca812acbb5016edfbd30cee871a2","Virginia Tech","Wake Forest",81,78,112.6,99.7,71.2,"+.000","+3.10","111.0","107.9","+0.88","62",113.8,101,69.8,"+.111","+0.69","110.2","109.5","-0.73",152.5,-5.5,"2026-01-03","Hit"
"828736363951dd253bf737a83eda5ec0","Houston","Cincinnati",60,67,105.8,93.3,71.2,"-.099","-2.45","106.1","108.6","-2.45","11",121.3,93.8,64.7,"+.054","+0.83","108.7","107.9","+0.83",135.5,7.5,"2026-01-03","Loss"
"3ae2aa915b605eba6decf12174828e45","Florida","Missouri",76,74,118.7,106.3,68.6,"+.086","-8.00","104.7","112.7","-8.00","12",120.7,94.1,71.4,"-.110","+6.38","112.1","105.8","+6.38",154.5,6.5,"2026-01-03","Hit"
"88c1771810a67f31a15abff4e7c8d1be","La Salle","George Washington",77,55,120.6,108.4,71.3,"-.066","-0.97","107.5","108.5","-2.05","252",103.1,110.7,66,"-.097","+1.97","110.4","108.4","+1.71",151.5,-14.5,"2026-01-03","Hit"
"f688ba8dd0f01863ab8a88392b748940","Wyoming","New Mexico",78,58,111.5,99.7,70.7,"+.010","+1.80","109.3","107.5","+0.96","98",111.8,103.7,70.2,"-.029","-5.30","105.9","111.3","-5.80",152.5,-7.5,"2026-01-03","Hit"
"140c39058ac714549940dc533848524d","BYU","Kansas St.",73,83,117.6,106,73.8,"+.006","+1.44","109.5","108.0","+1.44","10",125.3,97.4,71.2,"+.019","+3.18","109.4","106.2","+3.18",172.5,7.5,"2026-01-03","Hit"
"cbd03fd6d5e4424effeb2c360034652b","Colorado","Arizona St.",89,95,116,105,70.3,"+.048","+5.01","111.1","106.1","+5.01","86",117.8,107.7,70.2,"-.015","-0.96","108.5","109.5","-0.96",158.5,-2.5,"2026-01-03","Loss"
"32d4b4672ab70a7713d5d74abcc762e8","Vanderbilt","South Carolina",71,83,113.7,103.7,67.4,"-.119","-8.91","103.9","112.8","-8.91","7",125.3,95,72.3,"+.040","+1.97","109.1","107.1","+1.97",155.5,11.5,"2026-01-03","Hit"
"080eaa09ae791607235004c0e1e6fcc7","Rhode Island","George Mason",61,50,114.4,104.9,66.7,"+.044","-7.32","105.9","113.2","-7.78","116",107.8,103,67.7,"-.038","-5.36","106.9","112.2","-4.39",141.5,-6.5,"2026-01-03","Hit"
"971bf59c916957294140e63a863e1474","Longwood","High Point",80,67,119.2,109.6,71,"-.035","-8.74","102.8","111.6","-9.29","288",103.1,113.5,70.8,"+.068","-8.63","103.1","111.7","-9.30",160.5,-16.5,"2026-01-03","Hit"
"827fb304193b823494d04fd717c1b953","Clemson","Pittsburgh",68,73,114,104.7,65.1,"-.092","+2.78","109.9","107.1","+0.94","35",117.1,98.2,66,"+.015","+2.89","109.2","106.3","+1.39",135.5,4.5,"2026-01-03","Hit"
"5f6228bdfe4ce73bb2da3ee32025f1bd","Hawaii","UC San Diego",83,73,114.1,105.3,69.5,"-.075","-0.12","108.7","108.8","+0.33","87",106,96,70,"-.019","-9.70","103.5","113.2","-11.67",146.5,-2.5,"2026-01-03","Hit"
"ab3f0efec04c978dc285352a3775f6c5","Colorado St.","Grand Canyon",60,70,109.3,100.9,68.8,"-.036","-4.06","106.9","111.0","-6.03","90",120.7,111,63.8,"+.052","+0.57","110.5","109.9","-2.30",144.5,-6.5,"2026-01-03","Loss"
"ebbacdb2033d87704860622ba46cbdd8","Akron","Miami OH",76,73,115.2,108.6,72.2,"+.066","-8.89","102.1","111.0","-10.93","56",123.8,110,73.1,"-.053","-2.55","107.9","110.5","-1.83",174.5,2.5,"2026-01-03","Hit"
"4cc1f616bfd6c49d1115b9208d5cd77d","Duke","Florida St.",87,91,111.3,105.5,74.9,"-.074","+0.15","107.8","107.7","-2.44","8",123.5,93.6,69.5,"+.054","+4.69","109.9","105.3","+5.48",163.5,15.5,"2026-01-03","Loss"
"090730b857397142f166072ef6668764","Xavier","DePaul",86,77,107,101.6,69.2,"-.016","-1.95","107.6","109.6","-10.47","104",111,104,71.6,"+.121","+4.00","109.1","105.1","-0.37",146.5,-3.5,"2026-01-03","Hit"
"6ebb019d692ab0d7c5ca1593d19b7cf2","Hampton","UNC Wilmington",49,45,112.4,107.5,65.7,"+.015","-9.56","101.7","111.3","-9.07","247",103.5,110.7,67.4,"+.023","-6.05","103.5","109.5","-5.56",140.5,-12.5,"2026-01-03","Hit"
"4133d921878cdad1cb8b60553f1623af","Boston College","Georgia Tech",65,53,108,104,71.4,"-.008","-7.02","103.5","110.5","-8.99","149",103,102.1,67,"-.109","-6.82","105.7","112.5","-6.82",145.5,-6.5,"2026-01-03","Hit"
"cc5b0b1d0191f1146189c7426812f430","VCU","Duquesne",80,93,110.8,106.9,72.7,"-.040","-4.17","106.8","111.0","-5.65","42",119.5,102.7,70.8,"-.098","-1.94","106.7","108.6","-2.34",165.5,5.5,"2026-01-03","Hit"
"4b8a8dce0d5cd258db04705ba70a3fdd","Arizona","Utah",78,97,113.3,109.3,69.8,"+.019","-1.05","108.0","109.1","-1.05","2",124.8,90.5,72.4,"+.021","+3.34","110.7","107.4","+3.34",161.5,18.5,"2026-01-03","Hit"
"776511deb095b19abddcc49463611110","Mercer","East Tennessee St.",77,71,111.5,107.7,68.2,"-.084","-6.38","103.7","110.1","-5.21","162",108.8,108.9,71.1,"+.018","+5.17","111.9","106.8","+5.13",151.5,-5.5,"2026-01-03","Hit"
"0e917a3f309143967db06afd5f148001","Illinois","Penn St.",65,73,113.7,110.1,69,"+.109","-4.95","105.9","110.8","-9.00","9",127.5,97.6,67.8,"-.050","+7.17","113.1","105.9","+3.56",156.5,17.5,"2026-01-03","Loss"
"474e0b3ce7fcfc64e9948f0789eaba18","James Madison","Arkansas St.",74,78,112.1,108.8,74,"+.143","+1.59","107.8","106.2","+2.32","221",110.2,115.1,66.8,"+.065","-1.76","108.3","110.1","-1.96",160.5,-8.5,"2026-01-03","Loss"
"ecf3e99a550b756486a1ee2c70297952","Northern Illinois","Kent St.",77,73,111.9,109,73.4,"+.164","-3.36","108.2","111.5","-4.11","320",102.4,116.8,68.9,"+.012","+0.25","108.1","107.8","+3.51",158.5,-16.5,"2026-01-03","Hit"
"e8c7585ea3e4016a0a370f8a67a88b45","South Alabama","Troy",59,49,110.5,107.6,68.7,"+.022","+1.74","109.5","107.8","+4.39","194",106.3,109.5,66,"+.128","-5.81","104.1","109.9","-4.50",144.5,-7.5,"2026-01-03","Hit"
"b9229b2cd8eefc659c6976069933dc1e","Air Force","UNLV",67,39,110.7,108.7,73.2,"-.044","-0.27","107.4","107.7","+0.41","326",96.6,111.5,65.5,"+.012","-3.45","107.0","110.4","-6.03",144.5,-15.5,"2026-01-03","Hit"
"d4acd6fbbe29b911cfdd665ba9bfa2f2","North Florida","Lipscomb",82,74,108.6,106.6,71.3,"+.004","+2.12","108.5","106.3","+4.37","346",106.1,123.9,72.6,"-.070","+7.82","111.0","103.2","+8.72",170.5,-17.5,"2026-01-03","Hit"
"af461fb56d9143affd106b847657c767","Oral Roberts","North Dakota St.",79,77,109,107.1,69.1,"-.048","-2.33","106.8","109.1","-1.25","302",102.2,114.3,69.6,"+.001","+3.54","110.5","107.0","+4.66",146.5,-13.5,"2026-01-03","Hit"
"b448c6c06ef2d899ba14c191908c1048","Gardner Webb","Winthrop",88,77,114.6,113.1,69.5,"-.140","-0.10","108.5","108.6","+0.62","359",96.9,120.3,72.5,"-.025","+3.63","110.7","107.0","+4.96",165.5,-21.5,"2026-01-03","Hit"
"7a3fa82dbe4c0e02ce67aca669cb8816","Monmouth","Towson",48,62,106.5,105.3,63.9,"+.024","+4.11","111.4","107.3","+4.04","240",104.2,110.9,67.8,"-.031","-4.57","104.9","109.5","-4.03",136.5,-8.5,"2026-01-03","Loss"
"91e5fbdd188f13b36232e5615a38fdc9","UTSA","Temple",76,57,113.8,112.8,67.6,"+.037","-3.31","104.8","108.1","-3.87","298",99,110.3,71.3,"+.017","+2.99","110.8","107.8","+1.86",151.5,-10.5,"2026-01-03","Hit"
"7e321fc0c52ded619f7dcd9ae329a600","Western Carolina","Furman",77,80,108.9,108.1,68.5,"+.148","+0.14","110.1","110.0","+0.70","285",102.3,112.5,72,"+.032","+7.22","111.3","104.1","+9.66",155.5,-9.5,"2026-01-03","Loss"
"0b768354f2bc86ad62485e9451de24b3","Cal St. Bakersfield","UC Davis",79,81,109.2,108.8,70.2,"+.059","+2.40","108.4","106.0","+2.32","304",101,113.4,70.9,"+.034","-0.93","106.8","107.8","-1.84",152.5,-10.5,"2026-01-03","Loss"
"6768882057778f991fedfab718ab374b","Northern Arizona","Montana St.",77,68,108.2,108,67.1,"-.097","+3.72","111.4","107.7","+4.78","295",100.8,111.5,67.6,"+.027","+0.66","109.0","108.3","+0.56",141.5,-9.5,"2026-01-03","Hit"
"619476265a958d4fbcefc4bc5b6c3872","Portland St.","Idaho St.",87,93,110.2,110.5,65.5,"-.080","+1.38","109.2","107.8","+3.14","176",103.1,104.7,70.8,"+.004","+0.98","110.1","109.1","+1.25",144.5,-2.5,"2026-01-03","Loss"
"0400d1fa519d4c821b8422d08e0711dd","Appalachian St.","Marshall",88,81,108.3,108.8,70.6,"+.068","-1.71","107.8","109.5","-1.07","236",103,109.2,63.9,"+.085","-4.58","106.3","110.9","-2.51",141.5,-7.5,"2026-01-03","Hit"
"cfe3191c9e73ba9156077610b04cfca3","Houston Christian","Incarnate Word",73,56,111.8,112.3,67.6,"-.035","+3.19","110.0","106.8","+7.39","276",105.6,114.9,65,"-.029","-0.47","108.4","108.9","+0.16",142.5,-8.5,"2026-01-03","Hit"
"474bc3ab7427744880ddd0dfd9b5882d","Cal Baptist","Tarleton St.",81,76,107.3,107.8,71.6,"+.055","+3.11","108.6","105.5","+1.94","140",107.1,104.9,68.1,"+.085","-1.43","107.2","108.7","-3.58",144.5,-2.5,"2026-01-03","Hit"
"01e1f34b7ddf09359c80db439cae16df","Nevada","Fresno St.",65,66,105.7,106.7,69.8,"-.078","-0.69","108.0","108.7","-3.28","70",116.2,104.1,67.2,"+.076","+4.25","110.8","106.6","+2.67",147.5,6.5,"2026-01-03","Loss"
"f8ccc014a8fe4a5bb411af4e7a62f45e","Ball St.","Buffalo",85,72,111.6,112.7,67.4,"+.025","-7.04","104.9","112.0","-7.07","313",98.9,112.3,66.4,"-.074","-4.77","105.4","110.2","-5.57",141.5,-6.5,"2026-01-03","Hit"
"bebdc893b8941bd5c33ebd405a44692d","Bowling Green","Massachusetts",100,101,103.8,105.4,73.4,"-.048","-6.28","105.7","112.0","-7.50","114",107.7,102.3,69.6,"-.097","-4.11","106.9","111.0","-5.95",149.5,2.5,"2026-01-03","Loss"
"5dac021fe64c1d77b87abdc41b07615a","Jacksonville","Austin Peay",71,68,102.9,105.4,70.3,"-.026","+0.15","109.3","109.2","+2.60","321",100.2,114.6,64.8,"+.131","+4.48","110.9","106.5","+4.19",140.5,-11.5,"2026-01-03","Hit"
"7ba8a55e2da34a409040b3557b3ef06e","Eastern Washington","Idaho",84,81,108.8,111.3,66.8,"+.013","+0.87","108.8","107.9","+0.87","255",109,116.8,70.7,"-.135","+6.62","111.3","104.7","+6.62",153.5,-7.5,"2026-01-03","Hit"
"e884c4df7a21d1341670deeb440807c3","Wichita St.","Charlotte",104,100,109.1,112.3,64.5,"-.103","-2.24","107.1","109.3","-2.03","89",113.5,103.7,66.2,"-.124","-0.40","108.0","108.4","-1.59",138.5,6.5,"2026-01-03","Hit"
"863b2ae67c646bed98d426064250f163","Northern Colorado","Montana",88,79,108.4,111.7,70.7,"+.031","+1.11","109.4","108.2","+3.19","161",110.9,110.8,70.5,"+.082","-0.95","109.1","110.0","-1.65",162.5,-1.5,"2026-01-03","Hit"
"de16ccaa4744619a8fedfa1739e3155d","Ohio","Eastern Michigan",67,68,104.4,108.2,67.4,"+.045","+1.99","109.8","107.8","+1.07","189",106.1,108.9,70.8,"+.024","+1.93","109.0","107.0","+3.71",149.5,1.5,"2026-01-03","Loss"
"aaeb1edd6be7a629e5e556262ef91aee","Texas A&M Corpus Chris","UT Rio Grande Valley",59,63,104.6,108.4,69.8,"-.101","+2.92","108.8","105.8","+7.45","216",102.6,107.1,67.3,"-.047","+8.54","112.3","103.8","+17.19",138.5,-3.5,"2026-01-03","Loss"
"f0911a46d899f58ea93eaf7945f4d9e7","Davidson","Saint Joseph's",56,62,104.5,108.2,68.9,"+.061","-3.90","105.4","109.3","-6.37","135",110.1,107.3,66.1,"+.032","-0.83","107.2","108.1","-0.84",139.5,1.5,"2026-01-03","Hit"
"b3a88e40ff8ae69d8f0b8426dbd7ba48","UC Santa Barbara","CSUN",74,65,108.2,112.3,74.5,"+.049","-0.41","106.6","107.0","-0.23","152",113.5,112.6,65.9,"+.013","-3.09","106.1","109.2","-0.69",156.5,1.5,"2026-01-03","Hit"
"0b68b873bec1fa5792eae3bdc8ccef0e","Eastern Illinois","Tennessee Martin",65,61,103.7,108,66.4,"+.097","-3.17","106.3","109.5","-0.39","318",97,111.2,66.8,"-.001","+4.49","109.7","105.2","+12.01",134.5,-9.5,"2026-01-03","Hit"
"9a7a3db10777d2e5ac60b6d4204ece88","UC Irvine","Cal St. Fullerton",64,86,107.3,111.6,76.4,"-.056","+3.95","110.8","106.9","+5.19","136",103.2,100.6,69.3,"+.051","-1.85","106.8","108.7","+0.85",160.5,4.5,"2026-01-03","Hit"
"63827f88044a892dd22e230adb087716","East Texas A&M","Nicholls",80,58,106,110.5,69.7,"+.045","+5.38","111.2","105.8","+10.73","308",98.6,111.4,71,"+.097","+2.95","108.2","105.3","+4.99",146.5,-7.5,"2026-01-03","Hit"
"dd6c65e86b5f8be4640dc9cda987ccb8","Northeastern","Campbell",97,82,106.8,111.8,71.4,"+.079","+5.95","111.1","105.2","+6.22","207",107.9,111.8,69.8,"-.045","-0.11","108.8","108.9","+0.27",157.5,-3.5,"2026-01-03","Hit"
"12e77d14444c5df3ac6d9688377f2006","Sacramento St.","Weber St.",95,82,108,113.1,70.6,"-.137","-1.88","105.3","107.2","-1.35","277",102,111.5,73.5,"-.006","+7.22","113.2","106.0","+7.60",162.5,-7.5,"2026-01-03","Hit"
"2c20cb4bf2d3fd0b0bba18cd67f54ee7","UNC Asheville","Charleston Southern",86,83,104.9,110.2,71.9,"-.017","-6.45","105.0","111.5","-5.03","260",103.9,111.7,67,"-.024","+0.75","109.5","108.8","+0.31",152.5,-5.5,"2026-01-03","Hit"
"61ae884ed40193635856e8c8c8930652","Bellarmine","Queens",98,76,115.3,120.7,69.9,"+.006","+3.95","111.9","107.9","+6.10","249",111.7,119,67.2,"-.055","+2.84","110.9","108.0","+4.48",169.5,-3.5,"2026-01-03","Hit"
"e57945b524f49791cd2220e15f1c62ed","Southern Indiana","Lindenwood",83,80,102.5,108,73.2,"+.078","-3.54","105.4","109.0","+3.43","333",95.1,111.1,70.6,"-.060","-4.85","105.7","110.6","-1.82",148.5,-11.5,"2026-01-03","Hit"
"6023b18a1a3281e77ab287de2711794e","Stetson","Central Arkansas",93,73,104.8,110.5,70.1,"-.077","+3.31","110.0","106.7","+4.86","337",98.9,115.9,68.1,"+.040","+1.70","108.8","107.1","+2.52",146.5,-9.5,"2026-01-03","Hit"
"a7cea1fb0587fdc27874b1d38138c5bd","Western Illinois","Southeast Missouri",73,50,104,109.9,72.4,"+.016","+0.61","108.6","108.0","+4.99","350",97.6,116.9,66.8,"-.076","-2.73","105.0","107.7","-2.13",145.5,-13.5,"2026-01-03","Hit"
"4498832150c15bd66e484896ca901060","Georgia St.","Coastal Carolina",71,89,99.9,106,70.9,"+.078","-2.48","106.8","109.2","-1.88","319",97.9,112.2,70.7,"-.015","+1.65","108.2","106.5","+1.93",145.5,-6.5,"2026-01-03","Loss"
"7c6a3d4a6a1dfe7916bd7247d6b55f15","Utah Valley","Abilene Christian",85,68,101.4,108,66.9,"+.134","+0.35","107.6","107.2","+1.56","80",111.6,100.9,71.1,"+.059","+2.13","108.6","106.4","+2.44",140.5,7.5,"2026-01-03","Hit"
"8a8572eb213193ff68394dfdc20f349c","Georgia Southern","Old Dominion",86,93,104.7,111.5,70,"-.114","+2.96","110.0","107.1","+7.23","219",108.7,113.5,71.9,"+.084","-6.64","104.0","110.6","-5.67",159.5,-1.5,"2026-01-03","Loss"
"7d77ec4c28b1457ec229706881b9ccc3","Texas Southern","Southern",84,73,103.8,110.7,72.4,"-.025","+13.44","116.7","103.3","+13.44","331",99.4,115.1,71.5,"-.079","+11.46","114.4","102.9","+11.46",154.5,-7.5,"2026-01-03","Hit"
"28bed9b90035aff07400cf654d7e260e","Prairie View A&M","Grambling St.",76,72,102.5,109.6,68.5,"+.046","+2.00","109.1","107.1","+2.00","299",102,113.7,74.1,"-.031","+8.93","114.0","105.1","+8.93",156.5,-5.5,"2026-01-03","Hit"
"5ed820e7a099d7fbde9528b11deef0b3","Cal Poly","Long Beach St.",74,66,106.9,114.3,68.6,"-.030","+4.17","110.1","105.9","+3.98","229",104.8,110.4,76,"+.058","+3.17","110.9","107.7","+5.34",162.5,-1.5,"2026-01-03","Hit"
"de208ca983279a26394079301f3655cf","North Carolina A&T","Stony Brook",81,80,101.4,109,66.8,"+.052","-1.96","106.1","108.1","-3.32","314",100.5,113.9,71.7,"+.027","-8.39","104.1","112.5","-9.59",141.5,-5.5,"2026-01-03","Hit"
"7fd00b215a7647b00f04f5084d6d59e8","Morehead St.","SIUE",72,73,99.2,106.9,66.9,"+.074","-8.10","103.5","111.6","-5.36","310",99.6,112.6,68,"+.051","+1.59","108.7","107.1","+7.36",136.5,-5.5,"2026-01-03","Loss"
"b89278ae8664ad3ce92bb173ddd5ee50","Kansas City","Nebraska Omaha",66,73,106.6,114.4,67.9,"+.050","+3.65","111.0","107.4","+3.70","338",95.4,112.4,70.8,"-.022","+4.30","112.3","108.0","+5.12",149.5,-9.5,"2026-01-03","Loss"
"d109bbd17d154a229236e288e7defce1","Memphis","Rice",70,76,104.1,112.2,67.1,"+.025","+0.23","108.3","108.1","-1.39","75",109.3,97.6,70.5,"-.060","+9.61","113.9","104.2","+10.87",143.5,8.5,"2026-01-03","Loss"
"67eefc0f72d8a4e5f6102ab411020029","Florida A&M","Bethune Cookman",87,83,104.1,112.6,68.9,"-.038","+13.76","115.4","101.6","+13.76","344",96.5,114.2,70.9,"+.035","+7.50","111.9","104.4","+7.50",146.5,-7.5,"2026-01-03","Hit"
"d93e34e43c0d035eb38f99df050fe35e","Stephen F. Austin","Southeastern Louisiana",63,73,99.6,108.8,67.4,"+.005","+0.62","108.5","107.9","+6.12","120",108.4,104,67.3,"-.043","-6.12","103.5","109.6","-4.57",136.5,5.5,"2026-01-03","Hit"
"ac53d6c09b4adaf1c36ae4edcf23be43","Florida Gulf Coast","North Alabama",55,72,102.6,112.4,67.7,"+.065","+1.58","108.6","107.0","+4.02","181",111.7,113.7,69.9,"-.083","+0.53","109.7","109.2","+0.74",151.5,2.5,"2026-01-03","Hit"
"32a3a2d807fdb3811b286ee1ef5c7b89","Dayton","Loyola Chicago",68,70,105.8,115.9,66.4,"+.099","-4.01","105.9","109.9","-5.36","71",111.3,99.5,69.4,"-.016","-1.48","107.7","109.2","-0.84",141.5,7.5,"2026-01-03","Loss"
"d797ef442c2df9f85d2781b7097f54ac","Samford","UNC Greensboro",89,82,104.4,114.6,68.3,"-.016","-2.10","108.4","110.5","-1.07","225",106,111.3,67.5,"+.098","-1.44","109.0","110.4","-0.17",147.5,1.5,"2026-01-03","Hit"
"141377f072acc8b7fcb17b5ad5de91e3","Hofstra","Drexel",67,70,102,112.4,66.2,"-.081","-7.45","103.2","110.7","-9.90","101",112.2,105.1,67.4,"-.050","+2.41","109.4","107.0","+3.63",136.5,6.5,"2026-01-03","Loss"
"17c2f0c94800b6932df7f2e1db136696","USC Upstate","Presbyterian",86,77,100.3,110.8,63.8,"-.027","-2.41","106.7","109.2","-2.41","269",101.5,110.4,69.4,"+.009","-3.58","105.4","109.0","-2.60",135.5,-1.5,"2026-01-03","Hit"
"ad038f7b014d56a6a020fbbf897469c3","American","Boston University",62,64,109.7,120.2,64.3,"+.000","-3.13","105.6","108.7","-3.58","238",105.5,111.9,70,"+.073","-3.11","106.7","109.8","-0.84",149.5,1.5,"2026-01-03","Hit"
"7a3e4eb6cc2d7e8ab3c4e5d383ccae3e","Tennessee St.","Little Rock",79,84,100.5,112.5,67.2,"-.001","-0.11","107.5","107.6","+3.94","235",102.7,108.8,72.1,"+.145","+0.71","108.4","107.7","+5.66",141.5,-1.5,"2026-01-03","Loss"
"e010d627270f6277b25a1edbd409e106","Albany","UMass Lowell",83,71,104,116.7,71.2,"-.057","+2.85","108.2","105.3","+2.85","312",103.9,117.1,68.4,"-.041","+4.84","110.9","106.1","+4.84",155.5,-1.5,"2026-01-03","Hit"
"4c8598d8d1920dc32840a7eb855206c8","New Orleans","Northwestern St.",74,68,104.9,117.6,66.8,"-.050","+5.27","109.1","103.8","+8.31","211",108.7,112.8,71.1,"+.002","+8.73","112.3","103.5","+15.07",150.5,2.5,"2026-01-03","Hit"
"dbbd5bb8d4ca3b62314c0d3783a7d68c","Eastern Kentucky","West Georgia",88,76,102.4,115.2,70.2,"+.191","-0.44","109.0","109.5","+1.37","263",106.4,114.6,69.7,"-.032","+2.95","110.6","107.6","+3.37",156.5,1.5,"2026-01-03","Hit"
"c88f0ef8b340f3d002b7b7928a9bb908","Lehigh","Bucknell",72,65,98.6,111.6,67.5,"-.048","+0.96","109.3","108.3","+1.96","322",99.2,113.7,68.8,"-.049","-3.27","105.8","109.1","-1.54",135.5,-3.5,"2026-01-03","Hit"
"e6e6bc5f0ce2468376c91e1109b3615f","South Dakota St.","North Dakota",90,87,98.8,112.7,69.7,"+.044","-1.93","107.9","109.8","-0.46","177",108,109.6,70,"-.094","+0.74","107.1","106.3","+2.06",149.5,7.5,"2026-01-03","Hit"
"536a05f27bb64cdd3859c8382fc6f400","Southern Miss","Louisiana",67,74,95.5,109.4,63.6,"-.036","-2.40","106.2","108.6","-0.95","190",106.8,109.7,68.9,"+.009","-0.21","108.5","108.7","+3.84",130.5,4.5,"2026-01-03","Hit"
"ef2a4c46a9d22ae658b8ad52b66401a8","Navy","Holy Cross",58,65,101.1,115.7,65.9,"+.065","-0.66","107.7","108.3","+0.98","204",104.3,108,68.8,"+.020","-9.38","103.2","112.5","-8.55",136.5,5.5,"2026-01-03","Hit"
"8e32922edc8815a0ed6670a34f9af7ad","Colgate","Army",69,76,100.1,114.9,68,"+.117","-3.98","107.1","111.1","-3.30","184",108.1,110.2,68.3,"+.055","+3.02","110.3","107.3","+4.68",147.5,6.5,"2026-01-03","Hit"
"7fcb4876968b828fc82d6be99e9fcfe7","UT Arlington","Southern Utah",77,86,98.7,113.9,71.3,"-.057","+3.29","110.1","106.8","+3.64","154",102.3,101.7,66.4,"+.070","+0.31","107.4","107.1","+1.28",137.5,5.5,"2026-01-03","Hit"
"566a9a471bbfe85ebc3f25e0142a9380","Vermont","New Hampshire",61,80,95.2,110.9,68.9,"-.001","+4.81","111.1","106.3","+4.81","196",111.1,114.4,66.5,"-.004","-1.38","106.9","108.2","-1.38",138.5,7.5,"2026-01-03","Hit"
"db482dc9a8450afc7e82cf5dce598cc8","Toledo","Central Michigan",75,78,100.8,116.7,67.7,"-.087","-1.41","107.2","108.6","+0.56","166",112.9,113.2,70.6,"-.008","+0.60","109.2","108.6","+2.17",158.5,8.5,"2026-01-03","Loss"
"ffa2b053225d4c2a504e45f7b1e83abb","Lafayette","Loyola MD",64,79,103.4,120,69.1,"-.078","-6.02","104.2","110.2","-6.63","327",101.1,116.1,69.1,"-.091","-3.73","106.7","110.4","-3.39",153.5,-1.5,"2026-01-03","Loss"
"7f6e362ea60438e92d770cd02c56e08a","Alcorn St.","Jackson St.",89,86,96.7,114,71.3,"+.006","+12.68","115.1","102.4","+12.68","336",98.3,115.2,71.3,"+.005","+12.42","114.5","102.1","+12.42",147.5,-3.5,"2026-01-03","Hit"
"33dbcd63c2991243b3613cac9fef683e","Chattanooga","VMI",79,71,102.1,119.5,68.5,"-.011","-2.59","107.6","110.2","-1.61","248",106.9,114.2,66.6,"-.035","-2.11","108.2","110.3","-1.70",148.5,5.5,"2026-01-03","Hit"
"6fbbecc1c8e5b9f42fa1cfc5608dec8f","Morgan St.","Maryland Eastern Shore",66,49,96.6,114.1,63.6,"-.045","+4.99","110.7","105.7","+4.99","360",98,121.8,70.2,"-.067","-3.34","105.6","109.0","-3.34",141.5,-6.5,"2026-01-03","Hit"
"5688037fe1cb2307793d1432ad0274fb","Alabama A&M","Arkansas Pine Bluff",95,83,98.6,116.3,73.9,"+.038","+13.08","115.6","102.5","+13.08","281",100.7,110.6,66.6,"+.058","+0.05","106.9","106.9","+0.05",147.5,2.5,"2026-01-03","Hit"
"4f478feb8682d30d7f5bbdbe2b20c611","Bryant","Maine",51,56,92.4,110.8,65.5,"-.059","-2.15","106.8","108.9","-2.15","317",99.2,113.2,66.5,"-.026","+3.39","107.7","104.3","+3.39",125.5,1.5,"2026-01-03","Hit"
"fb26d367dc4601d16b2c23008257f845","Norfolk St.","North Carolina Central",69,67,96,115.7,68.1,"-.054","+9.02","113.1","104.1","+9.02","275",100.2,109.5,68,"+.001","+1.44","108.0","106.5","+1.44",141.5,3.5,"2026-01-03","Hit"
"b6ad3b60944a57bc0cd521733c7d419a","Coppin St.","Delaware St.",51,53,91.5,111.5,68.5,"+.018","-1.24","106.7","107.9","-1.24","364",91.4,122.7,70.9,"+.033","+1.14","109.2","108.0","+1.14",141.5,-9.5,"2026-01-03","Loss"
"2a28878245ab91312ac446cfeb1462bd","Texas St.","Louisiana Monroe",79,84,99.2,119.3,72.3,"-.079","-2.37","106.4","108.8","+1.33","270",102.4,111.3,67.4,"+.076","-6.08","103.9","110.0","-7.91",150.5,7.5,"2026-01-03","Loss"
"c5a0796902629901ad8cae5b45a40c3e","Wofford","The Citadel",86,95,98.1,120.4,66.5,"-.046","-1.40","108.0","109.3","-1.42","224",105.5,110.7,68.8,"+.144","-2.93","109.1","112.0","-2.57",144.5,9.5,"2026-01-03","Loss"
"180fee6670e573ea70669519a822745c","Howard","South Carolina St.",58,57,95.8,119.9,70.6,"-.055","+2.78","111.6","108.8","+2.78","267",100.6,109.4,69.1,"+.125","-3.90","105.8","109.7","-3.90",148.5,9.5,"2026-01-03","Hit"
"55acb893c48b821ae2a2fb28eacefded","NJIT","Binghamton",65,73,97,121.3,68.3,"-.036","-8.18","103.5","111.7","-8.18","357",92.1,112.5,69.7,"+.084","-0.91","107.9","108.8","-0.91",141.5,-1.5,"2026-01-03","Loss"
"1b5259ff5aa5dbde75b5b445dd05b7e5","Alabama St.","Mississippi Valley St.",69,89,90.6,122.5,68.1,"-.029","+6.58","112.3","105.8","+6.58","287",105.5,115.8,69.4,"-.028","+7.96","111.0","103.1","+7.96",144.5,13.5,"2026-01-03","Hit"
"843ba0f61a408c2840a74a210ded9c91","Marquette","Connecticut",73,57,122,91.2,66.2,"+.053","+8.53","112.4","103.9","+7.39","117",109.9,105.2,71.1,"-.129","+4.18","110.7","106.5","+1.27",143.5,-19.5,"2026-01-04","Hit"
"848999e09117b96aade9deb7d95a420b","Loyola Marymount","Gonzaga",82,47,126.1,95.3,71.3,"+.108","+6.21","112.4","106.2","+8.61","120",107.2,102.8,67.9,"-.055","-2.83","108.0","110.8","-5.43",154.5,-23.5,"2026-01-04","Hit"
"0492ef4ede80dcc76d7732762527226a","Washington","Indiana",90,80,117.6,97,69.4,"-.055","-1.24","108.8","110.0","-2.95","49",115.4,99.6,68.8,"-.054","+2.14","111.4","109.3","-1.29",151.5,-7.5,"2026-01-04","Hit"
"b6bfc643d7bd18f239377411a34d2596","Seattle","Saint Mary's",93,76,118.7,98.3,66.5,"+.049","+3.02","108.9","105.9","+4.34","107",105.7,99.3,69.3,"-.009","-1.86","108.6","110.5","-4.19",140.5,-10.5,"2026-01-04","Hit"
"bdb710048f992f3e877da75d7af97ccc","Creighton","Seton Hall",56,54,111.8,95.5,66.8,"-.015","+0.43","108.9","108.5","-4.45","44",118.1,101.4,67.8,"+.005","+5.86","112.2","106.3","+5.27",142.5,-2.5,"2026-01-04","Hit"
"21f68b14344b13e5243b5bc283109157","San Diego","Santa Clara",98,70,118,104.7,70.4,"+.002","+1.73","108.8","107.1","+3.53","195",106.8,110.1,70.4,"+.021","+2.10","110.4","108.3","-0.79",161.5,-15.5,"2026-01-04","Hit"
"abc64073efec343059057878d2e4b17c","Southern Illinois","Belmont",67,68,116.6,104.3,71,"-.006","-3.68","105.4","109.0","-4.11","124",109.1,104.8,71.7,"-.139","+2.95","109.6","106.6","+1.67",160.5,-6.5,"2026-01-04","Loss"
"e52348babd3af9e6a04c9b7c3470bbd5","UAB","South Florida",106,109,114.7,104,73,"-.078","+4.77","113.1","108.3","+4.77","111",112.7,106.7,69.8,"-.051","-3.29","107.8","111.1","-4.10",163.5,-6.5,"2026-01-04","Loss"
"f4fadac53aa0a93321fafe4e8e3a167c","Bradley","Murray St.",86,66,117,108.2,72.9,"+.053","-1.85","109.0","110.9","-2.70","122",109.5,105.2,68.5,"-.009","-2.69","107.1","109.8","-4.30",160.5,-4.5,"2026-01-04","Hit"
"43c969ee85b4eb0826e028d73380ccfe","Portland","San Francisco",73,68,112.2,104.5,66.3,"-.037","+1.38","109.1","107.7","+1.36","237",104.1,110.1,70.5,"+.016","+0.99","110.3","109.3","-1.21",147.5,-12.5,"2026-01-04","Hit"
"e6a1641498fae58bdff97e5f7f06e7af","Jacksonville St.","Liberty",78,69,115.5,108.6,65,"+.119","+1.21","109.2","108.0","+1.56","228",103.3,108.5,65.1,"-.017","-5.33","105.4","110.8","-5.55",134.5,-10.5,"2026-01-04","Hit"
"eef2c9b1781b99b83aaf55570fd76766","Sam Houston St.","Middle Tennessee",68,67,111,106.6,66.1,"+.020","+8.35","113.1","104.7","+12.69","130",113.4,109.8,72.2,"-.015","+5.39","112.7","107.3","+5.20",157.5,-5.5,"2026-01-04","Hit"
"a23acde025fe8ced9cf8293f5ce5c28c","Pepperdine","Pacific",74,69,110,105.8,66.4,"+.002","-0.19","108.3","108.5","-0.52","258",100,108.5,67.6,"-.072","+1.09","110.1","109.0","-3.54",137.5,-10.5,"2026-01-04","Hit"
"978e8cc5c5e00895f39671ab83207e0c","Tulsa","North Texas",72,67,102,99.4,65.5,"+.065","-0.81","108.6","109.4","-2.63","66",119.7,107.3,69,"+.086","-2.99","107.0","110.0","-2.03",139.5,3.5,"2026-01-04","Hit"
"68994f60295e4167f85656b44df5e37e","Denver","St. Thomas",92,88,110.5,108.1,68.9,"+.054","-3.19","107.8","111.0","-3.19","254",113.7,121.6,68.9,"+.092","+5.04","111.7","106.7","+7.11",161.5,-10.5,"2026-01-04","Hit"
"900530bda5062ae17bc07dd55be0c09a","Robert Morris","Oakland",96,73,116.7,114.8,72,"+.092","+10.18","113.1","103.0","+16.37","180",109.2,110.9,66.3,"+.096","-4.52","106.8","111.3","-4.68",159.5,-4.5,"2026-01-04","Hit"
"70799ceb1b980098e5f8d4be19e13c45","Louisiana Tech","Western Kentucky",66,61,109.5,108.4,72,"+.010","+0.79","109.7","108.9","+1.22","224",101.6,106.4,64.5,"+.029","-5.51","105.2","110.8","-6.42",143.5,-9.5,"2026-01-04","Hit"
"ebefbed41e2382e95bf28908c1a55395","Indiana St.","Drake",74,72,110.2,109.4,66.4,"-.140","-1.03","107.5","108.6","-3.40","193",104.7,107.5,69.9,"+.024","-0.19","107.0","107.2","-5.30",147.5,-5.5,"2026-01-04","Hit"
"b67d8c7b2c4fc69b35c6042148e74111","Oregon St.","Washington St.",81,67,109.2,108.7,68.1,"-.030","+3.57","110.0","106.4","+3.74","207",107.5,111.2,65.8,"+.083","-0.86","107.7","108.5","-2.74",142.5,-6.5,"2026-01-04","Hit"
"385f0f6b5819cea8f2d1f38368650227","Mount St. Mary's","Quinnipiac",80,69,106.2,106.1,71.5,"+.108","-2.21","107.0","109.2","+1.12","306",98.9,111.1,70,"+.013","-2.83","105.5","108.4","-1.53",150.5,-9.5,"2026-01-04","Hit"
"d8d4a8675785095127a715aff904bc29","UTEP","FIU",76,64,109.9,110.2,72.9,"+.016","+0.56","110.4","109.8","+0.91","257",102.5,110.7,66.1,"-.061","+4.38","108.2","103.8","+5.39",151.5,-9.5,"2026-01-04","Hit"
"933f78b83db7de47d96d637354281bd9","Iona","Marist",83,38,100.1,100.9,68,"-.095","-7.20","103.6","110.8","-6.53","181",106.7,108.7,72.9,"+.126","-3.79","106.2","110.0","-2.71",146.5,-3.5,"2026-01-04","Hit"
"0184382d4328eb0f213776429c1e94d2","Richmond","Fordham",75,83,104,106.4,64.8,"-.129","-12.53","102.2","114.7","-14.77","118",111.5,106.9,69.3,"-.035","-6.23","106.9","113.1","-7.62",140.5,2.5,"2026-01-04","Hit"
"317e66e5703bb8f7faac484bc819589f","Florida Atlantic","Tulane",69,66,109.9,112.7,66.4,"+.240","-4.00","105.6","109.6","-3.87","99",115.3,108.1,70.2,"-.047","+2.81","110.1","107.3","+4.59",154.5,5.5,"2026-01-04","Hit"
"9f920497f9e90c7fa968398db0f5db36","Illinois Chicago","Valparaiso",66,59,104,107.3,66.9,"-.078","-1.11","107.4","108.5","-5.19","197",106.4,109.8,68.3,"-.130","-0.33","110.1","110.4","-3.78",144.5,-2.5,"2026-01-04","Hit"
"86e22445f21b1382a6ed1ab0adc908ca","Youngstown St.","Northern Kentucky",94,79,105.8,109.9,70.4,"+.083","-6.36","108.3","114.6","-4.62","179",105.8,107.4,67.4,"-.086","-3.31","108.6","111.9","-1.07",145.5,-3.5,"2026-01-04","Hit"
"0bf1488b44ebc03661fe1a2d14c4ae81","New Mexico St.","Missouri St.",89,82,103.7,107.8,64.7,"+.035","-3.55","106.4","109.9","-1.93","140",109,106.9,68,"-.012","+0.39","108.4","108.0","-0.04",134.5,-1.5,"2026-01-04","Hit"
"ac86c98058b56a33f408ea8e99a3b251","Manhattan","Merrimack",73,66,103.3,110.7,65.4,"+.151","-2.51","107.4","109.9","+2.76","309",106.7,119,69.9,"+.138","-4.09","104.8","108.9","-2.22",147.5,-6.5,"2026-01-04","Hit"
"d6da7124eb05db0520b6686666ec5f17","Cleveland St.","Purdue Fort Wayne",74,71,105.3,113.3,69.4,"+.092","+1.46","110.6","109.1","+7.14","325",106.4,121.4,69.8,"-.017","-1.04","109.6","110.7","+4.15",157.5,-8.5,"2026-01-04","Hit"
"7967e4bf8a69c405dae2c19fafad39da","Northern Iowa","Evansville",48,62,99.9,108.9,69.5,"-.067","+5.35","111.7","106.3","+4.29","91",105.9,96.4,63.4,"-.038","-1.88","108.3","110.1","-0.80",129.5,5.5,"2026-01-04","Hit"
"f068390dfae0703420dc366374d33e41","New Haven","Central Connecticut",72,61,104.5,113.8,66.1,"+.041","-0.84","107.4","108.2","-1.17","335",95.8,112.2,65.2,"+.020","+1.56","106.7","105.2","+3.75",128.5,-8.5,"2026-01-04","Hit"
"c070a9b61fd49fbd3dfcaa6d3a41523e","Stonehill","Wagner",60,69,103.9,114.5,67.7,"-.004","+2.75","109.8","107.0","+5.11","353",93.1,113,67.5,"-.051","-3.40","105.5","108.9","-1.52",137.5,-7.5,"2026-01-04","Loss"
"66bdb4a4713910709bc1864d5f68c95c","Kennesaw St.","Delaware",67,52,101.9,112.6,65.3,"-.007","-5.90","104.2","110.1","-4.89","151",109.1,108.4,74.8,"-.047","-1.77","108.7","110.5","-5.47",149.5,6.5,"2026-01-04","Hit"
"356219c815328ad668aed147f35035af","Le Moyne","Mercyhurst",74,60,98.1,113.4,65.3,"-.067","-1.76","108.2","109.9","+0.57","288",107.2,117.5,69.3,"-.016","-3.58","106.2","109.8","-1.92",142.5,-1.5,"2026-01-04","Hit"
"3266c41978fa9117afc96da9e4706d20","Sacred Heart","Canisius",82,78,97,114.5,65,"+.109","-3.08","106.2","109.3","-2.28","294",104.7,115.6,68.9,"-.068","-4.40","106.5","110.8","-1.54",142.5,3.5,"2026-01-04","Hit"
"ae9cd58e51acad90c8864aa358fdd940","Wright St.","IU Indy",77,81,103.6,121.4,77.1,"+.031","-2.90","107.4","110.3","-0.03","139",109,106.7,66.9,"-.131","-1.08","109.7","110.7","+0.82",162.5,8.5,"2026-01-04","Loss"
"8e995208b1565fc7a84763698ee3b20f","LIU","Chicago St.",55,74,100.6,118.6,68.4,"-.013","+9.60","113.2","103.6","+11.48","198",109.2,112.6,70.1,"+.095","+0.55","109.2","108.7","+1.92",150.5,8.5,"2026-01-04","Hit"
"ddcffe7ce9532d6b12da6963c34a98cf","Siena","Rider",65,74,94,113.2,66.8,"-.104","+3.83","110.7","106.8","+8.95","177",104.6,105.9,66.6,"+.011","-7.16","104.1","111.3","-5.10",134.5,9.5,"2026-01-04","Loss"
"3db75a234ab53ddbba8a8b76bc56d4b2","Fairfield","Niagara",75,83,97.1,117.1,64.3,"+.006","-5.69","105.3","111.0","-5.88","285",105.6,115.7,68.7,"+.037","-8.62","103.1","111.8","-8.38",139.5,4.5,"2026-01-04","Hit"
"83c4ca9b8f5a4c82887add5bf0510a01","Fairleigh Dickinson","Saint Francis",85,82,93.7,119.1,69.9,"-.017","+4.14","111.4","107.2","+6.06","351",100.7,119.9,67.8,"-.020","+1.92","107.9","106.0","+3.63",146.5,2.5,"2026-01-04","Hit"
"95c4fa67fab50d74ee59ff1b20831e1f","USC","Michigan St.",80,51,117.5,92.2,66.8,"-.031","+6.39","114.1","107.7","+2.61","40",119.8,101.7,71.7,"+.133","+4.81","110.2","105.4","+0.13",151.5,-11.5,"2026-01-05","Hit"
"dfb4201cacb016c40ebe45bc2998c2ac","Nebraska","Ohio St.",69,72,121.6,103.1,69,"-.017","+0.71","109.2","108.5","-4.59","22",119.5,97.1,68.8,"+.085","+1.30","109.5","108.2","-4.59",155.5,-2.5,"2026-01-05","Loss"
"2ef6071212e6be9357bea5c386946ff1","Stephen F. Austin","McNeese",66,64,116.3,104,67.8,"+.081","+2.07","109.7","107.6","+11.28","117",109.3,104.2,66.9,"-.038","-5.69","103.9","109.6","-4.06",142.5,-10.5,"2026-01-05","Hit"
"3ba4bc74fa6c54be35fb1a3ddb4b868e","Oregon","Rutgers",88,85,107.7,107.4,66.1,"+.056","+0.37","107.2","106.8","-7.26","68",115.3,103,68,"-.036","+5.27","111.9","106.6","+1.52",142.5,6.5,"2026-01-05","Hit"
"f2b81a5d915a2e46a5d9acfa2b2dbde4","Columbia","Cornell",99,104,117.3,117.7,73.9,"-.049","+0.61","108.6","108.0","+0.61","137",109.4,106.7,68.3,"+.079","-6.77","106.2","113.0","-6.77",169.5,-2.5,"2026-01-05","Loss"
"1ceece750c7d7f879a521f8a072271a9","William & Mary","Charleston",88,79,108.8,110.3,67.8,"+.067","-1.78","109.3","111.1","-1.28","114",110.7,105.4,74.6,"+.106","+0.25","108.3","108.1","+2.45",162.5,-1.5,"2026-01-05","Hit"
"955a67941c3dad843ecc525c70205060","Dartmouth","Harvard",68,76,107.2,109.3,65.7,"-.043","-2.55","106.4","108.9","-2.55","244",105.2,112.3,71.5,"-.056","-3.40","106.2","109.6","-3.40",143.5,-6.5,"2026-01-05","Loss"
"c97ee405e02f09116fa108615005b29e","Northwestern St.","Nicholls",74,72,106.8,110.3,69.4,"+.017","+3.77","110.0","106.3","+10.82","302",105.5,117.5,66.1,"-.016","+3.65","108.9","105.2","+7.88",142.5,-8.5,"2026-01-05","Hit"
"2b65e6db3073e9fb59a8693c8c92244d","Incarnate Word","UT Rio Grande Valley",80,67,104.3,108.7,68.7,"-.117","+1.79","108.5","106.7","+7.22","153",111.6,111,67.5,"-.027","+1.62","110.0","108.3","+7.93",145.5,-1.5,"2026-01-05","Hit"
"1249723cc4eb70b2e564146177e44c2d","East Texas A&M","New Orleans",83,73,108.9,113.5,70.5,"-.018","+7.84","112.1","104.3","+15.52","321",97.7,111.4,70.8,"+.091","+2.90","109.0","106.1","+5.17",151.5,-7.5,"2026-01-05","Hit"
"16ff1cb4fca0f3948434c66deb14a906","Yale","Brown",53,70,100.5,106.8,67,"-.102","-7.05","104.0","111.1","-7.05","85",122.3,112.2,66.4,"+.129","-0.01","110.0","110.0","-0.01",146.5,9.5,"2026-01-05","Hit"
"0e2307755cf1242c4596871c8965279b","Prairie View A&M","Southern",85,89,103.6,110.6,72.4,"-.000","+10.69","115.6","104.9","+13.23","295",102.1,113.5,73.9,"-.055","+7.54","113.4","105.9","+9.03",162.5,-7.5,"2026-01-05","Loss"
"b5cb554c821156ebe1553b06af87e250","Texas Southern","Grambling St.",84,67,102.7,110,68,"+.081","+0.13","108.2","108.1","+1.79","333",99.3,115,71.5,"-.088","+9.54","113.7","104.1","+11.73",145.5,-6.5,"2026-01-05","Hit"
"b3923bd5fbc91b4c32557c77ccdcb1b7","Milwaukee","Green Bay",79,76,107.9,115.3,64.6,"+.048","+2.20","111.1","108.9","+5.39","204",108.2,112,69.3,"+.043","+2.20","111.1","108.9","+6.78",147.5,2.5,"2026-01-05","Hit"
"5cf11cbc5b77d58ef3ad4e6089a19377","Penn","Princeton",78,76,101.2,108.7,66.3,"-.086","-0.57","109.5","110.1","-0.57","213",108.3,112.4,70.8,"+.041","-2.15","107.1","109.2","-2.15",144.5,-2.5,"2026-01-05","Hit"
"c4edd83dd4ec467bcb6c829250ecf620","Lamar","Southeastern Louisiana",60,52,100.3,109.8,66.9,"+.002","+0.63","108.4","107.7","+6.16","231",102.9,108.5,66.8,"-.002","-2.36","107.2","109.6","-0.74",135.5,1.5,"2026-01-05","Hit"
"e1405c0269b8be5430d28a8405bd338e","Texas A&M Corpus Chris","Houston Christian",65,81,104.5,114.5,64.7,"-.024","+0.32","109.9","109.5","+0.34","201",102.8,106.3,66.3,"+.001","+7.69","112.5","104.8","+17.16",132.5,2.5,"2026-01-05","Hit"
"9ab36d72278bdbbda627e8d8b25c38c5","Alabama St.","Arkansas Pine Bluff",90,79,103.1,118.7,72.8,"+.044","+11.43","115.4","104.0","+13.38","278",106.1,115.9,69.3,"-.029","+6.27","110.8","104.5","+8.32",161.5,-1.5,"2026-01-05","Hit"
"174052b1708a2765b1a4a0f1a3a1b5ea","Alabama A&M","Mississippi Valley St.",51,71,90.8,123.1,68,"-.029","+5.36","112.3","107.0","+6.95","301",102.5,114.4,65.4,"+.035","-2.03","106.8","108.8","-0.79",136.5,10.5,"2026-01-05","Hit"
"dab0c33b0886f0158c6b83ac9f1ceeab","Texas Tech","Houston",69,65,121.6,94.2,63.9,"+.065","+2.30","109.4","107.1","+0.77","20",124.1,101.1,67.9,"+.060","+7.79","114.5","106.7","+7.77",143.5,-6.5,"2026-01-06","Hit"
"6e8b8955cb26d0ccd10410b8a5f2aeb4","Duke","Louisville",73,84,126.7,100.5,70.7,"-.022","+4.95","109.5","104.5","+1.86","9",124.9,95.8,68.5,"+.072","+5.46","110.8","105.3","+5.35",161.5,-1.5,"2026-01-06","Loss"
"6861ca088cecf61ae52f72770fdf2cf2","Georgia","Florida",92,77,120.5,94.7,70.7,"-.140","+8.08","113.7","105.6","+6.83","26",122,100.7,75.7,"+.031","-4.99","105.7","110.7","-6.64",174.5,-9.5,"2026-01-06","Hit"
"a02e13482759626f1da76073ea1b1696","Texas","Tennessee",85,71,119.6,95.1,67.7,"-.091","+1.98","110.2","108.2","-0.56","52",120.9,105.8,69.5,"-.113","-3.37","106.7","110.1","-5.00",154.5,-10.5,"2026-01-06","Hit"
"314491d2a4532caf0fb4e25c0a7edb62","TCU","Kansas",104,100,117.7,93.6,68,"-.027","+11.58","114.0","102.5","+10.45","53",112.1,97.3,67.3,"-.031","-3.82","105.7","109.6","-5.77",143.5,-7.5,"2026-01-06","Hit"
"384c5534c07fdf1dcecd68a04721ce40","Texas A&M","Auburn",88,90,123.7,104.3,68.4,"+.018","+10.13","114.8","104.6","+7.89","46",117.5,101.2,73,"+.003","-4.83","107.2","112.0","-6.79",168.5,-7.5,"2026-01-06","Loss"
"d44fa51dacdcb83e3df330a5b54dbbff","South Carolina","LSU",68,78,120.6,101.7,68.8,"+.014","-1.93","107.8","109.8","-3.64","90",114.2,104.4,66.2,"-.119","-6.71","105.8","112.5","-8.98",146.5,-7.5,"2026-01-06","Loss"
"c484d72e371651c60626ecc1c58ddaa6","UCLA","Wisconsin",80,72,117.3,100.8,71.1,"-.003","+3.70","110.9","107.2","-1.97","37",120.3,101.4,66.5,"-.025","+1.38","109.6","108.2","-4.09",152.5,-3.5,"2026-01-06","Hit"
"629f4e71eb8de03f4bdfd19263e57e71","St. John's","Butler",70,84,117.5,102.8,71.2,"-.021","+5.00","111.2","106.2","-2.50","25",119.2,97.8,71.1,"-.103","+7.58","113.3","105.7","+7.83",163.5,4.5,"2026-01-06","Hit"
"9a9cec73db8b987bce81e934a53ce059","Central Michigan","Akron",82,69,123.2,109.7,72.1,"-.091","-1.21","108.8","110.0","-1.87","330",101.3,116.6,67.1,"-.106","-1.68","107.7","109.4","+0.61",164.5,-23.5,"2026-01-06","Hit"
"02592130e7bb76fd1be97581d506e878","UCF","Oklahoma St.",87,76,117.4,105,74.7,"+.085","-0.86","108.5","109.4","-2.66","42",121.5,104.2,69.9,"+.073","+0.94","109.8","108.9","-0.70",173.5,-3.5,"2026-01-06","Hit"
"e57d8ebbb2c689153a4370b306b10385","Cincinnati","West Virginia",62,60,113.1,101.3,63.4,"-.107","-6.77","104.3","111.0","-9.36","65",106,93.5,70.5,"-.118","-0.39","107.6","108.0","-2.33",131.5,-2.5,"2026-01-06","Hit"
"d684744c65b56baf1ea90a2add7104cc","San Diego St.","Nevada",68,73,115.9,104.2,66.4,"+.097","+4.16","111.0","106.8","+2.42","50",116.2,100.9,69,"+.069","+4.77","110.9","106.1","+7.40",142.5,-1.5,"2026-01-06","Loss"
"91e74b01ba92f015d505913c786e607c","George Washington","Dayton",79,72,110.8,99.7,68.9,"+.008","-1.77","108.2","110.0","-0.76","63",120.8,108.1,70.5,"-.065","-1.98","107.2","109.1","-2.14",152.5,-3.5,"2026-01-06","Hit"
"301e946f0c84aedc1b338647ffb86404","New Mexico","Colorado St.",70,80,121.1,110.1,62.9,"+.066","+1.60","111.0","109.4","-2.23","59",112.8,99.5,69.1,"+.003","+2.07","110.0","107.9","+1.27",141.5,1.5,"2026-01-06","Hit"
"c8599a98653b831896c35c5508f2f9b8","Iowa","Minnesota",70,67,111.8,103,64.1,"+.009","-2.31","108.9","111.2","-9.77","17",121.5,97.2,63.9,"+.005","-2.37","106.6","109.0","-7.16",129.5,5.5,"2026-01-06","Hit"
"99d8bec7a7278d71bb98421ac6a3434e","Western Michigan","Miami OH",87,76,114.5,107.2,71.3,"+.081","-7.17","104.6","111.7","-10.68","269",106,115.1,69.5,"+.041","-3.01","107.0","110.1","-3.63",160.5,-13.5,"2026-01-06","Hit"
"3d719a03f63b04d8d52a928e1456bf11","UNLV","Wyoming",98,66,112,105.2,68.9,"-.010","-4.07","106.7","110.7","-6.02","137",110.4,107.5,72.3,"-.051","-1.91","106.6","108.5","+0.38",154.5,-4.5,"2026-01-06","Hit"
"137d1255eda2141463185a3be89fb141","Georgetown","DePaul",56,50,108.5,102.3,68.5,"+.004","-1.19","108.3","109.5","-9.92","107",114.5,108,68,"+.012","-0.55","107.5","108.1","-5.49",146.5,-2.5,"2026-01-06","Hit"
"d3a907a33895e99c1afef53a08010414","Syracuse","Georgia Tech",72,82,107.9,102.8,70.9,"-.001","-5.84","104.1","110.0","-7.94","84",111.7,101.1,68.2,"-.033","-2.60","105.6","108.2","-4.50",147.5,3.5,"2026-01-06","Hit"
"fd015599a3ca122b800f711a6cb464f3","Michigan","Penn St.",72,74,113.6,109.2,68.4,"+.073","-2.74","107.8","110.6","-8.92","1",126.4,87.1,75.2,"+.023","+9.98","114.1","104.2","+11.15",166.5,20.5,"2026-01-06","Loss"
"1575bff8ec463c8cd8d6babd09ed2666","Bowling Green","Kent St.",96,93,111.3,109.5,73,"+.181","-4.93","107.5","112.4","-4.43","114",109.4,104.1,69.2,"-.057","-3.65","106.5","110.2","-6.42",155.5,-2.5,"2026-01-06","Hit"
"895f55eed6b9573968fedf09f87380c1","N.C. State","Boston College",71,79,102.1,101.9,66.5,"-.106","-5.53","106.3","111.8","-6.96","32",119,99.4,70.1,"-.077","+6.17","112.0","105.8","+4.68",142.5,12.5,"2026-01-06","Loss"
"23dcb2e82a30a1ec7fcfff7535240093","Massachusetts","Ohio",86,83,106.2,108.8,69.9,"+.062","+1.68","109.1","107.4","+3.46","177",104.8,106.5,73.1,"-.083","-5.97","106.1","112.1","-7.70",159.5,-4.5,"2026-01-06","Hit"
"ca26c757d4691fa17ef465a2d5284b8f","Fresno St.","San Jose St.",55,70,110.1,113.2,65.8,"-.017","+5.25","111.3","106.1","+0.99","162",105.9,106.1,68.9,"-.107","+0.25","109.0","108.7","-3.03",146.5,-1.5,"2026-01-06","Loss"
"a762cf4f18b7d2a76a25ed87c254d3c0","Lindenwood","SIUE",66,62,100.1,108.7,66.2,"+.030","-9.07","103.1","112.2","-5.60","231",103.6,109.3,72.4,"+.110","-5.04","105.0","110.0","+3.71",143.5,-1.5,"2026-01-06","Hit"
"009176da27d8c938daab9aa29cde4246","Eastern Michigan","Ball St.",52,74,100,113.4,65.8,"-.069","-3.66","106.7","110.3","-5.33","205",104.3,108.2,66.6,"+.011","+1.12","109.7","108.6","+1.26",135.5,-1.5,"2026-01-06","Loss"
"785db5cb590a7ee53c9beb2a783f9c81","Toledo","Northern Illinois",61,75,102.5,116.1,68.2,"-.014","+0.82","108.8","108.0","+3.22","171",112.8,113.6,70.2,"+.027","-0.63","108.8","109.4","+2.00",158.5,7.5,"2026-01-06","Hit"
"3680d75ed8f0cfc176f98c0b40ea475d","Utah St.","Air Force",62,99,95.3,111.3,64.6,"+.016","-2.81","107.7","110.5","-6.22","30",119.7,99.4,69.6,"+.081","+1.72","110.8","109.1","+2.04",137.5,21.5,"2026-01-06","Hit"
"e7fbfaa049f9e2a8853912531f80054b","Kansas St.","Arizona",101,76,125.3,90.9,72.1,"+.019","+3.77","111.7","107.9","+3.17","71",116.7,105.1,73.4,"-.021","+3.43","111.2","107.8","+1.35",171.5,-17.5,"2026-01-07","Hit"
"6ea47064a90b7a5d39e5f0508f0f4ea8","Washington","Purdue",81,73,129.1,95.5,65.8,"+.051","+8.27","114.0","105.7","+7.43","52",116.5,101.3,68.2,"-.067","+3.65","112.1","108.5","-1.47",151.5,-16.5,"2026-01-07","Hit"
"fbd35fd064ab3f84b73c2602e8263d3f","Alabama","Vanderbilt",96,90,126.2,95.2,71.4,"+.042","+3.57","110.7","107.2","+2.16","14",128.4,102.6,73.8,"+.028","+12.45","115.4","102.9","+11.85",179.5,-3.5,"2026-01-07","Hit"
"b9aaa1daf9021fcd5edd1e005e1124c7","Arizona St.","BYU",104,76,124.8,96.6,70.9,"+.029","+4.77","110.5","105.8","+3.45","85",115.7,105.6,70.3,"+.018","+4.90","111.9","107.0","+4.74",166.5,-16.5,"2026-01-07","Hit"
"5474ad96f69b73c780b6da6c8bfd1147","California","Virginia",84,60,122.5,99.7,66.8,"-.024","-0.06","108.7","108.8","-4.03","75",114.4,103,67.6,"+.073","-3.79","107.3","111.1","-6.84",147.5,-13.5,"2026-01-07","Hit"
"2c5a390d39848455cfdb918896404ea4","Creighton","Villanova",72,76,120.8,98.1,64,"+.049","+4.90","111.6","106.7","+1.88","44",116.8,100.1,67.5,"-.030","+7.13","112.2","105.1","+5.17",143.5,-5.5,"2026-01-07","Loss"
"29fbb1c5193b6ce304c91630d50913cf","Missouri","Kentucky",68,73,120,98.3,68.8,"-.064","+4.42","111.3","106.9","+1.49","60",119.5,106.2,67.6,"+.106","-5.52","105.8","111.3","-7.65",151.5,-12.5,"2026-01-07","Loss"
"f2e3ba623b386fdc5fe81d0fb1096a5c","Iowa St.","Baylor",60,70,124.4,104.7,69.8,"-.010","+2.16","108.4","106.3","+0.11","3",125.8,91.6,69.6,"+.031","-1.06","107.5","108.6","-2.04",155.5,4.5,"2026-01-07","Hit"
"993403f88c4a0393a01e3d10995e66b9","SMU","Clemson",74,70,117.4,98.2,65.9,"+.032","+4.03","110.1","106.1","+1.31","31",123.1,103.3,69.8,"+.082","+3.28","111.3","108.0","+2.07",147.5,-3.5,"2026-01-07","Hit"
"22ce65a08c0e9a67e4cb0348392e98fa","Saint Louis","VCU",62,71,120.5,102.9,70.2,"-.086","-0.74","108.1","108.8","-2.20","39",120.2,102.2,72.7,"+.007","-6.62","103.8","110.5","-6.36",171.5,-1.5,"2026-01-07","Loss"
"d50e320a16d55648940fe0e955657e69","Grand Canyon","Boise St.",58,75,112.9,97.4,67.6,"+.017","+9.75","113.8","104.1","+7.58","101",108.1,101.3,68.1,"-.049","-3.44","108.1","111.5","-6.39",136.5,-8.5,"2026-01-07","Loss"
"dfba84fc8f1232048a44473fc4d55d18","Stanford","Virginia Tech",68,69,114.6,101.1,69.6,"+.070","+2.71","111.1","108.4","-0.16","84",112.6,101.9,69,"+.025","+0.29","108.1","107.8","-1.82",150.5,-3.5,"2026-01-07","Loss"
"a270e1970515bf14474ead3fa10d36b3","Miami FL","Wake Forest",77,81,112.8,99.9,71,"+.025","+4.05","111.8","107.8","+1.36","35",117.6,99,70.6,"-.001","-5.91","106.3","112.2","-7.06",156.5,-1.5,"2026-01-07","Loss"
"43e3e14963193e2a5b0061e12751b90c","Connecticut","Providence",98,103,119.6,106.9,72.6,"-.085","+4.72","110.1","105.4","-0.59","7",121,90.6,66,"+.051","+7.65","111.9","104.3","+7.46",151.5,9.5,"2026-01-07","Loss"
"f9fb232d507caf3cc483c933bb427385","Arkansas","Mississippi",87,94,113.6,101.3,66,"-.084","+0.84","108.8","108.0","-1.08","24",122.9,100.8,72.3,"-.005","+4.48","112.1","107.6","+2.64",150.5,3.5,"2026-01-07","Hit"
"06f7ae2702460c65dcda2469a738e403","Oklahoma","Mississippi St.",72,53,114.8,103.4,69.7,"+.032","+4.44","111.2","106.7","+3.06","48",122.7,106.4,67.3,"-.003","-4.08","106.0","110.1","-5.69",158.5,-1.5,"2026-01-07","Hit"
"4805828ce58327379d9e794900024f8e","Utah","Colorado",85,73,118.4,107.6,70.4,"-.001","+0.11","109.6","109.5","-1.11","128",113.7,110.1,69.5,"+.031","+0.50","109.0","108.5","-1.38",162.5,-9.5,"2026-01-07","Hit"
"b972e235bf7fd2a1e280f865c5923249","Belmont","Northern Iowa",65,78,105.2,95.1,63.2,"-.039","-2.01","107.9","109.9","-0.66","73",115.4,103.9,70.5,"-.043","-3.45","105.4","108.8","-4.01",136.5,-2.5,"2026-01-07","Loss"
"f0e6aabec42a4b20e070a81d4d2ccf45","Gardner Webb","High Point",104,49,119.4,109.9,70,"-.026","-9.05","102.9","112.0","-9.05","359",98.2,120.7,71.4,"-.030","+4.33","111.7","107.3","+5.57",163.5,-27.5,"2026-01-07","Hit"
"793c66bdd92baff253389be9b5306e81","Rice","Wichita St.",64,66,115.2,105.8,65.4,"-.149","+0.09","109.0","108.9","-1.45","254",105.3,113.1,66.3,"+.003","+0.83","108.4","107.6","-1.32",140.5,-12.5,"2026-01-07","Loss"
"35554dfd254938799789b599656ce5a1","Florida Atlantic","UAB",71,76,113,106.4,70,"-.021","-1.84","108.3","110.1","-4.18","105",113.7,107.2,70.2,"-.081","+2.62","110.2","107.5","+4.40",161.5,-4.5,"2026-01-07","Loss"
"f4aa172d9fd55ead15378346514e4c15","Indiana","Maryland",66,84,109.7,103.9,68.3,"+.051","+5.30","111.5","106.2","-1.00","27",119.8,98.8,68.9,"-.040","-0.15","108.9","109.1","-3.17",146.5,8.5,"2026-01-07","Hit"
"6ae8cd46d1371ae729677d9ffa80efde","Richmond","St. Bonaventure",80,89,113.2,107.8,67.4,"+.050","-1.88","107.9","109.7","-3.71","117",113.1,108,69,"-.021","-5.51","106.7","112.2","-7.54",150.5,-5.5,"2026-01-07","Loss"
"70102988ab8bbb91dcda27c6ec187ee7","Xavier","Marquette",66,65,109.6,104.7,71.1,"-.130","+6.27","111.3","105.0","+1.34","106",112.3,105.9,70.7,"+.092","+4.89","109.3","104.4","+0.20",157.5,-4.5,"2026-01-07","Hit"
"a6c7dca1c7b0069e9355e9ba6b940bd2","La Salle","Rhode Island",72,79,107,102.6,66.9,"-.047","-4.01","107.7","111.7","-4.62","250",103.1,110.7,65.3,"-.090","+3.95","111.6","107.6","+2.48",134.5,-10.5,"2026-01-07","Loss"
"be0abdd2c04d7c1974711e6fd327346b","VMI","East Tennessee St.",81,67,111.6,107.8,67.3,"-.056","-6.18","104.5","110.7","-5.17","333",102.1,118.6,68.2,"+.019","-3.69","108.2","111.9","-1.48",146.5,-16.5,"2026-01-07","Hit"
"03c9eec5d5d7d9a0f637d8d2141a9d85","South Florida","North Texas",70,74,102.3,99,64.9,"+.086","+0.04","109.6","109.5","-2.52","90",114.3,104.4,73.1,"-.113","+4.23","112.5","108.3","+4.49",144.5,4.5,"2026-01-07","Loss"
"39bc843da119aff645f9a6322db53a01","Drake","Bradley",93,66,108.8,105.6,68.1,"+.000","-1.49","107.8","109.3","-4.42","156",110.4,110.2,65.8,"-.097","-1.81","106.9","108.7","-3.60",144.5,-6.5,"2026-01-07","Hit"
"15b618b937cdb21481f181add08935c1","Troy","Arkansas St.",86,74,111.2,108.7,73.3,"+.101","+0.98","108.7","107.7","+2.71","135",110,106.7,67.5,"+.019","+0.72","109.3","108.6","+4.20",160.5,-3.5,"2026-01-07","Hit"
"77e6663351e4ed89ef6e5c02f14804dc","South Dakota","St. Thomas",99,86,110.6,108.6,69,"+.076","-3.82","108.2","112.0","-3.05","289",106.8,117.4,71.3,"+.043","-2.36","107.0","109.4","-3.37",161.5,-14.5,"2026-01-07","Hit"
"0363446a9406c31c9f6772fd80235728","East Carolina","Temple",75,67,113.9,112.4,66.9,"+.035","-4.57","104.3","108.9","-4.04","281",99.4,109.2,70.3,"+.009","-2.35","107.6","110.0","-1.80",144.5,-7.5,"2026-01-07","Hit"
"cfc16693a2995f995f30f2a1fb51b3db","Charleston Southern","Winthrop",81,77,115,114,68.7,"-.116","-2.17","107.9","110.1","+0.59","228",105.7,110.8,71.8,"+.013","-6.97","105.3","112.3","-5.06",165.5,-8.5,"2026-01-07","Hit"
"e1df501a1ddd945f174214b1ae640e65","The Citadel","Mercer",101,63,109.1,109.1,70.3,"-.008","+5.40","112.5","107.1","+5.10","358",100.2,122.6,65.9,"-.049","-2.12","107.9","110.1","-1.28",147.5,-15.5,"2026-01-07","Hit"
"c3756cead208cea41c75df8b4558bfc0","Missouri St.","Kennesaw St.",90,80,106.7,108.4,74.1,"-.040","-2.33","108.1","110.4","-5.67","201",105.1,108.4,65.3,"+.065","-3.13","106.4","109.5","-1.54",151.5,-5.5,"2026-01-07","Hit"
"5ad945d48a1849d9f3fb4869392603fb","American","Colgate",64,62,108.9,111,67.3,"+.072","+1.47","109.9","108.5","+4.29","235",105.3,111.3,69.1,"+.106","-3.29","107.4","110.7","-0.58",148.5,-4.5,"2026-01-07","Hit"
"46701f323e3af8d819dc9f31306974d3","Purdue Fort Wayne","Youngstown St.",69,71,105.4,108,68,"-.085","-2.80","108.6","111.4","-1.06","256",104.6,112.8,69,"+.121","+0.19","110.2","110.0","+7.33",144.5,-5.5,"2026-01-07","Loss"
"06a0bf843843861eedc4ff8dddca74b8","Illinois St.","Valparaiso",77,71,104,106.7,66.4,"-.048","-1.51","106.9","108.4","-5.02","81",112.9,101.9,67.6,"+.033","-2.04","108.1","110.2","-2.18",138.5,7.5,"2026-01-07","Hit"
"c4f17927a2806280235477fb2856e0ec","George Mason","Fordham",58,67,104.8,107.9,64.4,"-.143","-11.68","102.6","114.3","-15.16","88",113.8,103.9,65.8,"+.040","-6.96","106.2","113.1","-7.98",132.5,4.5,"2026-01-07","Hit"
"0ff2650d122e243bf254c170c65dfdd3","Bucknell","Navy",76,55,104.7,108.1,68.1,"+.043","-9.30","103.0","112.3","-8.36","312",98,110.8,67.5,"-.015","-0.55","108.9","109.4","+1.94",137.5,-8.5,"2026-01-07","Hit"
"804a88fba162a0703ca17022fd7de75b","Southern Illinois","Illinois Chicago",70,57,106,109.8,67.8,"-.130","-0.14","109.5","109.6","-4.01","115",108.6,103.5,71.4,"-.101","+4.17","110.2","106.1","+1.95",148.5,2.5,"2026-01-07","Hit"
"210c853302b33503001043aa2054ec57","Marshall","James Madison",64,66,110.8,114.9,66.2,"+.090","-1.08","108.5","109.6","-2.22","160",109.7,109.8,70.6,"+.082","-2.12","107.7","109.9","-0.85",154.5,-1.5,"2026-01-07","Loss"
"f9d518e87ca0b5ef1db4a857c1a01e19","Duquesne","Saint Joseph's",97,90,103.9,108.3,68.1,"+.033","-3.73","105.7","109.4","-6.50","134",111.4,108,71.9,"-.052","-2.58","108.3","110.8","-5.93",149.5,2.5,"2026-01-07","Hit"
"8afad40583dc69cc023105e2dea1cfe9","FIU","Jacksonville St.",71,64,103.7,108.7,65.2,"-.019","-3.67","106.4","110.1","-5.48","159",109.7,109.7,72.5,"+.031","-1.11","109.2","110.3","+1.01",150.5,-1.5,"2026-01-07","Hit"
"dc202e0abff14cf38eef93a567aaba33","UNC Greensboro","Wofford",97,85,107.3,112.4,68.3,"+.155","-4.09","109.1","113.2","-2.65","277",106.5,116.1,67.7,"+.010","-2.80","108.2","111.0","-0.88",152.5,-7.5,"2026-01-07","Hit"
"880967ce89c6c51fd3f99b5ff219b8b5","Western Carolina","Samford",82,77,107.4,113.2,66.6,"+.069","-1.45","109.2","110.7","+0.08","269",103.1,112,70.7,"+.074","+6.77","111.9","105.1","+9.60",154.5,-7.5,"2026-01-07","Hit"
"54ce9e845031066387877df8c5f10e87","Presbyterian","Radford",80,61,106.6,113.4,73,"-.052","-4.93","106.3","111.2","-4.92","279",101.5,111.2,63.7,"+.003","-3.25","106.9","110.2","-2.14",147.5,-6.5,"2026-01-07","Hit"
"6564e250b108074bc9e3d75c6bd16c40","Longwood","UNC Asheville",72,61,104.7,112.4,66.6,"-.046","+0.73","110.0","109.2","+0.44","286",103.6,113.9,69.6,"+.060","-6.81","104.4","111.3","-9.23",148.5,-2.5,"2026-01-07","Hit"
"9313e8a990ccd91d945b20ab889943c6","Furman","Chattanooga",67,78,106,114.9,66.3,"-.048","-3.26","108.0","111.3","-2.05","164",108.9,109.2,67.4,"+.103","-1.00","109.5","110.5","+0.82",146.5,2.5,"2026-01-07","Hit"
"2d1bdba1559c676b7eeba8b752531b4f","Davidson","Loyola Chicago",64,79,106.4,115.9,66,"+.071","-2.97","106.2","109.2","-5.20","131",109.3,105.8,65.1,"+.055","-0.52","108.5","109.1","-0.54",135.5,-1.5,"2026-01-07","Loss"
"fc2a435410ed7226e4652d1c59aa5233","Murray St.","Evansville",69,79,98.8,108.7,69.4,"-.065","+4.94","110.6","105.7","+4.00","89",117.5,107.6,72.6,"+.047","-1.91","108.5","110.4","-2.95",153.5,7.5,"2026-01-07","Hit"
"eec35829260783ca7cec4f0705d2f599","Charlotte","UTSA",58,74,98.2,110.3,70.3,"+.018","+3.44","111.6","108.2","+2.08","180",111.4,113.4,63.7,"-.067","-1.33","108.2","109.5","-1.60",141.5,5.5,"2026-01-07","Hit"
"867da6ae6af7ba307538ccc37bbda9b8","Boston University","Lafayette",67,83,102.1,115.6,68.3,"-.086","-4.39","107.0","111.4","-3.19","290",109.6,120.3,63.1,"-.023","-3.64","105.6","109.3","-3.43",142.5,1.5,"2026-01-07","Hit"
"84b5fec10a1f156ca902b8be6a69c12c","Holy Cross","Lehigh",66,58,98.9,113.5,68.6,"-.057","-3.33","105.7","109.0","-0.99","327",100.8,115.7,64.8,"+.044","-1.51","107.3","108.9","+0.83",137.5,-2.5,"2026-01-07","Hit"
"118da0ea89f461e95804b54bc09ed446","Loyola MD","Army",76,84,100.9,116,66.9,"+.091","-4.43","107.2","111.7","-3.46","346",103.2,121.2,68.4,"-.073","-7.07","103.7","110.8","-6.44",145.5,-3.5,"2026-01-07","Loss"
"19b565450bd36d20db18ee7bed52d607","Santa Clara","Gonzaga",89,77,125.3,94.5,71,"+.098","+5.07","111.2","106.1","+7.88","55",118.4,104.3,70.2,"-.002","+0.97","108.0","107.1","+3.56",166.5,-16.5,"2026-01-08","Hit"
"8a9a064331686e936ae65b39db54d2b4","Rutgers","Illinois",81,55,126.7,97.1,67.2,"-.030","+7.75","113.5","105.7","+4.10","155",108.2,107.6,66,"+.083","+0.90","107.2","106.3","-7.34",145.5,-22.5,"2026-01-08","Hit"
"f8c405a63b243237594d476e17babd7a","Northwestern","Michigan St.",76,66,117.2,90.3,66.7,"-.033","+6.94","113.8","106.9","+2.49","59",118.2,104.8,67.3,"-.138","+2.00","109.5","107.5","-2.19",143.5,-13.5,"2026-01-08","Hit"
"a803a2d54c72b0d1b30d4569082c4ae7","Ohio St.","Oregon",62,72,115.1,103.7,67.9,"-.066","+4.96","111.3","106.3","+1.56","38",120.5,102.2,68.8,"-.052","+2.63","109.9","107.2","-4.24",152.5,-1.5,"2026-01-08","Loss"
"7862a46a8f8c959d751f365f16593efd","Cal St. Fullerton","UC San Diego",71,88,115.8,106.4,68.6,"-.071","-0.04","107.7","107.7","-0.02","235",107,112.8,75.3,"-.052","+3.34","110.2","106.9","+5.24",166.5,-13.5,"2026-01-08","Loss"
"28218bc04355bd4b60e57c4ed9f3043d","Southern Utah","Utah Valley",89,72,110.7,102.4,70.6,"+.051","+1.89","108.9","107.0","+2.30","331",99.2,114.8,71.1,"-.067","+2.10","109.4","107.3","+3.01",154.5,-19.5,"2026-01-08","Hit"
"011b53c600db9f8a73d330538541beac","Delaware","Sam Houston St.",72,60,112.5,108.4,71.9,"-.057","+5.80","112.5","106.7","+5.45","271",101.3,110.5,64.3,"-.004","-6.11","104.0","110.2","-5.35",143.5,-11.5,"2026-01-08","Hit"
"217b8ab5ac4f2ed9c987851018fefdb2","San Francisco","Loyola Marymount",84,82,106.3,102.3,67.6,"-.013","-1.09","108.5","109.6","-5.37","102",111.7,104.5,65.8,"-.017","+0.37","108.0","107.7","+1.53",139.5,-1.5,"2026-01-08","Hit"
"f4738b6a292768ed82a3408795a50d55","Long Beach St.","UC Irvine",74,64,104,100.2,68.2,"+.039","-2.09","107.2","109.2","+0.26","245",106.6,113.4,67.7,"-.009","+2.67","109.3","106.7","+3.86",142.5,-9.5,"2026-01-08","Hit"
"55b9c478ce65e662ff4fcfbf2ba7a09a","Utah Tech","Cal Baptist",84,72,106.9,105.1,67,"+.055","-1.18","107.5","108.7","-3.86","208",105.7,109.6,66.6,"+.055","+0.89","108.9","108.0","+3.35",143.5,-8.5,"2026-01-08","Hit"
"9b01a2ad0a5bd4f37657fcc9ce65faf7","Western Kentucky","New Mexico St.",80,64,109.3,108.1,68.4,"-.040","+0.49","108.1","107.6","-0.04","153",108.9,108,71.6,"+.029","-0.32","108.2","108.5","+0.82",155.5,-2.5,"2026-01-08","Hit"
"95e811720c0d7802fd29fcf057083728","Abilene Christian","Tarleton St.",80,84,107.9,107.9,70.5,"+.084","+2.51","108.1","105.6","+2.63","215",103.3,107.6,66,"+.127","+0.49","107.5","107.0","+1.30",140.5,-3.5,"2026-01-08","Loss"
"2ea8ab37a5a69078efad4ccdd87b6bf7","UC Davis","UC Santa Barbara",86,93,111.8,112.2,65.4,"-.006","-3.14","106.3","109.4","-1.36","171",108.8,109.8,69.4,"+.017","+0.30","107.6","107.3","+1.82",147.5,-4.5,"2026-01-08","Loss"
"943997e189a76ddcfbc1e0eabbc20bb6","Austin Peay","Florida Gulf Coast",71,82,111.6,112.2,69.3,"-.071","-0.02","109.1","109.2","+0.78","201",102.2,105.5,70.1,"+.012","-1.95","108.5","110.4","+2.26",153.5,-3.5,"2026-01-08","Loss"
"d5a4927fa67856c62f7999beb1036c92","Idaho St.","Northern Colorado",85,72,110.3,111,70,"+.062","-0.85","109.4","110.2","-1.89","173",111,112,64.5,"-.102","+0.44","108.6","108.2","+2.89",155.5,-4.5,"2026-01-08","Hit"
"738c1125081c0642051abfc3e48e8606","Mercyhurst","LIU",60,58,108.9,111,69.5,"+.084","-0.45","108.6","109.1","+2.14","317",98.2,112.1,64.7,"-.050","-3.47","107.2","110.7","+0.55",139.5,-8.5,"2026-01-08","Hit"
"78f6f8c45607f6d51f9d731d4048078e","Denver","South Dakota St.",87,79,108.8,111.2,68.8,"-.118","-0.42","106.9","107.3","+1.80","252",114.2,121.5,68.8,"+.064","+5.19","111.8","106.6","+7.09",162.5,-8.5,"2026-01-08","Hit"
"6457195e2eae1fdfd078582a62c1bbd9","Texas St.","Southern Miss",80,70,107.1,109.6,68.6,"+.028","-0.79","108.1","108.9","+4.12","269",102.7,111.9,66.9,"+.100","-7.02","103.7","110.7","-8.03",146.5,-4.5,"2026-01-08","Hit"
"6afc17ce018a9aa64bc16c6a526cbe4c","Binghamton","Vermont",60,59,111.8,114.3,65.6,"-.019","-2.49","106.2","108.7","-1.78","363",97.2,122.6,67.2,"-.042","-9.67","102.4","112.0","-8.23",142.5,-18.5,"2026-01-08","Hit"
"2c9bfe53d5458bc5e8f876c468ae6c7d","Montana","Idaho",73,79,109,111.7,66.3,"+.051","-0.34","108.9","109.2","+0.92","192",108.6,111.2,70.8,"+.057","+0.31","109.2","108.9","+3.23",151.5,-4.5,"2026-01-08","Loss"
"ea3bfd3574a54ac20cc234bddebf742b","Cal Poly","CSUN",95,90,107.4,110.6,74.3,"+.069","-0.66","107.1","107.7","-0.08","242",103.7,110,75.1,"+.048","+2.46","110.9","108.4","+5.08",174.5,-7.5,"2026-01-08","Hit"
"e3241ca0e93094b25ba1594808966610","Hampton","Campbell",86,72,108.5,112.1,70.7,"+.088","+5.37","111.1","105.8","+6.95","247",102.1,109.1,66.5,"-.002","-5.37","103.8","109.2","-5.81",146.5,-7.5,"2026-01-08","Hit"
"748c3ad56439a02a25c50d81ed658dc0","Pepperdine","San Diego",83,63,106.1,110.4,70.3,"+.028","+2.98","110.7","107.8","-1.14","255",100.3,108,67.5,"-.085","+2.03","110.2","108.1","-3.15",147.5,-4.5,"2026-01-08","Hit"
"cc0f8b9659c3bccf3c34d8e954dc3b49","Seattle","Oregon St.",68,55,107,111.7,65.6,"+.071","-0.67","107.5","108.1","-3.01","112",106.4,100.5,69.1,"+.025","-0.44","109.2","109.6","-4.38",138.5,4.5,"2026-01-08","Hit"
"79ea4a2156caecba77e4d8f74a17b6f9","William & Mary","Monmouth",81,70,104.1,108.8,67.1,"-.040","-3.88","105.3","109.2","-4.09","116",109.3,104.6,75.2,"+.072","+0.57","108.5","108.0","+2.49",156.5,2.5,"2026-01-08","Hit"
"658de22d653d6ae005a9660a5578a5dc","Liberty","Louisiana Tech",56,72,100.9,105.7,64,"-.009","-4.32","105.6","109.9","-6.42","105",115.6,109.1,64.9,"+.133","-0.21","107.8","108.0","+1.48",133.5,4.5,"2026-01-08","Hit"
"d9e1a265b1a8c6607b095da3f7618089","UNC Wilmington","Northeastern",78,87,108,113,69.4,"-.044","-0.19","109.3","109.4","-0.07","117",110.2,105.7,64.8,"+.030","-9.45","102.1","111.6","-8.79",148.5,4.5,"2026-01-08","Hit"
"01032f66cbde81efbf3c655fd499a9a0","Pacific","Portland",90,89,103.6,108.8,70.4,"-.005","+2.09","111.0","108.9","-0.98","129",109.7,106.1,66.2,"+.025","-1.49","107.0","108.5","-0.70",144.5,2.5,"2026-01-08","Hit"
"6780b4f558ab150aae49a2dde8ff6ff6","Montana St.","Eastern Washington",64,68,109.6,116.9,70.1,"-.147","+6.27","111.5","105.2","+6.69","159",108.7,108.6,66.2,"-.091","+1.99","110.5","108.5","+4.81",155.5,2.5,"2026-01-08","Hit"
"7e8847a694a69eeb0e8ffb4a048df30e","Old Dominion","Coastal Carolina",66,70,100,108.4,69.7,"+.069","-3.62","106.4","110.0","-2.09","254",104.3,111.9,69.9,"-.123","+1.86","109.7","107.8","+7.30",148.5,-4.5,"2026-01-08","Loss"
"f27ecbcb36e5db7d816f8e6a207ce798","Little Rock","SIUE",70,73,99.2,107.7,66,"+.057","-9.41","102.6","112.0","-5.97","306",100.7,113.1,66.9,"-.023","-1.01","107.1","108.1","+3.88",133.5,-2.5,"2026-01-08","Loss"
"d2eac42a7392b6fddadeeab70ac7ec60","Stonehill","Central Connecticut",76,69,105.1,113.6,65.5,"+.048","-2.52","106.2","108.7","-1.11","347",93.7,111.8,66.8,"-.037","-3.75","105.2","109.0","-1.37",134.5,-8.5,"2026-01-08","Hit"
"025f34aa47c6032d3bfcdc40db073523","Middle Tennessee","UTEP",83,80,101.7,110.5,65.3,"-.055","+4.21","108.3","104.1","+5.12","124",109.9,105.9,65.8,"+.062","+7.17","112.0","104.9","+12.77",134.5,4.5,"2026-01-08","Hit"
"ebe6c4cbb855e727cf29e5fd5288cdfa","Maine","UMBC",69,62,105.1,114.1,67.6,"+.004","-6.77","104.5","111.3","-6.77","348",90.9,109.7,65.4,"-.068","-3.01","106.2","109.3","-1.92",131.5,-6.5,"2026-01-08","Hit"
"8aadf4167546acfff3320d8df33fee32","Central Arkansas","Bellarmine",84,78,110.7,119.7,66.6,"-.050","+2.37","111.6","109.2","+4.09","224",106.1,110.8,69.3,"-.059","+1.05","109.3","108.3","+4.97",155.5,2.5,"2026-01-08","Hit"
"fdc9b797d2563274121240b13e449887","North Alabama","Eastern Kentucky",88,80,106.2,115.6,68.8,"-.031","+2.15","110.5","108.4","+3.32","295",100.6,111.9,67,"+.061","+0.56","108.6","108.0","+3.90",148.5,-6.5,"2026-01-08","Hit"
"3ead32c97a4f19412a4d8fb24db5bb8e","North Dakota","Nebraska Omaha",90,79,105.6,115,67.3,"+.036","+2.03","110.0","108.0","+3.90","312",100.7,114,68.4,"+.074","-2.61","107.5","110.1","-0.77",146.5,-5.5,"2026-01-08","Hit"
"4ff8f01b4296f49fe04285f9dfd11c94","Stony Brook","Drexel",56,37,103.2,113.1,65.2,"-.101","-6.61","103.5","110.1","-9.90","256",102.6,110.6,65.6,"+.085","-3.26","105.4","108.6","-3.33",131.5,-5.5,"2026-01-08","Hit"
"4b712f15b79d5e19c971f02537e2b052","Weber St.","Northern Arizona",65,78,101.3,112.4,66.5,"+.015","+0.56","109.0","108.5","-0.23","212",108.7,112.9,70.1,"-.115","-2.59","105.5","108.1","-0.86",149.5,1.5,"2026-01-08","Hit"
"00be82d3aba92d8061456efcb9dd5e76","UC Riverside","Cal St. Bakersfield",67,66,102.1,113.5,70.2,"+.069","-0.28","107.2","107.5","-1.62","279",105.5,115.3,68.5,"+.051","+4.28","109.1","104.9","+4.67",150.5,-3.5,"2026-01-08","Hit"
"afc714726fe11a91cdf747d3bcc8ae02","New Haven","Le Moyne",73,47,105.4,117.5,69,"-.023","-4.51","105.8","110.3","-2.43","335",96,112.6,64.5,"+.006","+1.34","106.6","105.2","+3.97",137.5,-5.5,"2026-01-08","Hit"
"a4890ef4db65c08a063c0c648bff7d24","Appalachian St.","Georgia St.",50,52,100.3,112.3,69.3,"-.032","+1.27","108.3","107.0","+1.80","236",104,109.9,63.7,"+.056","-3.25","107.3","110.5","-1.62",139.5,1.5,"2026-01-08","Hit"
"91e77ce6654f95c63df1f8bd6c6bd542","Tennessee Martin","Morehead St.",68,76,100.9,113.1,67.2,"+.094","+1.09","108.6","107.5","+7.48","220",103.3,107.9,65.8,"+.120","-4.39","105.3","109.7","-0.21",137.5,2.5,"2026-01-08","Hit"
"bf884ebc859f64c0765faee7a118fa54","Elon","North Carolina A&T",64,69,102.7,115.3,70.7,"-.011","-7.70","104.0","111.7","-9.16","151",115.7,114.9,68.5,"-.046","-2.33","108.2","110.5","-1.10",160.5,6.5,"2026-01-08","Loss"
"4705dc00bc80f3df87b0d2fdad1dd075","Saint Francis","Wagner",69,71,103,115.8,67.1,"-.017","-0.57","106.8","107.4","+4.46","362",94.3,119.4,70.1,"+.030","+1.97","110.1","108.1","+6.11",144.5,-7.5,"2026-01-08","Loss"
"85d407598e873e32b86422fbcf874328","UMass Lowell","Bryant",63,77,98.2,111.4,66.2,"+.010","+2.21","106.8","104.6","+3.61","300",104.7,116.3,70.1,"-.034","+1.36","108.1","106.7","+3.28",143.5,-2.5,"2026-01-08","Loss"
"f2770565b7fbfe9e9770e4e0dc0e6c44","Tennessee Tech","Eastern Illinois",71,61,96.8,110.3,66.5,"-.025","+4.25","109.5","105.2","+12.24","307",101.9,114.4,69.5,"-.064","-1.10","107.6","108.7","+4.32",140.5,2.5,"2026-01-08","Hit"
"a4b4cf3c30efe841cad7d1c8dcddf5c3","Queens","Jacksonville",51,77,100.4,114,64.4,"+.098","+4.45","110.8","106.4","+4.53","211",115.6,119.8,69.5,"+.014","+1.67","111.6","109.9","+5.83",155.5,5.5,"2026-01-08","Hit"
"5c24158e57682541baf979c47e808b1f","Louisiana Monroe","Louisiana",85,79,95.4,109.9,63.4,"-.046","-3.11","106.0","109.1","-1.32","354",99.8,120.1,71.8,"-.090","-3.66","105.5","109.2","+1.15",139.5,-7.5,"2026-01-08","Hit"
"261b94238e0f32f820394daf57469f90","Southeast Missouri","Southern Indiana",76,84,96.4,111.7,69.7,"-.077","-4.21","105.9","110.1","-1.34","229",104.1,109.3,71.2,"-.011","-1.60","107.1","108.7","+4.80",144.5,7.5,"2026-01-08","Hit"
"208ed6da4a21bdd06734363068cf9eff","North Dakota St.","Kansas City",73,97,96,111.4,70,"+.002","+3.43","112.0","108.6","+5.00","149",108.5,107.4,67.7,"-.019","-3.34","106.3","109.7","-1.33",144.5,9.5,"2026-01-08","Hit"
"0ede38062107b90e2f2e80444d8214fe","West Georgia","North Florida",73,85,106.2,123.3,71.4,"-.078","+7.73","111.2","103.5","+8.95","301",103.4,115.3,69.3,"+.190","-2.38","108.3","110.7","+1.21",165.5,2.5,"2026-01-08","Hit"
"cc9b88954bb5d0d80221973a1470915e","Lipscomb","Stetson",91,83,99.8,117.7,67.5,"+.035","+1.28","108.5","107.2","+2.39","143",108.2,106.4,70.6,"+.032","+0.51","108.6","108.1","+5.02",150.5,11.5,"2026-01-08","Hit"
"e7793c9bd17891d1f22a5964d39d0e7a","New Hampshire","NJIT",80,76,92.7,112.4,68.7,"+.103","-2.26","107.6","109.9","-0.69","334",95.1,111.7,68,"+.002","+4.08","110.9","106.8","+5.56",135.5,1.5,"2026-01-08","Hit"
"b3ca7d298d4ba843b37bb713498d80b4","Chicago St.","Fairleigh Dickinson",70,63,100.7,120.5,67.8,"-.044","-0.30","106.6","106.9","+3.57","351",98.8,118.3,67.7,"-.010","+8.09","112.2","104.1","+11.43",143.5,-3.5,"2026-01-08","Hit"
"372013df95df3c72501aa256768883af","Tennessee St.","Western Illinois",68,90,96.2,116.6,65.9,"-.064","-2.67","105.6","108.3","-2.20","239",103.3,109.3,72,"+.169","-0.53","107.7","108.3","+5.10",146.5,6.5,"2026-01-08","Hit"
"e20b70c1aaf0e41f470a32dc1f961120","USC","Minnesota",69,70,111.7,101.7,64.6,"+.033","-0.03","109.7","109.7","-9.57","47",117.8,101.7,71.5,"+.157","+6.00","110.2","104.2","-0.49",145.5,-3.5,"2026-01-09","Loss"
"63b1eab0cfbf8547a1ef6938682eec95","UNLV","Colorado St.",70,62,120.5,110.5,62.8,"+.038","+2.14","110.9","108.8","-2.56","147",109.5,108.2,72.2,"-.035","-0.41","107.3","107.7","+0.41",149.5,-6.5,"2026-01-09","Hit"
"d2150747fc7fb3a566a2880338874f1c","Akron","Bowling Green",67,77,111,105.8,68.8,"-.092","-2.71","106.9","109.6","-6.49","64",122.3,109.5,72.1,"-.076","-2.74","107.7","110.4","-2.10",163.5,4.5,"2026-01-09","Hit"
"4f3d92888e3039c40b878e2fab83c4c6","Cleveland St.","Oakland",97,72,117.9,114.4,71.7,"+.074","+8.93","112.1","103.1","+16.60","320",105.8,120.1,69.3,"-.039","-0.65","109.8","110.5","+4.73",170.5,-13.5,"2026-01-09","Hit"
"d3d1735ff046ba91c0a8dbf87cc72b2f","Miami OH","Toledo",73,87,112,112,70.1,"+.026","-1.25","108.3","109.5","+2.16","104",113.8,106.9,71.5,"+.074","-7.83","104.5","112.4","-10.53",166.5,-1.5,"2026-01-09","Loss"
"1eba358c75b6acd11d415b9556a5c77c","Merrimack","Siena",59,63,104.9,106.7,66.1,"+.021","-8.34","103.2","111.5","-5.67","247",102.4,109.6,65.1,"+.164","-3.45","107.3","110.8","+2.97",133.5,-5.5,"2026-01-09","Loss"
"c0e07a80ad5fed3e74d418deff9d243f","Northern Kentucky","Milwaukee",67,85,108.5,112.3,68.9,"+.016","+1.86","110.7","108.9","+6.56","193",106.4,109.1,70.9,"+.088","-5.88","108.1","114.0","-3.93",157.5,-2.5,"2026-01-09","Loss"
"a2c3fb169a1377ae753636402704cb50","Niagara","Iona",71,53,104.5,109,72.6,"+.158","-3.27","105.9","109.1","-2.96","355",98.1,118.6,63.6,"-.011","-6.39","104.8","111.2","-5.57",141.5,-9.5,"2026-01-09","Hit"
"bea7ffd2523af60d81a618055ee89706","IU Indy","Green Bay",75,59,108.5,115.2,63.9,"+.080","+1.67","110.7","109.0","+5.69","339",104.3,121.2,76.3,"+.015","-2.51","107.2","109.7","+0.52",157.5,-6.5,"2026-01-09","Hit"
"0a1593c41d58105f5a876c8fdc4a71b5","Rider","Fairfield",68,62,107.1,116.3,68.1,"+.051","-8.58","102.9","111.5","-7.63","352",95.1,114.5,66.2,"-.105","+2.64","109.1","106.5","+9.06",142.5,-8.5,"2026-01-09","Hit"
"ef0f1d7a04bc2ac0ba248976dc5bc94d","Wright St.","Detroit Mercy",82,84,104.8,114.4,69.3,"+.025","-0.36","108.0","108.4","+6.23","143",108.9,106.7,66,"-.097","-1.60","109.5","111.1","+1.41",147.5,5.5,"2026-01-09","Loss"
"17b062b607d7c2f76c798a11166e5dba","Marist","Sacred Heart",72,76,104.8,116.1,68.9,"-.086","-4.76","106.0","110.7","-0.95","144",100.6,98.7,67.7,"-.091","-7.55","103.0","110.6","-6.88",142.5,5.5,"2026-01-09","Loss"
"b3db34f2e6f2d569fc7ed065138fcb4c","Saint Peter's","Mount St. Mary's",70,65,99.1,111.1,69.6,"+.004","-1.88","105.5","107.4","-1.10","258",100.6,108.9,66.3,"+.093","-5.82","104.5","110.4","-0.35",139.5,1.5,"2026-01-09","Hit"
"2be303f337047bc92374d0113f4d21e1","Canisius","Manhattan",64,70,105.6,118.4,69.8,"+.114","-4.13","104.8","108.9","-3.03","338",97.6,114.4,64.9,"+.137","-4.25","105.8","110.0","-2.43",145.5,-7.5,"2026-01-09","Loss"
"06e9df31f5cdefc486310c83bc41c7de","Wisconsin","Michigan",88,91,124.3,86.9,74.8,"+.043","+9.71","114.4","104.7","+10.97","43",116.8,99.9,71,"+.016","+4.62","111.5","106.8","-2.27",166.5,-18.5,"2026-01-10","Loss"
"eee4da3b00494ddb1178ccfac62d8825","Oklahoma St.","Iowa St.",83,71,124.6,89.6,69.2,"+.038","+1.47","109.0","107.5","-1.75","59",116.9,103.4,74.9,"+.086","+0.68","109.4","108.7","-2.23",164.5,-18.5,"2026-01-10","Hit"
"b4be62d6572634a726f9007394d9c513","Penn St.","Purdue",93,85,128.7,95.7,66,"+.061","+8.63","113.7","105.0","+7.66","110",113.8,107.8,67.8,"+.034","-0.03","108.9","108.9","-8.40",152.5,-21.5,"2026-01-10","Hit"
"4bdd39e2ff784698a354217d28e717b9","LSU","Vanderbilt",84,73,125.7,95,71.7,"+.055","+4.82","111.7","106.8","+1.66","41",119.9,102.8,68.3,"-.001","-1.51","107.9","109.4","-4.00",162.5,-14.5,"2026-01-10","Hit"
"9dcde24a860c9e0d4c86df7c96623804","SMU","Duke",82,75,124.4,94.2,68.4,"+.079","+7.19","112.0","104.8","+5.14","31",123.1,103.1,69.4,"+.045","+5.14","111.9","106.8","+2.49",157.5,-12.5,"2026-01-10","Hit"
"2ec9b46bc61395387f6cf7a71c60bead","DePaul","Connecticut",72,60,121.5,91.6,66,"+.065","+8.64","112.5","103.8","+7.59","111",106.4,100.4,68,"+.024","-1.24","108.4","109.6","-10.16",135.5,-19.5,"2026-01-10","Hit"
"cbe5ac720b3d87a2b97cb27f041a288d","Tennessee","Florida",NA,NA,120.5,93.8,70.4,"-.125","+9.39","114.4","105.0","+7.09","16",120,94.9,67.3,"-.077","+3.42","111.1","107.7","+0.04",150.5,-4.5,"2026-01-10","FALSE"
"083a488be4c6e1d2826c7747f7b6e7f7","Texas","Alabama",88,92,128.1,102.3,73.9,"-.003","+14.03","116.2","102.2","+11.73","51",121,106.1,69.2,"-.121","-0.32","108.0","108.3","-5.01",176.5,-12.5,"2026-01-10","Loss"
"1ad334a72c235691ca96d4076836e0b2","Boston College","Louisville",75,62,125.2,99.9,70.9,"-.045","+6.96","110.7","103.8","+2.19","159",103.1,103,65.7,"-.112","-4.13","106.8","110.9","-7.00",150.5,-21.5,"2026-01-10","Hit"
"c7b06931a41d2a45d8a65024804571c1","Stanford","Virginia",70,55,122.7,98.8,66.8,"-.026","+0.53","108.8","108.3","-3.93","77",113.6,102.2,68.1,"+.045","+1.52","108.4","106.9","-1.72",143.5,-11.5,"2026-01-10","Hit"
"2dbe937e061021d8311ff90d9c14f03f","Nebraska","Indiana",NA,NA,120.3,98.5,68.7,"-.035","+0.41","108.9","108.5","-3.67","21",119.1,95.9,68.3,"+.099","+3.21","110.3","107.1","-4.68",149.5,-3.5,"2026-01-10","FALSE"
"6afe8d5d20163ec8e647385438b5f3d1","Wake Forest","North Carolina",87,84,119.3,98.5,67.2,"+.072","+2.16","109.4","107.2","+0.20","66",113.2,100.7,70.4,"-.006","+5.03","112.1","107.0","+1.46",151.5,-9.5,"2026-01-10","Hit"
"03941431628702a76e1a48a241260943","Washington St.","Saint Mary's",88,82,120.2,99.7,65.9,"+.044","+2.58","108.1","105.5","+4.04","152",109.4,108.6,67.6,"-.029","+2.56","109.3","106.7","+3.54",141.5,-15.5,"2026-01-10","Hit"
"35ee9f80be3be987aea3664c0501d605","Mississippi St.","Kentucky",92,68,118.6,98.2,68.5,"-.093","+5.37","112.0","106.6","+1.84","65",114.3,101.5,69.4,"+.029","+4.84","111.6","106.7","+3.02",153.5,-10.5,"2026-01-10","Hit"
"bcaeab9006944c5d19e4d651f9aac30a","Houston","Baylor",55,77,122.8,103.4,69.4,"-.034","+4.47","109.6","105.1","+0.07","11",120.5,93.2,63.8,"+.080","+3.71","110.3","106.6","+0.84",143.5,3.5,"2026-01-10","Hit"
"886b682a8167977373fa81371c721e85","Georgia Tech","Miami FL",NA,NA,118.6,99.4,69.9,"+.019","-4.22","106.8","111.0","-7.31","121",107.3,103.1,71,"-.015","-5.00","104.2","109.2","-8.15",156.5,-13.5,"2026-01-10","FALSE"
"feb85e7e667eff1dbe1e39ce00a25da4","Arkansas","Auburn",95,73,123.8,105.2,68.2,"-.018","+10.36","114.7","104.3","+7.91","22",124.2,101.8,72.3,"+.010","+5.81","112.3","106.5","+2.71",170.5,-1.5,"2026-01-10","Hit"
"30c9a682d35716a096972cc4ca8861ed","Maryland","UCLA",67,55,119.5,101.6,66.3,"-.047","+2.84","110.0","107.1","-4.48","115",109.3,104.6,68,"+.040","+6.54","111.9","105.4","-1.01",146.5,-11.5,"2026-01-10","Hit"
"857440c249cd1b7b4121f2751cdbd732","St. John's","Creighton",73,90,117.8,100.2,67.3,"-.007","+8.50","112.7","104.2","+4.96","23",119.7,97.4,70.7,"-.089","+8.23","113.1","104.9","+7.42",156.5,-1.5,"2026-01-10","Loss"
"71ad9fe883841275ebd1e39fde005688","Oklahoma","Texas A&M",83,76,118.3,101.4,72.8,"+.027","-2.91","108.1","111.0","-6.96","55",120.2,105.9,66.8,"-.002","-1.92","107.2","109.1","-5.68",165.5,-4.5,"2026-01-10","Hit"
"c9617f3d4f6aecb543f30fff3ce3d7a9","Arizona","TCU",73,86,113.5,98,67.9,"-.063","-1.53","106.5","108.1","-5.82","3",125,90.4,72.2,"+.016","+4.08","112.0","108.0","+3.05",154.5,7.5,"2026-01-10","Hit"
"c465f90104572f6f45c5be96789d69a1","Fresno St.","San Diego St.",71,52,116.3,101,68.6,"+.090","+5.12","110.7","105.6","+6.89","148",105.7,104.7,68.4,"-.102","-0.23","108.8","109.0","-3.47",143.5,-14.5,"2026-01-10","Hit"
"6889b4c2373171cd3f5458913bc41dff","Loyola Marymount","Santa Clara",103,72,118.6,104.1,70.2,"-.015","+2.55","109.2","106.7","+3.45","127",106.1,102.3,67.4,"+.013","-1.24","108.6","109.9","-5.83",150.5,-11.5,"2026-01-10","Hit"
"7e48f73a5be078edc643ce4afccb4d38","Clemson","Notre Dame",61,76,113.3,99.8,65.2,"-.060","+2.84","109.9","107.1","+0.01","35",117,97.7,65.5,"+.048","+5.16","111.1","105.9","+1.34",135.5,2.5,"2026-01-10","Hit"
"b293078ff7493c5727dfb04708eb291e","California","Virginia Tech",78,75,114.9,101.9,68.6,"+.031","+3.12","110.9","107.8","-0.10","82",113.5,102.9,67.5,"+.091","-1.85","108.3","110.2","-6.78",146.5,-5.5,"2026-01-10","Hit"
"8ddabef8cc5f08e0b608e766f840cad8","Utah St.","Boise St.",68,93,111.2,98.4,67.5,"+.026","+8.88","112.9","104.1","+7.07","26",120.7,99.5,69.5,"+.071","+0.70","109.4","108.7","+2.22",146.5,1.5,"2026-01-10","Hit"
"7cf283aa7b70769c98e48a527328fa0b","Loyola Chicago","George Washington",101,66,120.3,107.9,70.2,"-.085","-0.60","107.6","108.2","-2.40","290",105.6,116.3,66,"+.069","-3.11","106.1","109.2","-5.44",154.5,-13.5,"2026-01-10","Hit"
"95d431356f7749e4a35389497963f171","Georgia","South Carolina",70,75,115.3,103.4,65.8,"-.102","-4.44","106.9","111.3","-8.81","28",121.4,100.9,75.7,"+.017","-3.24","106.4","109.7","-6.78",163.5,4.5,"2026-01-10","Hit"
"7e5e801773e23441dab5475d5f7cdfb6","Missouri","Mississippi",76,69,114.2,102.4,65.9,"-.105","+2.44","109.8","107.3","-0.94","52",119.3,104.7,67.4,"+.121","-3.26","107.0","110.2","-7.58",142.5,-1.5,"2026-01-10","Hit"
"381f3795b86f1b6cacbaccba80b3d21c","Kansas","West Virginia",NA,NA,112.8,101,63.1,"-.076","-5.07","104.3","109.3","-9.08","18",118.5,94.7,68.4,"-.004","+11.79","113.7","101.9","+10.87",135.5,3.5,"2026-01-10","FALSE"
"3231a065db9888be32c760aa2027724e","South Florida","Tulsa",78,93,119.5,107.8,68.3,"+.047","-2.11","106.9","109.0","-2.14","88",114.7,104.8,72.8,"-.081","+4.31","111.6","107.2","+4.30",163.5,-2.5,"2026-01-10","Loss"
"78af248c8ef9e44f2d049009e1c0680a","Southeastern Louisiana","McNeese",73,61,115.5,104,67.1,"+.103","+1.37","109.0","107.6","+10.79","261",99.9,108.6,66,"+.008","-0.49","107.4","107.9","+6.25",138.5,-16.5,"2026-01-10","Hit"
"5b7de0e671bf14755c0bd354f11ddf07","Texas Tech","Colorado",71,73,118.3,107.1,70.1,"-.001","+0.20","109.8","109.6","-0.86","20",123.4,100.2,67.9,"+.024","+9.75","115.1","105.4","+7.90",160.5,6.5,"2026-01-10","Loss"
"fc83461142d8103eac5b6ba7d23b85b4","Wyoming","Nevada",92,83,115.2,104.4,66,"+.066","+4.06","110.9","106.9","+1.85","94",113.2,104.2,68.7,"-.014","-3.31","107.0","110.3","-5.36",144.5,-5.5,"2026-01-10","Hit"
"182aa3b58886ab7d16a5f7d66e91e25a","VCU","George Mason",NA,NA,113.5,103.3,65.6,"+.039","-6.39","106.2","112.6","-8.06","45",118.1,101.5,70.2,"-.100","+0.42","108.8","108.4","-2.42",147.5,1.5,"2026-01-10","FALSE"
"98fb12a9a724f59fdce17afe29eb014c","Valparaiso","Murray St.",92,79,117.4,107.3,72.2,"+.052","-2.09","108.0","110.1","-2.91","177",105,106.7,66.2,"-.020","-1.02","107.0","108.0","-5.08",152.5,-11.5,"2026-01-10","Hit"
"8fe3d1353097e1c93062a29c5dd44c6d","Illinois Chicago","Illinois St.",59,63,112.9,103.1,67.3,"+.003","-1.81","107.8","109.6","-2.13","186",106.1,108.4,67.1,"-.132","+0.08","109.4","109.3","-3.70",141.5,-11.5,"2026-01-10","Loss"
"29ea93ea648a1996a91ad6803420fc56","Syracuse","Pittsburgh",72,83,114.2,104.6,64.8,"-.115","+4.27","110.6","106.3","+1.49","70",112.1,100.2,68.3,"-.015","-0.68","106.2","106.9","-3.74",139.5,-1.5,"2026-01-10","Loss"
"cfc2689d94419606eadfa8ceac799e68","Kansas St.","Arizona St.",87,84,115.6,106.2,70.5,"+.043","+6.63","112.6","106.0","+4.51","74",116.6,105,73.5,"-.023","+5.89","112.3","106.4","+1.48",169.5,-1.5,"2026-01-10","Hit"
"a0b37b45e046c9a121ebb5b92492f05a","San Jose St.","Grand Canyon",76,58,109.3,99.9,67.8,"-.044","-1.49","108.2","109.7","-6.24","224",108.4,113,65.2,"-.019","+4.44","110.7","106.3","+0.85",140.5,-16.5,"2026-01-10","Hit"
"3ff04de7c788aad6ba05b07e7108ccd7","UC Irvine","Hawaii",67,66,106.2,97.6,69,"-.040","-8.40","104.7","113.1","-12.56","123",103.9,99.7,68.4,"+.048","-2.32","107.2","109.6","+0.66",138.5,-5.5,"2026-01-10","Hit"
"63fa4785777d772c5c959bda8c23beba","Monmouth","Hofstra",67,64,113.7,105.6,66.5,"-.027","+2.53","109.3","106.8","+4.03","202",104.8,108.1,66.8,"-.031","-3.26","105.6","108.9","-3.71",139.5,-7.5,"2026-01-10","Hit"
"beca83913f7b19f0385d2edeba613389","Utah Tech","Utah Valley",92,76,110.8,102.7,70.4,"+.054","+0.44","108.3","107.9","+2.21","218",106.8,111.1,66.2,"+.046","+1.73","109.1","107.4","+3.48",148.5,-12.5,"2026-01-10","Hit"
"8043cd1133714eb192c55b8b9106ccb8","N.C. State","Florida St.",NA,NA,113.2,106.6,73.6,"-.101","+2.61","109.3","106.7","-2.39","33",120,100.6,69.3,"-.059","+5.67","111.3","105.6","+4.17",161.5,4.5,"2026-01-10","FALSE"
"7c345ee52cd573053a6e1abdfab59195","Providence","Xavier",97,84,111.3,104.7,70.3,"+.056","+5.39","109.6","104.2","+0.41","63",120.3,107.4,72.7,"-.110","+6.25","110.7","104.5","-0.86",165.5,1.5,"2026-01-10","Hit"
"a69cfb89bcfbfba603dbfdfd53ad1539","Houston Christian","Stephen F. Austin",85,67,109.6,103.4,66,"-.072","-3.53","105.0","108.5","-3.52","300",103.5,115,65,"-.021","-0.85","108.6","109.4","-0.26",137.5,-12.5,"2026-01-10","Hit"
"c986a612d897da463477974ed1540708","Seton Hall","Georgetown",67,76,112.5,106.4,67.8,"-.012","+0.48","107.6","107.1","-5.79","46",110.2,94.1,66.4,"+.006","+1.25","109.5","108.2","-4.73",138.5,2.5,"2026-01-10","Hit"
"d2e5f21a27c7959aef268e897a68ef33","Villanova","Marquette",73,76,108.4,103.8,70.6,"-.091","+5.69","111.0","105.3","+1.12","24",120.9,99,63.6,"+.016","+5.83","112.0","106.2","+2.33",145.5,4.5,"2026-01-10","Loss"
"2df4308111166765de3e214844aaadc5","Rhode Island","Davidson",45,70,109.5,105.1,65.2,"+.063","-0.92","108.4","109.3","-0.43","135",107,104.2,66.5,"-.065","-4.82","107.1","111.9","-4.85",136.5,-3.5,"2026-01-10","Loss"
"38cc0306e16ca11acf0cc6fd8ae7bd72","Northern Iowa","Bradley",75,69,109.1,104.8,68.6,"-.005","-1.91","107.8","109.7","-4.37","96",105.6,97,62.4,"-.015","-1.22","108.2","109.4","-0.88",132.5,-4.5,"2026-01-10","Hit"
"6dc282e273ca7ef8c7c1d284c463a1cc","Fordham","St. Bonaventure",NA,NA,113.4,109.1,67.3,"+.041","-1.48","107.9","109.4","-3.57","210",104.1,107.7,64.3,"-.152","-10.67","102.9","113.6","-15.72",139.5,-9.5,"2026-01-10","FALSE"
"071575e4b2ccbe0000569aa0834a1004","Liberty","Sam Houston St.",74,82,112.5,108.3,71.4,"-.044","+4.21","111.4","107.2","+5.47","101",116.2,108.7,64.8,"+.132","-0.40","107.3","107.7","+1.30",154.5,1.5,"2026-01-10","Hit"
"8774ff46422a3046d4b772ef8ca5aad8","UNC Greensboro","East Tennessee St.",86,60,111.3,107.5,67.2,"-.043","-7.27","104.4","111.7","-5.03","282",107.7,117.6,67.7,"+.003","-2.25","108.2","110.5","-0.38",149.5,-12.5,"2026-01-10","Hit"
"00f1b7a61680e400f3a9d10b2102a4d3","BYU","Utah",84,89,113.4,110,69.2,"+.023","+2.18","110.0","107.8","-0.95","10",124.9,96.1,71,"+.022","+4.80","110.8","106.0","+3.46",165.5,13.5,"2026-01-10","Loss"
"25a3c16f2e3761e7b75d0613e1944b8d","Texas St.","Arkansas St.",83,82,111.5,108,73.4,"+.107","+0.97","108.6","107.6","+3.06","274",102.1,111.5,66.8,"+.080","-6.36","104.1","110.5","-8.09",156.5,-11.5,"2026-01-10","Hit"
"cd074d47eac82d1a6fa2816f3ebad992","San Diego","Pacific",77,70,110.8,107.5,65.8,"-.009","-1.30","106.8","108.1","-0.73","204",106.7,110.2,70.1,"+.007","+1.48","109.8","108.3","-1.53",146.5,-7.5,"2026-01-10","Hit"
"aa384b237384b8de3660577b33bb0cb7","Harvard","Columbia",54,79,110,106.8,68.7,"+.098","-5.79","106.9","112.7","-6.79","203",106.5,109.9,65,"-.060","-3.28","106.0","109.3","-2.52",145.5,-7.5,"2026-01-10","Loss"
"041d8a03a1639e1928a8de75d3426c5b","Middle Tennessee","New Mexico St.",55,59,110.2,107.7,67.8,"-.040","+0.07","107.9","107.8","+0.14","132",110.2,106.9,65.7,"+.022","+6.05","111.4","105.3","+12.73",142.5,-3.5,"2026-01-10","Loss"
"c4a25e3b567fcf09ba970b7dd384b29b","Southern Utah","Cal Baptist",58,55,108.4,106,66.6,"+.057","-1.68","107.2","108.9","-3.68","327",99.6,114.9,70.9,"-.065","+3.26","110.1","106.8","+3.25",147.5,-14.5,"2026-01-10","Hit"
"f06dc8b8a9615d946f5bb30d23ead37d","Abilene Christian","UT Arlington",82,72,103.3,101.9,65.9,"+.082","+0.23","107.8","107.6","+2.41","207",104.1,107.7,66.2,"+.153","+0.67","107.9","107.2","+1.12",130.5,-3.5,"2026-01-10","Hit"
"210fb67c0ecec963fb642ea2ff909e69","Wofford","Mercer",109,97,110.1,109.2,69.8,"-.053","+3.36","111.3","107.9","+5.06","225",108.5,113.2,68.3,"+.160","-5.19","108.6","113.8","-2.74",154.5,-5.5,"2026-01-10","Hit"
"9181296ca1260e04c63f9d2d3423c7b0","Campbell","Elon",83,82,114.9,114,68.1,"-.019","-2.81","107.9","110.7","-1.07","196",109,111.8,71,"+.099","+4.26","110.4","106.2","+7.19",160.5,-3.5,"2026-01-10","Hit"
"f3a77398f166bcc49fceba5d2944d9c2","Weber St.","Northern Colorado",71,76,111.4,110.9,69.8,"+.053","-0.92","109.6","110.6","-1.45","200",109.5,112.7,69.6,"-.101","-3.03","105.6","108.6","-0.89",163.5,-5.5,"2026-01-10","Loss"
"7e4a87a5b573b4e3665d682d2c9876b8","VMI","Furman",69,48,108.8,108.5,67.3,"+.104","-1.22","109.3","110.5","+0.80","334",102.1,118.5,67.9,"+.012","-2.33","108.7","111.0","-1.09",149.5,-12.5,"2026-01-10","Hit"
"07f13952758dacc63fd0977857a8799f","Hampton","Charleston",74,70,108.8,109.1,68.1,"+.082","-1.10","109.1","110.2","-0.69","254",101.7,109.6,66.7,"-.009","-5.04","104.3","109.3","-6.05",143.5,-9.5,"2026-01-10","Hit"
"62bd2e06038911ea5a28bfe2785b2c60","Sacramento St.","Portland St.",96,69,104.9,105.3,69.9,"+.026","+1.59","110.9","109.4","+1.39","289",101.8,112.2,73.1,"-.005","+5.78","113.0","107.2","+6.84",159.5,-10.5,"2026-01-10","Hit"
"725dffaf84a52352fdf780fa3d1e2274","Dartmouth","Cornell",91,102,117.1,118.2,74.4,"-.077","-0.05","108.1","108.2","+0.10","236",105.8,111.6,70.9,"-.024","-2.85","106.3","109.2","-3.36",174.5,-8.5,"2026-01-10","Loss"
"5ed996fa978600327692cb87f920e55b","Ball St.","Massachusetts",79,71,105.3,106.6,73,"-.107","-4.97","106.5","111.5","-7.23","326",99.2,114.4,64.9,"-.058","-3.74","106.3","110.0","-5.09",148.5,-11.5,"2026-01-10","Hit"
"f2beb7c8c18eada6a8d0fff27b9259cb","Jacksonville St.","Kennesaw St.",88,82,107.4,108.7,74.2,"-.020","-2.98","107.4","110.4","-5.71","220",103.7,108,64.7,"-.006","-3.78","106.5","110.2","-5.30",149.5,-4.5,"2026-01-10","Hit"
"0c1d3f06c6f3f17044162cfb50966947","Belmont","Drake",76,78,109.4,110.8,66.1,"-.085","-1.16","107.1","108.3","-3.84","61",117.5,104.4,69.7,"-.042","-2.33","105.4","107.8","-3.90",150.5,6.5,"2026-01-10","Loss"
"93ffe437985b6ac16742da524c6c9667","Lipscomb","Florida Gulf Coast",77,84,111.2,113.1,69,"-.081","-0.72","108.6","109.3","+0.72","160",107.7,107.8,71.1,"+.003","-1.01","107.9","108.9","+4.95",158.5,-1.5,"2026-01-10","Loss"
"2e01125a4515ce1902b8009fb2f58bb3","Louisiana Monroe","Southern Miss",70,60,106.6,108.9,68.4,"+.041","-1.88","107.7","109.6","+4.18","354",100.5,121,72,"-.097","-4.28","105.0","109.3","+1.09",159.5,-15.5,"2026-01-10","Hit"
"f30135ace069b272ea88319240053fd8","Lafayette","Navy",76,50,104.9,107.4,67.7,"+.044","-10.20","102.3","112.5","-8.46","320",101.5,115.9,68.4,"-.082","-4.65","107.1","111.8","-2.65",144.5,-9.5,"2026-01-10","Hit"
"919912b6ff98cc7c8a7aea4c46111c62","Buffalo","Ohio",91,80,106.6,109.1,69.7,"+.091","+1.06","108.5","107.5","+3.28","165",113.1,113.7,66.5,"+.017","-7.88","104.1","111.9","-6.98",153.5,-4.5,"2026-01-10","Hit"
"3b0c009eccef1ec89d791ad56577d3a3","Lehigh","Colgate",77,78,108.4,111,66.4,"+.100","-0.01","109.0","109.0","+4.00","319",98.5,112.6,68.4,"-.041","-4.79","105.0","109.7","-0.91",142.5,-10.5,"2026-01-10","Loss"
"ca016965c376ce33183ba5b82d768e3d","Saint Francis","LIU",67,63,108.3,111,68.9,"+.107","-1.69","107.7","109.4","+2.17","361",95.2,118.8,69.7,"+.067","+1.14","109.7","108.6","+6.20",148.5,-15.5,"2026-01-10","Hit"
"5c9ab750342f22f7af797d20251a951f","Evansville","Indiana St.",69,72,104.8,107.9,69.2,"-.007","-0.41","107.0","107.4","-6.18","283",98.3,108.2,69,"-.069","+4.95","111.0","106.0","+4.07",144.5,-6.5,"2026-01-10","Loss"
"e1e61b61ce02383589899d56f2d7407e","CSUN","Cal St. Fullerton",86,79,108.3,111.5,74.8,"-.044","+4.12","111.1","107.0","+5.50","205",107.6,111.1,74.1,"+.093","-1.52","106.9","108.4","-0.22",175.5,-1.5,"2026-01-10","Hit"
"808a6ae5e1bac95f73ba45b124cb22da","Montana St.","Idaho",92,89,108.4,111.9,66.3,"+.019","-1.09","108.6","109.7","+0.74","154",108.3,107.8,65.8,"-.063","+1.74","110.7","109.0","+4.98",143.5,-1.5,"2026-01-10","Hit"
"936375fa5a35f3777afc37e02560ecf3","FIU","Missouri St.",79,71,105.5,109.1,65.4,"+.037","-2.31","106.6","108.9","-1.41","167",109,109.8,72.1,"+.003","-0.99","108.9","109.9","+0.47",151.5,-1.5,"2026-01-10","Hit"
"f7aabc88ae63df6176742ddbcba01999","Georgia Southern","South Alabama",87,71,105.3,109.1,64.5,"+.113","-4.86","104.9","109.7","-4.51","222",109.4,113.8,71.8,"+.096","-6.61","104.0","110.6","-5.99",149.5,-2.5,"2026-01-10","Hit"
"ee4087209743dfb9777e3874189b68b4","Brown","Penn",81,73,108.6,112.4,70.3,"+.005","-1.55","107.2","108.7","-1.42","251",98.2,105.7,67.1,"-.095","-6.50","104.8","111.3","-7.74",143.5,-3.5,"2026-01-10","Hit"
"930d752e08fa50923d9a68f32b05e077","Old Dominion","James Madison",70,69,110.1,114.4,65.5,"+.059","-1.45","108.3","109.7","-2.47","246",104.5,111.5,69.7,"-.087","+1.43","109.1","107.7","+7.48",148.5,-6.5,"2026-01-10","Hit"
"5bc17f0cfd2da7daee0db934d1648639","Nicholls","New Orleans",77,90,109,113.4,69.9,"+.005","+6.35","110.8","104.5","+15.67","216",105.8,109.7,69.2,"+.052","+2.53","109.5","107.0","+11.12",151.5,-1.5,"2026-01-10","Loss"
"1f1b17d8fab9430dbbc954d786b58c2f","Oregon St.","Portland",82,76,104.8,109.4,70,"+.030","+2.09","111.1","109.0","-0.56","208",106.8,110.4,65.6,"+.077","-0.58","107.4","108.0","-2.89",144.5,-1.5,"2026-01-10","Hit"
"e49b5b73d20f2b58af3784548d03fcfa","High Point","Charleston Southern",82,84,105,109.8,72,"-.017","-5.95","106.1","112.0","-5.07","87",119.5,109.5,70.2,"-.025","-10.28","102.1","112.4","-8.97",164.5,8.5,"2026-01-10","Loss"
"dfcd84979d32f4454a5596bfd170fce0","Towson","Northeastern",78,87,108.3,113.6,69.7,"-.053","-0.17","109.1","109.3","-0.20","179",104,105.9,63.4,"+.000","+2.39","110.6","108.2","+3.48",142.5,1.5,"2026-01-10","Hit"
"a12ce6f0be113db7d7bd3520fa2949fd","UNC Asheville","Radford",72,91,107.6,113.1,72.3,"-.045","-6.12","105.4","111.5","-4.95","249",104.5,111.8,65.8,"-.039","-0.49","109.2","109.7","+0.30",151.5,-5.5,"2026-01-10","Loss"
"c93406ae3fd96a965a558f8d246f46db","Saint Louis","La Salle",72,84,105,110.6,65.2,"-.059","+4.70","111.5","106.8","+3.01","32",118.5,99,72.8,"+.019","-4.47","105.3","109.7","-6.04",152.5,15.5,"2026-01-10","Loss"
"7fdb92943d37d5a5a2dee0733a3c67df","Holy Cross","American",73,84,105.4,111,68.3,"+.068","-2.48","107.6","110.0","-0.63","328",99.8,115.4,64.4,"+.027","-2.37","106.8","109.1","+0.55",137.5,-8.5,"2026-01-10","Loss"
"d1e5bc98ceca9c7208835d8b2030732e","Little Rock","Lindenwood",74,82,102.4,108.5,72.1,"+.070","-5.17","104.4","109.6","+3.78","303",101.7,113.7,66.7,"+.015","-1.46","106.8","108.2","+3.69",147.5,-5.5,"2026-01-10","Loss"
"62005e2024a5dbe068b14a2b413f2dd6","Delaware","Louisiana Tech",70,68,100,106.1,63.8,"-.022","-3.98","106.3","110.3","-6.66","272",101.1,110.5,63.7,"-.013","-4.88","105.0","109.8","-5.33",124.5,-6.5,"2026-01-10","Hit"
"5064da1ad5aa3930cb66ad4d6aeb4e84","Incarnate Word","Lamar",63,51,101.7,107.8,65.9,"-.014","-2.05","107.1","109.1","-0.43","170",110.8,111.8,67,"-.037","+1.43","109.5","108.1","+7.88",139.5,-1.5,"2026-01-10","Hit"
"9625dc5523888bfb494b561995c81517","UC Davis","Cal Poly",84,78,104.3,110.8,75,"+.032","+2.21","110.5","108.3","+4.90","161",110.2,110.4,69.7,"+.041","+0.50","108.2","107.7","+1.67",167.5,1.5,"2026-01-10","Hit"
"2215372afbed7ccae2fca49d76e96de9","Cal St. Bakersfield","Long Beach St.",81,75,105.9,113.1,67.9,"-.015","+2.98","109.4","106.4","+3.91","301",101.1,112.7,70,"+.102","-1.43","107.0","108.4","-1.79",147.5,-5.5,"2026-01-10","Hit"
"85ce4cbbd85bc93bdd72e5e158edcf5d","Yale","Princeton",76,60,101.6,109.1,65.8,"-.046","-1.26","108.8","110.1","-0.61","80",121.5,110.7,66.4,"+.122","-0.14","108.7","108.8","+0.11",141.5,8.5,"2026-01-10","Hit"
"b45444e8e03131721cc5177babefc32f","Montana","Eastern Washington",66,65,108.8,116.5,69.7,"-.155","+5.22","111.1","105.9","+6.55","178",108.8,110.5,70.9,"+.083","+0.68","109.7","109.0","+3.48",163.5,1.5,"2026-01-10","Hit"
"f37a2bd6620cf3d9e5e1d5f82fe00cd5","North Alabama","Bellarmine",73,82,111,119.1,66.3,"-.014","+1.68","111.1","109.4","+4.41","302",101.6,113.4,66.6,"+.045","-0.01","108.7","108.7","+3.88",146.5,-4.5,"2026-01-10","Loss"
"bfc43557bbec70f02e5181af2b83f98e","William & Mary","Drexel",64,58,102.8,111,64.7,"-.102","-6.97","103.4","110.4","-9.65","128",108.8,105.2,75.1,"+.049","+0.63","108.4","107.8","+2.61",149.5,3.5,"2026-01-10","Hit"
"c24a2647e5f394abf69cb5b36cf9cb50","Western Kentucky","UTEP",56,68,102.6,111,65.1,"-.012","+3.37","108.1","104.7","+4.85","162",108.4,108.6,71,"+.046","+0.37","108.7","108.4","+0.95",148.5,3.5,"2026-01-10","Hit"
"81c275b41cfa1fc15bd07b376526c752","Eastern Michigan","Western Michigan",79,62,106.1,114.7,69.3,"+.020","-1.37","107.8","109.2","-3.30","182",105.5,107.4,65.8,"+.001","+0.45","108.9","108.4","+1.57",145.5,1.5,"2026-01-10","Hit"
"93b2eca94c9d76d56b1811eb3aba9610","Central Arkansas","Eastern Kentucky",79,75,107.8,116.6,68.6,"-.016","+1.40","110.0","108.6","+3.68","229",105.6,110.6,69.1,"-.082","+0.58","109.7","109.1","+5.08",156.5,2.5,"2026-01-10","Hit"
"24b3cfa59c67a03e6cebb19ca0dc441c","San Francisco","Pepperdine",60,80,100.1,108.9,67.2,"-.079","+2.15","110.2","108.1","-2.91","104",111.7,104.7,65.7,"-.046","+1.07","108.3","107.2","+1.48",139.5,8.5,"2026-01-10","Hit"
"3999299f454b33c0cb934a19de587e78","Appalachian St.","Coastal Carolina",67,62,99.5,108.5,69.4,"+.043","-4.27","106.0","110.3","-2.23","235",103,108.8,63.4,"+.084","-3.54","106.8","110.4","-1.60",134.5,-1.5,"2026-01-10","Hit"
"28be2a3bae1f77082b58e23a1ff008ca","Army","Boston University",100,91,110.3,119.3,63,"-.038","-3.73","105.7","109.5","-3.12","332",100.3,116.4,66.5,"+.070","-5.85","106.5","112.3","-3.52",140.5,-8.5,"2026-01-10","Hit"
"d050a0f7f2befa83f0c38e0e4d177794","Grambling St.","Bethune Cookman",74,65,105.2,114.2,68.2,"+.004","+11.62","114.2","102.6","+14.19","242",103.3,109.7,67.6,"+.075","-1.31","106.9","108.2","+2.05",147.5,-5.5,"2026-01-10","Hit"
"ca83259b421d7c84ced063a826e58ef0","North Dakota St.","Nebraska Omaha",76,78,106.6,115.7,67.2,"+.033","+0.60","109.4","108.8","+4.04","140",110.2,107.9,67.4,"-.026","-3.76","105.9","109.7","-1.09",147.5,5.5,"2026-01-10","Loss"
"434423e677ff01f9d4665f52ce8f5fbb","New Hampshire","UMBC",75,74,105,114.2,67.4,"+.033","-8.75","103.1","111.8","-6.88","339",95.8,112.8,68.1,"-.020","+2.03","109.5","107.4","+5.48",144.5,-6.5,"2026-01-10","Hit"
"e863a197f8a4d3a969ab822c1b697227","Winthrop","USC Upstate",50,71,102.3,111.7,69.2,"-.000","-3.54","105.5","109.1","-2.41","151",114.2,113.4,68.8,"-.083","-2.83","107.4","110.2","+0.77",157.5,5.5,"2026-01-10","Hit"
"ac714b95b2777cf4a5078172640c13e7","Samford","Chattanooga",88,79,105,114.7,66.3,"-.053","-3.34","108.0","111.4","-1.96","237",107.7,113.7,66.2,"+.094","-2.70","108.3","111.0","-0.13",146.5,-1.5,"2026-01-10","Hit"
"8b322256acc57b365115dc14d0e9bac1","UC San Diego","UC Riverside",66,69,104.4,114.1,68.3,"+.020","+3.40","109.1","105.7","+4.82","102",114.9,107.8,68,"-.019","-0.77","107.5","108.3","-0.12",149.5,9.5,"2026-01-10","Loss"
"d6cff7dc08ca512034111c863432abe2","UNC Wilmington","Stony Brook",71,75,100.3,110.1,65.1,"+.083","-3.51","105.4","109.0","-3.54","113",110.8,105.7,65.1,"+.034","-8.71","102.7","111.5","-8.77",134.5,8.5,"2026-01-10","Loss"
"3b50c2d2baf372b2c72ed6ff65b2e988","Central Connecticut","Le Moyne",59,69,106.3,116.2,68.7,"-.039","-5.35","105.0","110.3","-2.07","260",105.6,114.3,65.6,"+.070","-4.35","104.9","109.2","-0.97",147.5,-1.5,"2026-01-10","Loss"
"255c65d7212fb1ca334ecd03ce63056c","Denver","South Dakota",82,72,107.4,117.8,71.2,"+.030","-1.05","107.9","109.0","-3.10","250",114.5,121.7,68.8,"+.047","+5.04","111.8","106.7","+7.21",171.5,1.5,"2026-01-10","Hit"
"8a71a8619b801c37e88b3022e71930a9","Mississippi Valley St.","Prairie View A&M",70,69,103,113.4,73.6,"-.009","+6.29","112.4","106.1","+9.06","365",88.5,122,68.1,"-.028","+3.41","110.9","107.5","+6.53",153.5,-18.5,"2026-01-10","Hit"
"fe1b5d0efa7fa613d47dddd3eff57c95","St. Thomas","Oral Roberts",71,82,102.4,113.2,68.1,"-.022","+4.20","111.3","107.1","+5.07","136",111.5,109,69.1,"+.079","-4.16","108.0","112.1","-2.39",149.5,8.5,"2026-01-10","Hit"
"11dac14de6d47c05153e4dbb8c7f8c35","Jackson St.","Alabama St.",64,75,105.5,116.4,69.1,"-.040","+4.98","109.9","104.9","+8.54","344",98.5,116.4,70,"+.043","+9.97","113.8","103.9","+12.36",152.5,-6.5,"2026-01-10","Loss"
"701c4eb1ba8346b9b0169e0d5bf65e41","Presbyterian","Longwood",77,70,103,113.9,69.2,"+.051","-6.45","104.6","111.0","-9.27","296",101.1,112.4,62.9,"-.001","-3.15","106.9","110.1","-2.30",139.5,-3.5,"2026-01-10","Hit"
"520724c187380fd0c4c1fd28931cbc2a","Alcorn St.","Alabama A&M",62,64,101.5,112.7,65.3,"+.044","-4.15","105.4","109.6","-0.99","342",100.2,117.7,70.4,"-.021","+10.18","113.1","102.9","+12.04",142.5,-7.5,"2026-01-10","Loss"
"5c582d6f8c0d18490013ab088f37dcae","Texas A&M Corpus Chris","Northwestern St.",79,78,105.1,116.5,66.2,"-.040","+3.55","108.8","105.2","+8.10","184",103.4,105.4,66.5,"-.003","+6.58","111.7","105.1","+17.37",135.5,4.5,"2026-01-10","Hit"
"1d1b916f74c4e26e16b4c290b516b501","Idaho St.","Northern Arizona",79,81,101.1,113.1,65.9,"+.012","+0.09","109.2","109.1","+0.04","180",111.1,113,64.2,"-.101","+0.87","109.2","108.3","+2.84",140.5,4.5,"2026-01-10","Loss"
"619ad8bdeda99efdab572a6f1c353b5e","Marshall","Georgia St.",81,73,98.9,111.1,69,"-.052","+0.51","107.8","107.3","+1.91","158",109.4,109.2,69.9,"+.103","-2.07","107.7","109.8","-1.02",150.5,4.5,"2026-01-10","Hit"
"f4cd736cf694916de2f24fb482c5160c","Tennessee St.","Eastern Illinois",74,70,97.3,109.9,66,"-.004","+2.25","108.8","106.6","+12.28","227",104.1,109.1,72.2,"+.140","-2.00","107.0","109.0","+4.93",144.5,4.5,"2026-01-10","Hit"
"71b7dcec5d6cda705d485d54510a23b7","Southeast Missouri","Morehead St.",71,69,101.3,114.3,66.8,"+.074","-0.07","108.0","108.1","+7.50","228",105,110,70.9,"+.014","-2.72","106.5","109.2","+4.47",146.5,4.5,"2026-01-10","Hit"
"f65a43f09fdbaa5d8711218f6f5a0872","Tulane","UTSA",52,85,97,110.7,69.9,"+.018","+2.44","111.1","108.7","+1.79","189",108.8,111.3,66.2,"+.254","-3.72","105.8","109.5","-4.17",146.5,7.5,"2026-01-10","Hit"
"c7ee46901a649689297738773fa6fdad","UT Rio Grande Valley","East Texas A&M",77,69,97.8,111.5,70.6,"+.074","+2.82","108.8","106.0","+5.54","197",105.1,108,68.1,"-.104","+1.25","108.1","106.8","+7.10",143.5,3.5,"2026-01-10","Hit"
"e8181023cc7d9b34bdd70b5865116721","Loyola MD","Bucknell",70,67,97.4,111.3,67.1,"-.017","-0.23","108.6","108.8","+2.06","340",103.4,120.5,67.9,"-.046","-7.62","103.5","111.1","-6.61",143.5,-5.5,"2026-01-10","Hit"
"18d40a3878f17f49f49964e7ee78a9dc","Mercyhurst","Wagner",69,70,102.6,116.7,66.6,"-.047","-3.55","105.3","108.9","+4.26","307",98.5,111,64.1,"-.073","-2.32","107.8","110.1","+0.98",131.5,-3.5,"2026-01-10","Loss"
"b09c367f1a34221c0dde7ead8236cd0e","Bryant","Albany",71,46,103.5,118,67.3,"-.041","+3.67","110.8","107.1","+4.48","325",97.4,112.3,65.8,"+.005","+0.65","106.5","105.9","+3.43",140.5,-2.5,"2026-01-10","Hit"
"e301fa4dfb020e002c202c095ba162d0","Kent St.","Central Michigan",87,85,101.4,116,66.9,"-.107","-0.05","108.3","108.3","+0.77","142",113.1,111,72.5,"+.196","-4.27","107.5","111.7","-4.21",155.5,9.5,"2026-01-10","Hit"
"56635dd813e78415a6653d668ee3f101","Troy","Louisiana",70,90,95.9,110.6,63.5,"-.020","-4.44","105.6","110.1","-1.28","138",109.4,107,67.5,"+.019","+1.30","109.4","108.1","+4.05",133.5,9.5,"2026-01-10","Hit"
"4439c924fb760c061ee26a55882d88c6","Tennessee Martin","Southern Indiana",56,73,96.8,112.6,69.5,"-.077","-4.85","105.8","110.6","-1.38","215",104.6,108.4,65.4,"+.129","-4.63","105.2","109.8","-0.18",136.5,5.5,"2026-01-10","Hit"
"1f89c48139b535f14a0db18c5a25bd53","West Georgia","Jacksonville",75,43,98.2,114,64.1,"+.097","+3.31","111.1","107.8","+4.38","292",103.6,114.4,69.2,"+.191","-3.64","108.3","111.9","+1.10",141.5,-1.5,"2026-01-10","Hit"
"d620f1b33027a1a9c32f5317154ff9f0","Austin Peay","Stetson",69,81,101,117.2,67.8,"+.061","+0.69","108.4","107.7","+2.47","181",103.3,105.2,69.9,"+.023","-1.50","108.9","110.4","+2.41",146.5,7.5,"2026-01-10","Hit"
"22b47dace85211b82942f1ca9364bd81","New Mexico","Air Force",49,91,95.3,111.9,64.5,"+.013","-1.13","108.5","109.7","-5.89","53",113.7,99.1,69.1,"+.009","+3.26","110.5","107.2","+1.47",135.5,18.5,"2026-01-10","Hit"
"869aea2e08428ebc4c3b8c1a5f52dfe2","North Dakota","Kansas City",79,81,96.5,113.1,69.9,"+.007","+3.07","111.9","108.8","+5.15","316",101.4,115.4,68.3,"+.063","-2.92","107.4","110.3","-0.98",147.5,-1.5,"2026-01-10","Loss"
"57a5c71cd0b619eb1cb99258ccca4917","Howard","Maryland Eastern Shore",69,57,96.2,112.9,63.1,"-.040","+3.09","109.8","106.7","+5.16","271",99,108.3,68.2,"+.084","-4.75","105.7","110.5","-3.29",128.5,2.5,"2026-01-10","Hit"
"a449f0cfdf85ba59d3d6020157c043c5","Arkansas Pine Bluff","Texas Southern",66,74,98.6,115.4,71.1,"-.083","+8.07","112.7","104.6","+11.96","315",104.1,118,72.7,"+.060","+9.82","114.0","104.2","+13.58",163.5,1.5,"2026-01-10","Hit"
"1186d3a521349d9200a7032907c57964","Southern","Florida A&M",67,59,98.1,115.6,70,"+.004","+5.79","111.1","105.3","+7.28","257",103.5,111.7,72,"-.025","+8.22","113.9","105.6","+13.20",153.5,3.5,"2026-01-10","Hit"
"4a1cf86717d51ec9d3ed7552ee0e9ac6","Queens","North Florida",82,89,105.3,123.6,71.1,"-.078","+5.77","110.5","104.7","+8.91","185",115.6,117.6,69.3,"+.013","+0.59","111.0","110.4","+5.93",173.5,9.5,"2026-01-10","Loss"
"eec77a8a5cc1dce5ab89d6bc523ae403","Chicago St.","Stonehill",85,82,93.9,112.3,67,"-.046","-3.98","105.4","109.4","-1.42","353",97.9,118.1,67.6,"-.021","+6.42","111.5","105.1","+11.42",135.5,-4.5,"2026-01-10","Hit"
"77669db644907b160572aa139a47d5a0","Fairleigh Dickinson","New Haven",65,55,94.4,112.8,63.9,"+.009","+0.80","107.0","106.2","+4.16","350",100.4,119.5,67.5,"-.018","-2.31","105.8","108.1","+3.54",130.5,-2.5,"2026-01-10","Hit"
"85e18e2c858ca0bf475ec9b5c6130dd7","Maine","NJIT",70,74,93.9,113.1,68.8,"+.128","-3.51","106.6","110.1","-0.53","348",91,109.8,65.4,"-.072","-3.11","106.2","109.4","-1.84",129.5,-1.5,"2026-01-10","Loss"
"0b293c8920a7a06fab2e150d89607489","Norfolk St.","Delaware St.",64,66,89.4,110.7,67.5,"-.012","-3.41","105.8","109.2","-1.13","285",100,110,67.1,"-.022","-0.13","107.0","107.1","+1.11",129.5,5.5,"2026-01-10","Loss"
"5c98b3d32baf2a7f808e877d411daf2a","Tennessee Tech","Western Illinois",54,59,95.6,117.4,66,"-.054","-3.46","105.5","109.0","-2.42","310",101.7,114.8,68.9,"-.074","-1.57","107.3","108.8","+4.08",142.5,3.5,"2026-01-10","Hit"
"15d1c2913f3b415113519b206c4e9da5","Western Carolina","The Citadel",79,77,100,123.6,65.4,"-.055","-1.14","108.4","109.6","-0.95","265",103.6,112.5,70.3,"+.048","+5.82","111.7","105.8","+9.39",148.5,6.5,"2026-01-10","Hit"
"857821e50b7e5442adf035bf08fa97f9","UMass Lowell","Binghamton",68,73,97,120.7,66.8,"-.065","-8.30","103.5","111.8","-7.74","286",105.5,115.7,69.7,"-.019","+0.26","107.5","107.2","+3.28",147.5,5.5,"2026-01-10","Loss"
"25e5b40aec7961c75095cdb9ba9b8472","South Carolina St.","Morgan St.",72,67,96.5,121.2,69.7,"-.064","-3.95","105.1","109.0","-3.14","359",94.5,117.9,69.6,"-.013","+1.98","111.0","109.0","+3.29",148.5,-3.5,"2026-01-10","Hit"
"238dfdc10daa9993d8cf2b91cc6de762","North Carolina Central","Coppin St.",77,88,90.6,120.6,69.9,"+.066","+0.33","108.4","108.1","+1.44","349",96.5,115.6,67.4,"-.004","+6.85","111.8","105.0","+9.17",142.5,6.5,"2026-01-10","Hit"
"2a580401bdb8469618e33bba73ca7e51","Nicholls","McNeese",94,68,116,104.4,66.7,"+.106","+0.55","108.6","108.1","+11.78","192",108.2,110.7,68.5,"+.052","+2.30","110.1","107.8","+11.59",146.5,-13.5,"2026-01-12","Hit"
"99dd2cd774026874342cb5b868c9281e","Incarnate Word","Stephen F. Austin",56,46,110.7,104.1,65.8,"-.073","-4.68","105.0","109.7","-3.95","190",109.1,111.5,66.7,"-.045","+1.06","109.6","108.5","+7.57",140.5,-8.5,"2026-01-12","Hit"
"dac038c7e9997eec1dc414cfcb4cc9b0","Houston Christian","Lamar",64,56,101.5,106.6,65.5,"-.011","-2.58","107.3","109.9","-0.73","302",104.1,116.3,64.9,"-.015","-0.19","109.1","109.3","-0.88",134.5,-7.5,"2026-01-12","Hit"
"b01dbaa2e57b8416843dfe5f04a6bb7b","Navy","American",65,51,105.1,112,68.7,"+.046","-3.51","107.3","110.8","-0.08","178",104.7,106.3,67.3,"+.041","-11.09","102.5","113.6","-8.77",140.5,2.5,"2026-01-12","Hit"
"f54426840885ce21a097f007d2eb4908","Southern","Bethune Cookman",73,77,104.9,112.8,68.7,"+.032","+9.72","113.4","103.7","+14.45","277",102.1,111.9,71.4,"-.036","+6.03","112.7","106.7","+12.95",152.5,-3.5,"2026-01-12","Loss"
"56b06a34d35684e95f9a9d2a2a90d243","New Orleans","Southeastern Louisiana",76,79,100.2,108.7,65.7,"+.008","+0.86","108.6","107.7","+6.20","238",110,115.9,69.1,"-.003","+5.00","110.4","105.4","+15.49",142.5,-2.5,"2026-01-12","Loss"
"cf937539dde27cc8f78507a763be9c86","Maryland Eastern Shore","Norfolk St.",70,74,99.6,110.1,67.2,"+.014","-1.52","106.2","107.7","+0.84","327",96,111.5,63.7,"-.020","+1.54","109.1","107.6","+5.08",130.5,-5.5,"2026-01-12","Loss"
"7c565e977777e5e81a82b4f9d48d408a","Delaware St.","Howard",84,58,97.6,108.2,68.9,"+.068","-5.50","105.3","110.8","-3.53","355",89.2,110.2,67.8,"-.037","-4.19","105.7","109.9","-0.70",131.5,-9.5,"2026-01-12","Hit"
"72b8b5e42e98b4595e32ebdbb921fe62","UT Rio Grande Valley","Northwestern St.",64,63,106.2,117,66.4,"+.003","+2.89","108.7","105.8","+8.26","218",105.2,109.3,67.7,"-.112","+0.43","107.9","107.4","+6.81",144.5,2.5,"2026-01-12","Hit"
"e5d80d0971b175b400ff8a2513fc6fb6","Jackson St.","Alabama A&M",100,91,100.6,112.4,64.9,"+.010","-5.35","105.3","110.7","-0.69","331",98.1,114.2,70.3,"+.062","+8.33","113.3","105.0","+12.41",140.5,-6.5,"2026-01-12","Hit"
"ed20af7a6f6ec01bf5eb397e0fe2236a","Arkansas Pine Bluff","Prairie View A&M",73,61,102.1,114.3,73.2,"+.039","+3.75","110.8","107.0","+9.16","314",104.4,117.5,72.1,"+.081","+8.01","113.0","105.0","+13.55",166.5,-3.5,"2026-01-12","Hit"
"3d98bc8b99b9ae2c00fcfbb467964898","Texas A&M Corpus Chris","East Texas A&M",50,61,99.1,111.5,70.2,"+.090","+1.99","108.8","106.8","+5.55","191",103.7,106.1,66.7,"-.036","+5.48","112.0","106.5","+17.49",141.5,5.5,"2026-01-12","Hit"
"da8a4b3beb43be8e19c36a4b5181f48f","Alcorn St.","Alabama St.",81,66,103.8,116.3,69.3,"-.049","+2.93","109.1","106.2","+8.17","335",100.4,117,69.9,"+.019","+8.41","112.0","103.6","+11.53",153.5,-7.5,"2026-01-12","Hit"
"d523a9ac4e9a81a5bf9d58b8afb9d635","Grambling St.","Florida A&M",91,84,98.3,113.9,69.3,"+.028","+4.44","110.5","106.1","+7.98","248",102.5,109.8,68.2,"+.053","-1.78","106.6","108.4","+1.87",140.5,-1.5,"2026-01-12","Hit"
"b2a2a76e114998c23d1a7a78b71a24a7","Mississippi Valley St.","Texas Southern",84,51,97.5,115.6,70.2,"-.092","+5.30","111.7","106.4","+12.13","365",89.2,120.8,67.7,"-.047","+2.35","110.5","108.1","+6.50",142.5,-14.5,"2026-01-12","Hit"
"1ee53fbc0ef8a25a5fd8cfe191c2d54b","North Carolina Central","Morgan St.",78,89,96.7,121.1,69.2,"-.028","-5.58","104.5","110.1","-3.05","348",98.6,117.2,67,"+.009","+4.29","110.7","106.4","+9.36",144.5,2.5,"2026-01-12","Hit"
"d6447cf7e2c4642536bd5b975fe1621a","South Carolina St.","Coppin St.",72,74,92.5,123.1,69.4,"+.056","-0.75","107.9","108.7","+1.64","362",94.7,118.6,68.9,"-.028","+0.50","110.0","109.5","+3.33",142.5,1.5,"2026-01-12","Hit"
"102848aca43e9a1d654589791f0ed38e","West Virginia","Houston",77,48,121.3,92.3,63.3,"+.071","+4.88","111.6","106.8","+0.57","59",114.9,101.5,63.2,"-.061","-2.97","105.9","108.9","-8.87",128.5,-13.5,"2026-01-13","Hit"
"0e46a6ec91ba3290bde1e891e4ec6eee","Indiana","Michigan St.",81,60,117,90.6,66.4,"-.027","+6.71","114.4","107.7","+1.93","27",121.3,100.2,68.4,"-.059","+1.69","109.6","107.9","-3.90",142.5,-6.5,"2026-01-13","Hit"
"44df65a007fef5f55721742fbfb853b1","Virginia","Louisville",70,79,124.4,100.2,70.7,"-.032","+5.55","110.2","104.6","+1.77","15",122.6,97.9,66.4,"-.023","+1.11","109.5","108.4","-3.84",153.5,-3.5,"2026-01-13","Loss"
"ff276b590a2eb257dfb216301441d021","Oregon","Nebraska",90,55,120.6,96.6,68,"+.104","+4.95","111.6","106.6","-4.87","83",114.8,104.3,67.1,"-.077","+5.61","112.1","106.5","+1.66",145.5,-10.5,"2026-01-13","Hit"
"c12386968944a0832b8c9e140f36efc7","Marquette","St. John's",92,68,121.7,97.9,70.4,"-.082","+9.27","113.8","104.5","+7.64","113",109.4,104.4,70.2,"-.110","+6.69","112.1","105.4","+1.30",157.5,-13.5,"2026-01-13","Hit"
"817b4e3a2c60239c0b07aece9deb8a8f","Texas A&M","Tennessee",87,82,119.4,95.8,67.5,"-.068","+5.76","112.7","107.0","+0.07","41",118.9,101.7,72.7,"+.040","-1.63","109.1","110.7","-6.82",160.5,-8.5,"2026-01-13","Hit"
"05b21c9b293d8a47458f87248619aff8","Iowa St.","Kansas",84,63,119,96.5,68.4,"-.019","+12.11","114.3","102.2","+10.69","3",124.2,89.8,68.7,"+.043","+2.25","110.1","107.8","-2.06",148.5,3.5,"2026-01-13","Hit"
"5ecd1f93108c0fa66e243fa4e80a8b51","Boston College","Clemson",74,50,117.9,97.2,65.4,"+.048","+6.43","112.3","105.8","+1.73","153",103.5,102.7,65.7,"-.108","-1.79","108.3","110.1","-6.55",134.5,-16.5,"2026-01-13","Hit"
"af059cc727b2c0b4580e3af2823024f0","Connecticut","Seton Hall",64,69,110.9,94,66.4,"+.011","+2.33","110.3","107.9","-4.11","9",121.5,92.1,65.7,"+.065","+8.08","112.2","104.1","+7.46",131.5,5.5,"2026-01-13","Loss"
"ff91a2d384ea3a530b0cd25c633b8014","Georgetown","Creighton",86,83,118.1,101.7,66.8,"-.015","+9.43","113.7","104.3","+4.85","109",112.5,106.6,67.9,"-.027","+1.94","108.7","106.7","-5.64",148.5,-9.5,"2026-01-13","Hit"
"accaec754bbdb1d15896d3828af2cae7","Maryland","USC",88,71,117.7,102,70.6,"+.174","+6.61","111.0","104.4","-0.73","123",108.4,104.3,67.9,"+.024","+7.86","113.1","105.3","-1.11",149.5,-8.5,"2026-01-13","Hit"
"2f7e8a679aeab56c2ab915e2e076a6be","Grand Canyon","New Mexico",87,64,114.4,98.8,69.2,"+.013","+1.85","109.9","108.0","+1.44","88",108.8,99.1,68,"-.040","-2.18","108.7","110.9","-5.97",143.5,-7.5,"2026-01-13","Hit"
"1abfe09834edaabed5faed8d6f604ef4","Florida","Oklahoma",79,96,120.3,106.2,66.6,"-.029","+0.48","108.7","108.2","-5.52","12",121.4,93.4,70.5,"-.120","+10.11","115.0","104.9","+6.90",155.5,5.5,"2026-01-13","Hit"
"704dcd93fddcbb501157b32eec9ba8fb","Baylor","Oklahoma St.",79,94,117.6,103.4,74.5,"+.078","+2.59","110.3","107.7","-2.04","42",121.7,104.8,69.1,"-.026","+5.75","110.4","104.6","-0.57",167.5,1.5,"2026-01-13","Hit"
"ee325c9a16f3248d553240a9c29a8029","Ball St.","Akron",87,77,122.2,108.5,71.8,"-.060","-1.39","108.6","109.9","-1.66","326",99.9,115,64.6,"-.063","-3.26","106.7","109.9","-5.05",155.5,-21.5,"2026-01-13","Hit"
"e3cb3db152b624c66881997f57566425","Florida St.","Syracuse",94,86,113.7,100.6,68.1,"-.003","+0.85","107.4","106.5","-3.60","114",113.1,108.2,73.6,"-.085","+4.35","110.4","106.1","-2.27",159.5,-8.5,"2026-01-13","Hit"
"e117ecfa6ca8c0984561eaf990a5e96d","Valparaiso","Belmont",78,74,117.5,104.6,69.8,"-.021","-1.92","105.9","107.9","-3.98","180",105.6,107.2,66.3,"-.032","+0.25","108.3","108.1","-5.09",148.5,-11.5,"2026-01-13","Hit"
"d6e62a9efda67fe04fec2b71e95c1c42","Villanova","Providence",82,88,120.3,107.8,72.9,"-.116","+7.50","111.9","104.4","+0.05","25",121.4,100,63.3,"+.033","+6.21","112.6","106.3","+2.41",158.5,2.5,"2026-01-13","Hit"
"286588de621f69c10f858ae2d93117da","Miami FL","Notre Dame",69,81,113,100.7,65.1,"-.049","+3.75","110.7","107.0","-0.10","36",119.6,100.5,69.8,"+.029","-3.79","107.0","110.8","-7.23",144.5,3.5,"2026-01-13","Hit"
"736f160b99188421924d07ae4aa88437","Alabama","Mississippi St.",82,97,114.3,102.7,69.1,"+.043","+6.30","112.7","106.4","+2.97","14",128.2,103.5,73.4,"-.033","+14.02","117.0","102.9","+11.90",172.5,6.5,"2026-01-13","Hit"
"1db0fd7d18510342c54212d057ed5794","Wisconsin","Minnesota",75,78,111.9,101.9,63.7,"-.003","+1.15","110.6","109.5","-9.36","38",119,100.5,70.5,"+.038","+6.68","112.9","106.2","-2.14",144.5,2.5,"2026-01-13","Hit"
"72cdd0dd12bacb4e81e72e0406f57c45","Central Michigan","Miami OH",100,61,115.1,106.9,70.9,"+.064","-6.61","105.6","112.2","-10.40","315",102.3,116,66.8,"-.064","-0.23","109.2","109.4","+0.97",156.5,-16.5,"2026-01-13","Hit"
"ee3c7d1171d624ff8aee41d893c86647","Illinois Chicago","Northern Iowa",61,69,106.2,98.1,62.3,"-.034","-0.60","108.6","109.2","-1.21","172",105.9,107,66.5,"-.098","+0.80","110.0","109.2","-4.14",127.5,-7.5,"2026-01-13","Loss"
"d8f7b9943e50e0dd7c0f6415396f0e43","Saint Mary's","San Francisco",68,82,112.1,104.4,65.5,"-.047","+0.70","108.6","107.9","+1.65","35",120.5,101,65.8,"+.055","+1.84","108.3","106.4","+3.69",142.5,7.5,"2026-01-13","Hit"
"c1c5be4bf8afdd23a48eacf64f3929ec","Dayton","Duquesne",65,71,111.8,109.8,71.7,"-.075","-2.74","108.0","110.7","-6.35","74",111.3,99.7,68.2,"+.020","-0.87","108.9","109.8","-0.63",152.5,4.5,"2026-01-13","Hit"
"838ba32c065fb8204f5b0f2449b6cfb3","Boise St.","UNLV",89,85,109.2,108.1,71.8,"-.056","+0.62","108.7","108.0","+0.34","79",111.5,100.3,66.9,"+.048","+9.72","114.0","104.2","+6.96",146.5,3.5,"2026-01-13","Hit"
"62998850da0a7422afea2c9ab07413da","Colorado St.","Fresno St.",79,69,104.5,104.1,68.5,"-.091","+0.87","109.7","108.8","-3.97","85",120.3,110.2,62.1,"+.054","+1.93","111.0","109.1","-2.41",138.5,4.5,"2026-01-13","Hit"
"e78e5cedac24c095051e3d81b6fac888","Ohio","Toledo",101,85,111.8,112.6,69.4,"+.023","-0.71","109.3","110.0","+2.02","188",107.3,109.5,69.7,"+.101","+0.05","108.7","108.7","+2.71",159.5,-2.5,"2026-01-13","Hit"
"2a063ad848b06aea510cad942185c8cf","Kent St.","Buffalo",81,87,113.5,114.7,66.8,"+.028","-7.18","104.7","111.9","-7.28","150",113.1,112.1,72.4,"+.148","-4.85","107.8","112.6","-4.37",164.5,1.5,"2026-01-13","Hit"
"5b7e61ada4b8298ff1609db5a6c75246","Northern Illinois","Eastern Michigan",77,59,104.6,108.1,65.6,"-.006","+0.22","109.4","109.2","+1.53","322",101.1,115.3,67.7,"-.020","+0.28","109.3","109.0","+3.57",137.5,-9.5,"2026-01-13","Hit"
"13dcd7bcd2f6c49e9846077531833130","Air Force","San Jose St.",70,62,108.2,113.2,65.2,"-.019","+5.19","110.8","105.7","+0.58","344",95.2,112.9,64.5,"+.012","-0.41","108.9","109.3","-6.15",133.5,-8.5,"2026-01-13","Hit"
"be528ea4b4d1c2dc303e81f0cdb8eefe","Massachusetts","Western Michigan",82,85,107.1,114.1,69.1,"+.028","-1.94","107.8","109.8","-3.19","179",105.7,107.3,72.7,"-.094","-5.79","106.3","112.0","-6.88",161.5,2.5,"2026-01-13","Hit"
"370ad51e039d0b9266b245b97679b75b","Bradley","Evansville",90,94,98.8,107.9,68.9,"-.033","+4.62","111.0","106.4","+4.17","115",110.3,105.4,68.5,"+.012","-1.29","107.8","109.1","-3.83",143.5,6.5,"2026-01-13","Loss"
"558143c8de2776fef92e9e45a7b7effb","George Mason","Loyola Chicago",74,82,105.5,116.7,66.1,"+.066","-1.54","107.5","109.1","-5.18","76",115.3,104,65.3,"+.045","-4.74","107.4","112.1","-7.76",140.5,9.5,"2026-01-13","Loss"
"30efd44519a9e4fccb10b0d57b936cf1","Western Illinois","Eastern Illinois",57,55,98,110,65.8,"+.031","+0.92","108.6","107.7","+12.13","356",94.2,116.7,65.5,"-.067","-4.88","105.4","110.3","-2.81",132.5,-7.5,"2026-01-13","Hit"
"0ad3de182d1f92d902954a607e2be016","Arizona St.","Arizona",89,82,125.8,90.4,72,"+.019","+5.48","112.5","107.0","+3.01","87",115.7,106.2,70.2,"+.065","+6.76","112.9","106.2","+4.68",168.5,-21.5,"2026-01-14","Hit"
"5c9d6e66705cce71803606a402dabe20","Iowa","Purdue",79,72,129.1,97.4,65.9,"+.069","+7.89","113.8","105.9","+7.15","22",120.2,97.3,64.4,"-.056","+0.85","108.2","107.3","-6.85",145.5,-10.5,"2026-01-14","Hit"
"b22b52aa8289331a5d5f4bc67af192f8","TCU","BYU",76,70,125,96.6,71.1,"+.037","+5.43","111.5","106.1","+3.85","52",113.5,98.1,67.9,"-.070","+0.67","108.0","107.3","-5.82",158.5,-12.5,"2026-01-14","Hit"
"e6ddd50b6e2afcd42bc3da23df688c76","Nevada","Utah St.",71,62,122.9,99.9,69.1,"+.061","+1.60","109.6","108.0","+2.10","77",117.3,106.2,65.5,"+.069","+3.86","111.0","107.1","+1.81",147.5,-13.5,"2026-01-14","Hit"
"60f166811ebf0821cfcdf438d0d6a4cd","Utah","Texas Tech",88,74,122.5,99.6,67.7,"+.045","+10.08","115.9","105.8","+7.60","124",114.3,110.2,69.1,"+.001","+3.56","110.8","107.3","-1.04",160.5,-17.5,"2026-01-14","Hit"
"b5802081a33d96f330b1bb8c62586c86","Mississippi","Georgia",95,97,121.3,100.1,75.2,"+.034","-1.73","107.5","109.3","-6.91","69",114.3,102.1,65.7,"-.082","+2.94","110.4","107.5","-0.91",159.5,-10.5,"2026-01-14","Loss"
"ea953db4c728e0873eab3a27e964fb16","South Carolina","Arkansas",108,74,123.9,103.1,72,"+.018","+7.45","113.1","105.7","+2.76","71",115.2,103.4,65.4,"-.123","-2.69","107.9","110.6","-8.97",156.5,-11.5,"2026-01-14","Hit"
"a9cdd681747d17066386cb5479f4e4c1","Virginia Tech","SMU",77,76,123.5,103.2,69.2,"+.018","+6.74","112.6","105.9","+2.27","63",115.2,102.3,68.4,"+.047","+3.36","111.2","107.9","-0.14",153.5,-8.5,"2026-01-14","Hit"
"bc3eec2b1c33abda032042e8cd0293cf","Fordham","Saint Louis",78,56,119.1,99.7,72.4,"+.024","-4.20","105.6","109.8","-6.21","188",105.5,107.7,64.4,"-.118","-8.88","104.3","113.1","-15.28",149.5,-18.5,"2026-01-14","Hit"
"77437b103a2bac994f544a83c607e30f","Kentucky","LSU",74,75,120.2,103,68.2,"-.017","+0.11","108.7","108.6","-4.21","28",119.3,98.2,68.3,"-.082","+5.26","112.3","107.0","+1.73",152.5,3.5,"2026-01-14","Loss"
"3fc53e006ab222183f37320986c8e8cd","Vanderbilt","Texas",80,64,122.6,106.2,68.7,"-.091","+2.46","109.7","107.2","-5.01","5",125.6,94.9,71.6,"+.057","+5.58","112.2","106.6","+1.80",166.5,3.5,"2026-01-14","Hit"
"c2215e773042aca47b4f8ae4836e0ba4","Michigan","Washington",72,82,117.4,101.3,68,"-.067","+6.14","113.5","107.3","-1.48","1",125.1,89.1,74.3,"+.004","+10.26","114.8","104.6","+11.27",165.5,13.5,"2026-01-14","Loss"
"55f6b5edb6ae73135be4dc277032c191","Pacific","Santa Clara",85,69,119.3,103.7,70.2,"-.018","+2.28","109.4","107.1","+3.62","127",110.4,107.1,65.7,"+.010","-1.79","107.1","108.9","-0.47",152.5,-12.5,"2026-01-14","Hit"
"b68a8841d44de576ee3d14c3208e2e9d","Auburn","Missouri",84,74,119,105.1,67.3,"+.087","-1.76","107.6","109.4","-7.99","30",124.8,104.4,67.8,"-.010","+11.43","115.7","104.2","+8.31",153.5,1.5,"2026-01-14","Hit"
"b6d0b9184c2f180b0445f9a39356d22b","Illinois","Northwestern",68,79,118,104.8,67.1,"-.173","+4.34","110.6","106.3","-2.01","6",126.8,96.5,67,"-.013","+7.96","113.5","105.6","+3.24",151.5,9.5,"2026-01-14","Hit"
"995f84bc8c168fc92052c023fc9a9128","Davidson","George Washington",79,84,120.7,107.5,70.5,"-.085","-1.50","107.5","109.0","-2.06","140",107.8,105.9,64.7,"+.067","-0.79","108.5","109.3","-0.27",148.5,-10.5,"2026-01-14","Loss"
"6d246d507c688446374d88cd6dae88dc","Colorado","Cincinnati",77,68,106.6,93.6,69.6,"-.171","+2.82","109.1","106.3","-2.41","74",118,106.8,69.8,"-.032","+1.04","110.4","109.3","-1.33",145.5,-8.5,"2026-01-14","Hit"
"6d3ce871f57f7c175cad3987124b6df2","East Carolina","South Florida",82,71,115.5,103.8,72.8,"-.066","+5.31","113.0","107.7","+4.51","275",99.3,108.8,69.7,"-.031","-1.55","108.6","110.1","-2.27",158.5,-19.5,"2026-01-14","Hit"
"543bcf6d9db53a0a5ad317b1ba7cf50d","UCF","Kansas St.",73,82,116.2,105.1,73.5,"-.053","+6.23","112.9","106.6","+0.89","46",120.2,103.9,69.3,"+.077","+3.19","110.7","107.5","-0.36",170.5,-2.5,"2026-01-14","Loss"
"1c139c167e98889e7113529a9b9aafeb","North Carolina","Stanford",95,90,112.9,101.8,67.8,"+.064","+2.70","109.5","106.8","-1.75","33",119.8,99.6,67.2,"+.087","+2.43","109.8","107.4","-0.05",144.5,3.5,"2026-01-14","Hit"
"4f662b2efc356fc110003c1feba1b225","Duke","California",56,71,114.2,103.7,67.2,"+.054","-0.85","108.9","109.7","-7.09","9",124.1,94.2,68.2,"+.089","+7.96","113.1","105.2","+5.32",149.5,14.5,"2026-01-14","Hit"
"85e2f86d88f18941f8d9e96981e2288f","Temple","Memphis",55,53,109.4,99.6,69.6,"-.045","+8.30","113.3","105.0","+10.07","147",114.4,112.9,66.1,"+.047","-5.03","103.8","108.9","-3.35",143.5,-7.5,"2026-01-14","Hit"
"147fb85fc1ab83b224f3b257831bb34e","San Diego St.","Wyoming",57,74,115.4,106.7,68.1,"-.034","-2.04","107.7","109.8","-5.29","53",114.9,99.7,68.9,"+.091","+3.83","110.4","106.5","+6.60",148.5,1.5,"2026-01-14","Hit"
"196cda1cda73fc2c7bcd4fd017da9f12","Butler","Xavier",89,75,111.9,104.3,70.4,"+.067","+5.79","110.3","104.5","+0.87","55",116.5,102.8,70.6,"-.034","+6.16","112.3","106.1","-2.69",161.5,1.5,"2026-01-14","Hit"
"fb48c57666ebedc43834702b95f70026","UCLA","Penn St.",60,71,115.3,108.3,67.8,"+.009","+2.43","110.8","108.4","-7.90","40",118.5,101,66.2,"-.037","+2.05","109.8","107.7","-5.00",148.5,4.5,"2026-01-14","Hit"
"b80191d53adc9bc2ceace4e2cd4a8887","La Salle","Richmond",74,53,113.3,107.9,68.8,"-.042","-4.62","106.8","111.4","-7.57","225",105.7,110.9,64.9,"-.065","+5.88","112.5","106.6","+3.11",146.5,-8.5,"2026-01-14","Hit"
"7aa5534cd9d084a5e53f65074d2eeaa7","VCU","Rhode Island",75,84,107.5,102.2,66.1,"-.068","-3.91","107.9","111.8","-4.78","47",118.9,102.6,69.9,"-.117","+1.99","110.1","108.1","-1.85",145.5,5.5,"2026-01-14","Hit"
"efc14a7a1809568a9294454490fded89","Pittsburgh","Georgia Tech",66,89,108.2,103.7,70.9,"-.027","-3.35","105.2","108.6","-8.24","94",114.5,105.8,64.7,"-.127","+4.76","110.9","106.1","+1.46",146.5,1.5,"2026-01-14","Hit"
"d4fae9ea7891b623585938387222f835","Drake","Southern Illinois",73,76,107.3,103.2,70.5,"-.098","+4.41","110.9","106.5","+2.03","175",109.1,110.3,66.3,"-.110","-0.62","107.9","108.5","-4.00",145.5,-5.5,"2026-01-14","Loss"
"683d0fc1793f442da1ba47c2d107a91e","Southern Miss","Troy",91,65,111.2,108.1,67.3,"+.001","+0.27","108.5","108.3","+3.85","199",105.5,108.5,67.8,"+.049","-3.91","107.2","111.1","+3.59",145.5,-8.5,"2026-01-14","Hit"
"500266b4a24ae0ea293349f98e207263","High Point","Winthrop",92,75,113.7,111.4,68.4,"-.081","-2.79","107.7","110.5","+1.10","86",119,109.3,70,"-.002","-9.26","102.5","111.8","-8.89",162.5,2.5,"2026-01-14","Hit"
"befb2d958bd28d8d019ce1c33b2f4957","South Dakota St.","North Dakota St.",76,65,111,108.9,66.9,"-.004","-4.03","106.1","110.1","-1.39","193",108.4,111,68.5,"-.088","-1.74","107.8","109.6","+1.33",148.5,-5.5,"2026-01-14","Hit"
"b2dd7d744353395ae1adba01ab2326a7","Saint Peter's","Quinnipiac",70,74,106.4,105.5,70.3,"+.123","-3.20","106.2","109.4","+1.78","254",101.6,109.2,66.2,"+.064","-6.36","104.3","110.6","+0.15",141.5,-6.5,"2026-01-14","Loss"
"9f6fb1287a4d125128c8f42f8bfe2765","Missouri St.","Western Kentucky",87,72,108.1,107.6,70.8,"+.043","-0.21","108.4","108.6","+0.89","207",105.6,109,65.4,"+.059","-3.09","106.5","109.6","-2.05",147.5,-6.5,"2026-01-14","Hit"
"bdecb8e10af76f45df032e16b25a8647","Coastal Carolina","Marshall",83,85,108.9,109.7,70,"+.079","-2.19","107.7","109.8","-0.73","259",100.8,109.3,68.7,"+.064","-4.53","105.4","110.0","-1.93",150.5,-8.5,"2026-01-14","Loss"
"2f10a03d5f159d92393463111609100e","UAB","Tulane",69,82,109.2,109.9,65.9,"+.209","-4.36","105.8","110.2","-4.37","110",111.9,106.4,69.7,"-.022","-1.83","107.7","109.5","-4.34",153.5,1.5,"2026-01-14","Hit"
"df66c0de31b03fc7c5e8ba66b62c98e7","FIU","Kennesaw St.",89,86,108.6,109.5,74.2,"+.005","-2.98","107.2","110.2","-5.02","174",109,110.1,72.2,"-.019","-0.73","108.9","109.6","+0.60",175.5,-4.5,"2026-01-14","Hit"
"d16066e89e820d47a1635b71ea3a1486","Tulsa","Charlotte",74,86,112,113.2,63.5,"-.032","-2.28","107.1","109.4","-1.73","83",119.5,109.2,68.1,"+.035","-1.43","107.1","108.6","-2.20",147.5,3.5,"2026-01-14","Hit"
"44a70da0a3c091bd9e4b581603b5b6c6","Sacred Heart","Siena",80,86,105.2,106.8,65,"-.007","-8.32","103.3","111.6","-5.39","291",105.5,116.6,67.9,"-.104","-4.04","106.0","110.0","-0.34",139.5,-8.5,"2026-01-14","Loss"
"91179bfcf958b9699fae74b646a1f2fb","St. Bonaventure","Saint Joseph's",68,64,104.4,107.2,67.8,"+.085","-2.14","106.9","109.1","-5.98","132",113.3,110.4,67.3,"+.013","-2.19","107.7","109.9","-3.77",146.5,1.5,"2026-01-14","Hit"
"285245caf094cd1c4da099c3d46802d4","Loyola Marymount","Oregon St.",76,70,107.4,111.3,65.4,"+.057","-0.33","107.7","108.0","-2.74","133",106,103.1,67.7,"+.022","+0.12","109.7","109.5","-5.77",139.5,1.5,"2026-01-14","Hit"
"5d90bdae662d43e22a8cb42ce68d0112","USC Upstate","Charleston Southern",81,86,105,109,71.8,"-.047","-4.91","107.0","111.9","-5.26","289",100.3,111.3,68.9,"+.008","-4.03","106.0","110.1","-2.90",155.5,-6.5,"2026-01-14","Loss"
"ad18c1ac11a10d9f60f33d067cbba974","Sam Houston St.","Jacksonville St.",62,77,104.7,108.8,64.6,"-.020","-2.72","107.2","109.9","-4.86","125",112,108.4,71.7,"-.062","+4.17","111.9","107.7","+5.28",150.5,1.5,"2026-01-14","Hit"
"25d806e7a97e71d5153281eb5b37f940","Illinois St.","Indiana St.",94,89,103.9,108.2,69.2,"-.033","-1.82","106.3","108.1","-6.39","92",111.1,102.3,66.8,"-.027","-2.09","107.9","110.0","-2.28",147.5,6.5,"2026-01-14","Hit"
"fe230b3c70222f097a8fb973cf323e30","Chattanooga","Wofford",67,76,109.5,114.7,68.8,"+.134","-4.54","109.3","113.9","-2.96","271",105.3,114.6,66.9,"-.030","-4.35","107.9","112.3","-2.25",144.5,-4.5,"2026-01-14","Loss"
"55d886489941b9b8cbe7c53524042fe9","Middle Tennessee","Louisiana Tech",59,58,100.4,106.9,63.5,"+.018","-4.96","105.5","110.5","-6.95","123",109.3,105.2,65.4,"+.052","+6.28","111.7","105.4","+13.25",131.5,3.5,"2026-01-14","Hit"
"3c1e4a95cb800747e7a7a820444e44e1","Furman","Samford",73,77,107.7,114.7,66.7,"+.071","-3.13","108.1","111.3","-0.27","153",108.2,107.4,67.1,"+.082","-2.45","108.9","111.3","+0.88",150.5,1.5,"2026-01-14","Hit"
"3f52d7cedd94ea692664a761b62caa57","Oral Roberts","Denver",98,87,113.4,121.5,68.6,"+.036","+3.89","111.8","108.0","+6.75","293",102.3,113.6,67.7,"-.022","+3.54","111.6","108.1","+4.78",156.5,-8.5,"2026-01-14","Hit"
"fe1729b1e98e0e5c6d83d9ac428b9a9c","Louisiana","Texas St.",59,54,102.5,111.2,67,"+.049","-5.38","104.9","110.2","-8.14","327",97,112.3,63.3,"-.017","-4.11","105.8","109.9","-1.04",132.5,-8.5,"2026-01-14","Hit"
"848dca6c114be4c0ac14efbfd436c531","Lehigh","Boston University",91,93,111.9,120.6,63.4,"-.023","-4.70","105.6","110.3","-2.80","311",100.2,113.1,68,"-.002","-4.11","105.4","109.5","-0.89",141.5,1.5,"2026-01-14","Hit"
"912c116a3b7a377350c6cb8516c82f20","Manhattan","Fairfield",98,62,107,116.5,67.6,"+.067","-9.74","102.4","112.1","-7.68","316",105.5,119.2,69.4,"+.100","-6.55","103.8","110.4","-2.86",157.5,-6.5,"2026-01-14","Hit"
"c5805cc27833ce235d4d867dee619e31","Portland","Pepperdine",67,63,99.8,109.6,67,"-.072","+2.08","110.2","108.1","-3.04","219",105.9,110.1,69.7,"+.050","+1.28","110.8","109.5","-0.88",146.5,2.5,"2026-01-14","Hit"
"b3067be821f19b81b2d966f67d453970","East Tennessee St.","Western Carolina",72,68,103.3,113.3,69.6,"+.018","+3.84","110.9","107.1","+9.55","114",111.2,106.4,67.5,"-.042","-7.72","104.8","112.6","-4.81",145.5,7.5,"2026-01-14","Hit"
"b51a9047deaf249606f369cf6518ff92","UNC Asheville","Presbyterian",71,70,101.6,113.5,62.6,"-.018","-3.59","106.8","110.4","-2.28","233",105.6,111,65.8,"-.047","-0.62","109.4","110.0","+0.33",135.5,2.5,"2026-01-14","Hit"
"58a8823bb90c3b8648d8c60c94f5bc18","Army","Holy Cross",82,75,101.3,114.6,64.7,"+.042","-1.55","107.3","108.9","+1.37","330",102,117.9,66.9,"+.054","-5.27","107.4","112.6","-3.06",146.5,-5.5,"2026-01-14","Hit"
"282b641835340e5fcbc7f227b7c6bfae","Lafayette","Bucknell",76,69,97,111.1,67,"+.015","-1.67","108.2","109.8","+1.75","329",100.4,115.9,68,"-.072","-4.10","107.4","111.5","-2.51",138.5,-3.5,"2026-01-14","Hit"
"96318ed839e5795c78c43c5d321b0528","Rice","UTSA",73,89,95.5,111.6,69.7,"+.022","+1.65","110.9","109.3","+1.54","247",105.2,112.2,66,"+.012","+0.64","108.7","108.1","-1.72",145.5,6.5,"2026-01-14","Hit"
"e08e023be9d9c88168f9fff798a46300","Niagara","Canisius",54,59,96.9,113.8,64.2,"+.149","-3.91","106.3","110.3","-2.24","355",98.4,119.9,62.4,"-.023","-5.90","105.5","111.4","-5.82",126.5,-2.5,"2026-01-14","Loss"
"adab1af2e0a0fc7d3b4f059405608294","Colgate","Loyola MD",80,86,102.7,120,67.9,"-.063","-7.87","103.7","111.6","-6.71","201",109,112,66.1,"+.066","-0.97","108.5","109.5","+4.66",150.5,8.5,"2026-01-14","Loss"
"6fa79690935844dac27042241efb3783","Iona","Rider",72,68,93.9,114.1,65.9,"-.100","+1.69","108.8","107.1","+9.84","195",105,107.9,71.7,"+.135","-5.07","105.1","110.2","-2.55",141.5,7.5,"2026-01-14","Hit"
"c156c5282c6aa578f631aeb2c428be75","Radford","Gardner Webb",80,89,97.9,121,71.2,"-.033","+5.53","112.2","106.7","+5.86","256",107.1,114.7,72.5,"-.050","-6.96","104.8","111.8","-5.23",166.5,13.5,"2026-01-14","Loss"
"5cd3b5fef12f70cf067530c597649a0b","New Mexico St.","Liberty",73,71,116.6,107.9,64.8,"+.143","+0.69","109.0","108.3","+1.76","143",109,107,67.4,"-.069","+0.11","108.4","108.2","+0.25",142.5,-8.5,"2026-01-15","Hit"
"5f3b35f51814894fb06a71c5a96c0c2f","Wichita St.","Florida Atlantic",85,67,113.9,106.2,70.3,"-.036","+3.05","110.5","107.5","+4.06","101",113.7,106,65.6,"-.155","-1.63","108.3","109.9","-2.36",153.5,-4.5,"2026-01-15","Hit"
"b6b7b172232db7e372747a1f060ea93b","CSUN","UC San Diego",79,84,114.8,107.8,67.4,"-.000","-0.84","108.1","109.0","+0.15","212",107.4,111.1,73.6,"+.067","-1.19","108.0","109.2","+0.01",160.5,-8.5,"2026-01-15","Loss"
"8fdc91801811a8575fec0f1299b5ea96","San Diego","Seattle",75,64,105,100.8,68.7,"+.025","-0.62","109.8","110.4","-4.98","207",106.8,110.3,69.9,"-.007","+1.82","110.6","108.8","-1.80",147.5,-9.5,"2026-01-15","Hit"
"94d9493ceebdf47a559449d382e8d56e","Youngstown St.","Wright St.",93,83,110.2,107.6,66.1,"-.048","-1.62","110.6","112.2","+0.85","205",105,108.3,67.1,"-.109","-3.64","108.8","112.5","-1.66",142.5,-6.5,"2026-01-15","Hit"
"b05a76398e51a487f87b3e9c9c2f1c43","North Carolina A&T","William & Mary",97,89,107.8,105.3,74.5,"+.022","-0.02","108.5","108.5","+1.90","306",101.8,114.4,69.9,"-.033","-7.52","105.5","113.0","-9.07",162.5,-12.5,"2026-01-15","Hit"
"2d192daefebcd2e707de5759a7873b32","Gonzaga","Washington St.",65,86,110.5,108.7,67.8,"-.044","+3.99","110.9","107.0","+3.99","8",125.5,95.2,70.7,"+.102","+5.05","111.8","106.8","+7.41",155.5,18.5,"2026-01-15","Hit"
"2388d35bcce46617469ed7880857502e","Northern Colorado","Portland St.",76,73,106.5,105.6,69.3,"-.022","+0.09","110.3","110.2","+1.61","164",111.3,111.6,69.3,"+.027","-1.50","109.8","111.2","-1.52",153.5,-3.5,"2026-01-15","Hit"
"5b0427ea2f08b44a00d0fc825e4b89c7","Bellarmine","Lipscomb",81,71,108.6,107.8,70.9,"+.028","-0.56","108.9","109.4","+4.92","279",111.5,121.3,65.7,"-.024","-0.40","110.4","110.8","+3.93",156.5,-9.5,"2026-01-15","Hit"
"d0627ebaa93dd7e92ba40e34b5c0d613","Charleston","Towson",61,52,105.9,106.8,63.5,"+.019","+2.27","110.9","108.6","+3.71","166",109.5,110.2,67.7,"+.099","-1.98","108.8","110.8","-0.69",141.5,-2.5,"2026-01-15","Hit"
"cfa16a41d563727e72ddf62f7ed4cc66","Cal St. Fullerton","UC Davis",74,69,110.2,111.1,69.3,"+.013","+0.05","108.6","108.5","+1.37","194",108.6,111.6,74.5,"-.017","+2.93","111.0","108.1","+5.02",168.5,-3.5,"2026-01-15","Hit"
"6d00ee023bf823fece0d136f7772de5a","Detroit Mercy","Northern Kentucky",96,71,109.2,110.5,69.7,"+.048","-5.59","108.9","114.5","-4.48","271",106.4,115.6,69.7,"+.015","-2.07","107.8","109.9","+6.49",158.5,-9.5,"2026-01-15","Hit"
"23e7a9591f9b499a7b04905d49575e53","Eastern Kentucky","Austin Peay",74,72,103.9,105.5,69.8,"+.030","-2.90","108.6","111.5","+1.73","264",107.9,116.7,67.9,"+.013","+0.28","110.0","109.7","+3.51",155.5,-7.5,"2026-01-15","Hit"
"bdd36dee20c6edc9f37201923774318d","Idaho","Idaho St.",76,68,112.4,114.3,64,"-.063","+0.27","109.3","109.0","+2.94","200",110.6,113.8,66.4,"+.050","-1.37","108.8","110.1","+0.77",148.5,-3.5,"2026-01-15","Hit"
"28c515378eb2ce3b72addda8d91ea5d5","Eastern Washington","Weber St.",91,80,110,112,68.9,"-.072","-2.23","107.1","109.4","-0.64","253",108.6,116.2,68.7,"-.107","+4.14","111.1","106.9","+6.36",158.5,-5.5,"2026-01-15","Hit"
"86b07572ebaa07fa89085a9b04c263b3","Queens","Florida Gulf Coast",74,85,111.3,113.7,68.7,"-.096","-0.91","109.1","110.0","+0.73","181",115.9,117.7,69.3,"+.037","-0.32","111.2","111.5","+6.63",167.5,2.5,"2026-01-15","Hit"
"9a09427e8bdc4ff4982725877e75b731","Drexel","Monmouth",51,73,104.7,107.2,66.4,"-.053","-2.06","106.9","109.0","-3.51","252",102.8,110.3,64,"-.075","-6.66","104.1","110.7","-9.69",131.5,-5.5,"2026-01-15","Loss"
"cf5e096f7785d7f466ffc0a568425a72","Arkansas St.","South Alabama",91,87,105.9,109,64.6,"+.105","-5.62","105.4","111.0","-5.10","133",111.2,108.6,73.6,"+.130","-0.07","108.7","108.8","+3.07",154.5,3.5,"2026-01-15","Hit"
"5f32dc3f0a0e14358b9bba11e69b3f16","SIUE","Tennessee Martin",65,59,105.7,108.8,64.9,"+.120","-5.65","104.5","110.2","-0.88","283",99.7,109.6,65.5,"+.026","-10.74","102.5","113.3","-6.81",131.5,-8.5,"2026-01-15","Hit"
"f0ec9ef12ca1f2554d944fe53cb00c5e","Maine","Vermont",67,62,110.8,114.3,65,"+.013","-3.59","106.4","110.0","-1.49","348",92.3,111,65.1,"-.045","-4.09","106.2","110.2","-1.96",129.5,-13.5,"2026-01-15","Hit"
"c86d8b23854fc1f28663734d424030ea","Cal Baptist","Abilene Christian",58,74,105.5,109.7,66,"+.128","+0.92","108.0","107.1","+0.64","150",107.8,106.4,65.7,"+.073","-2.91","106.7","109.6","-3.92",136.5,-1.5,"2026-01-15","Loss"
"b4d6d89b6ff40dbd2e3be8e7f9d31490","UT Arlington","Utah Tech",52,56,107.4,111.7,66.7,"+.041","+2.95","110.2","107.3","+3.87","145",105,103.2,65.8,"+.087","-0.35","107.8","108.1","+2.60",141.5,-1.5,"2026-01-15","Loss"
"7cc227b03566e8b8d12892fef713fbf1","Lindenwood","Southeast Missouri",76,88,106.1,111.3,69.9,"-.017","-2.93","106.6","109.5","+5.10","255",102.9,110.5,71.8,"+.043","-6.52","104.1","110.7","+3.26",154.5,-6.5,"2026-01-15","Loss"
"96e37945bcbe203acf5c79ea9303d106","Morehead St.","Tennessee St.",105,100,104.8,110.1,71.8,"+.102","-2.09","106.8","108.9","+5.40","307",102.4,115,66,"+.106","-1.15","108.1","109.3","+7.63",149.5,-8.5,"2026-01-15","Hit"
"215b51ffde65215e3087531415c3c4ed","Jacksonville","Central Arkansas",62,60,105.7,111.1,68.3,"-.103","-0.19","109.9","110.1","+4.87","311",99.7,112.5,63.4,"+.003","+1.96","110.9","108.9","+4.41",135.5,-9.5,"2026-01-15","Hit"
"fcabc0ebfb0f345c6ed34d384ab863f3","Elon","Northeastern",85,78,109.2,114.6,69.7,"-.059","+0.11","109.7","109.6","+0.86","157",115.6,115,67.6,"+.010","-3.44","108.2","111.6","-1.45",161.5,2.5,"2026-01-15","Hit"
"3ee5f0175b701ce370f3bfcf09b1eb3d","Old Dominion","Georgia Southern",87,84,109,114.7,71.8,"+.094","-6.53","104.6","111.1","-6.86","245",104.2,111,69.7,"-.105","+1.37","109.9","108.5","+7.54",163.5,-6.5,"2026-01-15","Hit"
"951ca16dc1c16e90b21f379a6089706c","Oakland","Milwaukee",60,73,109.1,114.9,67.5,"+.025","-0.45","110.4","110.9","+6.25","131",118.4,115.3,71.8,"+.048","+6.43","111.8","105.4","+16.65",165.5,2.5,"2026-01-15","Hit"
"b41d88491195373ebf2024b3912ef2c0","Hawaii","Cal Poly",66,86,105,110.8,74.7,"+.046","+1.65","110.8","109.2","+4.90","96",106.3,98.1,69.1,"-.008","-7.76","104.8","112.6","-12.74",155.5,6.5,"2026-01-15","Hit"
"72cd35a6835a176ea8feba35de467e99","James Madison","Appalachian St.",80,65,103.7,109.5,62.6,"+.058","-3.17","107.6","110.8","-1.30","223",109.2,114.1,65.3,"+.087","-2.60","108.6","111.2","-2.54",135.5,-1.5,"2026-01-15","Hit"
"32649638b3c289ae667ff76d61461bb1","UC Riverside","Long Beach St.",88,73,106.2,113.4,68.1,"+.010","+1.53","108.8","107.3","+3.71","272",104.5,113.7,67.7,"-.003","+3.32","109.8","106.4","+4.88",144.5,-5.5,"2026-01-15","Hit"
"eaffff6a581c63ed17332ea2c45fa207","UTEP","Delaware",69,70,101.7,110.9,63.3,"-.037","-4.61","105.4","110.0","-5.32","277",101.6,111.2,64.8,"-.011","+2.49","108.1","105.6","+4.50",126.5,-1.5,"2026-01-15","Loss"
"e1df7917dfa52feda3def24e706989f1","Hofstra","Stony Brook",76,71,101.3,111,65.1,"+.058","-3.54","105.7","109.3","-3.93","99",113.1,105.2,66.3,"-.008","+1.91","109.4","107.5","+3.96",135.5,7.5,"2026-01-15","Hit"
"92f39c7a58833ef4c0a0ecf60356c355","Kansas City","South Dakota",99,83,107.2,116.9,71,"+.046","-2.26","108.6","110.9","-3.37","335",97.8,114.7,69.6,"-.014","+1.76","111.8","110.0","+5.29",159.5,-7.5,"2026-01-15","Hit"
"7c821ffba719289731811c934d464937","NJIT","UMass Lowell",64,73,105.1,115.4,69.7,"+.013","-1.26","107.5","108.8","+3.26","351",95.5,115.1,68.6,"+.102","-4.74","105.7","110.4","-0.53",148.5,-6.5,"2026-01-15","Loss"
"1b80cf402408f03a193e78f8ead7708e","North Florida","North Alabama",91,105,103.6,114.3,65.8,"+.052","-0.64","109.2","109.9","+3.61","349",105.4,124.2,71,"-.085","+4.04","110.5","106.5","+8.21",158.5,-9.5,"2026-01-15","Loss"
"22cfdf2e56927b737157a045f72e7d57","The Citadel","UNC Greensboro",69,66,107.3,118,67.6,"+.008","-1.35","109.0","110.3","-0.05","359",100.5,123.9,64.7,"-.013","-2.94","108.0","111.0","-1.95",146.5,-9.5,"2026-01-15","Hit"
"c4d1df31dd5a15b5e570533909e1b98c","Eastern Illinois","Little Rock",74,63,103.2,114.3,66.3,"+.039","-1.67","107.0","108.7","+3.69","310",96.6,109.3,66,"+.065","-1.08","107.6","108.7","+11.85",134.5,-6.5,"2026-01-15","Hit"
"e841593bc4cca1d26b4475a0335cc83a","UC Santa Barbara","Cal St. Bakersfield",69,75,101.2,112.9,70.3,"+.080","-1.47","107.5","109.0","-1.58","172",112.8,114,65.1,"-.026","-3.34","106.9","110.2","-1.60",148.5,5.5,"2026-01-15","Hit"
"34a178b324c3036ca88d054746d67c8f","Northern Arizona","Sacramento St.",83,69,102.1,114,72.9,"-.002","+5.51","112.8","107.3","+6.38","299",102.8,114.6,66,"-.011","-0.40","109.3","109.7","+0.11",154.5,-2.5,"2026-01-15","Hit"
"3d529baf565fc02ba20ceb5634977c44","Binghamton","Albany",69,53,104.6,117.2,66.5,"-.104","+1.81","110.2","108.4","+4.06","360",96.9,120.3,66.5,"-.076","-8.55","104.3","112.8","-7.32",140.5,-5.5,"2026-01-15","Hit"
"35e52aed35c48277e77514edd489591b","Southern Indiana","Tennessee Tech",54,71,101.3,114.4,68.5,"-.036","-3.04","106.7","109.7","+3.65","336",96.7,113.5,69.1,"-.065","-5.02","106.0","111.0","-1.06",142.5,-5.5,"2026-01-15","Loss"
"0b6343aebb29fc2825b3e4346337dd62","St. Thomas","North Dakota",80,91,103.4,116.9,67.9,"+.090","-3.35","107.3","110.6","-0.46","129",112.4,109.3,68.6,"+.083","-4.17","108.5","112.7","-2.12",153.5,9.5,"2026-01-15","Hit"
"0108bfcb3bb4105dcbe3080d5bea3ab9","Tarleton St.","Southern Utah",106,105,99.4,113.7,69.9,"-.081","+3.66","111.0","107.3","+3.41","167",108.3,109,70.7,"+.046","+1.44","108.5","107.0","+2.86",151.5,5.5,"2026-01-15","Hit"
"280b9585a560c5e9c25d420b7a612154","Green Bay","Cleveland St.",73,88,105.4,120.8,69.5,"-.038","-0.58","111.2","111.8","+4.19","239",109.1,115.2,63.4,"+.110","-0.49","110.6","111.1","+5.64",147.5,2.5,"2026-01-15","Hit"
"33bcfd9010ce0ea4a17f3d5a64838b8e","West Georgia","Stetson",95,86,101.4,117.9,67.7,"+.047","+0.24","108.3","108.1","+2.49","319",102,116.1,68.7,"+.187","-4.35","108.0","112.4","+0.99",151.5,3.5,"2026-01-15","Hit"
"4ef57744f8eebe2362aeb5944db24c7e","UMBC","Bryant",79,74,96.3,113.4,65,"+.010","+0.31","107.3","106.9","+3.78","282",105.6,115.4,66.7,"+.068","-10.30","103.1","113.4","-7.11",135.5,-2.5,"2026-01-15","Hit"
"22e8b64f8ae6cda762c687d8af2f07c4","Mercer","VMI",67,77,101.3,118.4,67.3,"+.013","-1.93","108.9","110.8","-1.55","146",112.7,110.9,70,"-.032","+2.62","111.1","108.4","+5.81",155.5,9.5,"2026-01-15","Hit"
"883ec2ac013d3c064a1728d8d8a35021","Robert Morris","IU Indy",96,93,104,121.6,75.5,"+.021","-2.57","107.9","110.5","-0.21","206",109.4,112.9,65.3,"+.077","-3.61","107.9","111.6","-3.73",158.5,5.5,"2026-01-15","Hit"
"c55e5cd90ac1f0ff883011cca3aebc51","Baylor","Kansas",80,62,121.2,96.4,68,"-.019","+13.43","115.2","101.8","+11.00","40",123.8,105.4,68.5,"-.014","+6.99","111.6","104.6","-0.47",155.5,-7.5,"2026-01-16","Hit"
"2aef9f83f9fbcd30cc991b1a9821d821","Creighton","Providence",93,88,121.1,108.7,72.9,"-.132","+8.32","112.9","104.6","+0.05","53",119.4,103.6,66.2,"+.007","+8.68","113.9","105.2","+4.66",162.5,1.5,"2026-01-16","Hit"
"fdcb3b6954f31993a37a6dfc1466eb6c","Loyola Chicago","Dayton",78,51,111.4,99.7,67.8,"+.032","-0.46","109.9","110.4","-0.73","293",106.2,117.7,66.1,"+.056","-1.34","108.3","109.7","-5.70",142.5,-17.5,"2026-01-16","Hit"
"de383f601d088ef5e168037c12b9e525","Colorado St.","Boise St.",79,73,111.8,101.4,66.9,"+.017","+9.46","114.0","104.6","+6.85","90",120.7,111.8,62,"+.032","+2.19","111.1","108.9","-2.68",141.5,-5.5,"2026-01-16","Hit"
"e35e5fd863e38cc6cdafd33a66922598","Marquette","DePaul",80,75,107,100.7,67.7,"+.008","+0.59","110.2","109.6","-10.77","116",109.3,104.8,70.4,"-.103","+8.15","113.5","105.4","+1.12",143.5,-3.5,"2026-01-16","Hit"
"6e19bb1da625ffc137aa0086ab34181e","Toledo","Kent St.",87,84,113.7,112.2,72.5,"+.157","-4.33","109.0","113.3","-4.34","157",113.8,113.5,69.3,"+.019","-1.24","109.6","110.8","+2.12",170.5,-4.5,"2026-01-16","Hit"
"1a9c134ca3f6c3932a88364fd62e7d9e","Ohio","Ball St.",76,71,100.6,115.1,64.6,"-.064","-2.02","108.5","110.5","-5.38","201",108.2,111.6,69.6,"+.090","+0.16","109.5","109.4","+2.32",147.5,4.5,"2026-01-16","Hit"
"9427cd95186a83064390fe1ee826e974","Minnesota","Illinois",77,67,128.4,97.6,66.5,"-.004","+8.82","114.7","105.9","+3.23","86",112.9,102.9,63.5,"-.032","+2.39","112.0","109.6","-9.19",142.5,-15.5,"2026-01-17","Hit"
"c50bfed99b7c9e6e633b043c2ff4c7fe","Florida","Vanderbilt",94,98,124.8,96.2,71.2,"+.061","+6.65","113.7","107.1","+1.69","10",123,94,70.6,"-.112","+10.89","116.3","105.4","+7.04",165.5,-1.5,"2026-01-17","Loss"
"06842adf5e5b04dbd958767a376c1500","Kentucky","Tennessee",78,80,119.3,95.4,67.2,"-.046","+7.13","114.4","107.3","+0.46","27",119.9,98.8,68.1,"-.054","+6.65","113.8","107.2","+1.42",144.5,-6.5,"2026-01-17","Loss"
"f917e0387cec676863d9f39bae799dfa","BYU","Texas Tech",84,71,123.2,100.4,67.9,"+.049","+9.45","116.2","106.7","+7.93","13",125.3,97.4,70.9,"+.048","+5.95","112.3","106.4","+3.77",162.5,-3.5,"2026-01-17","Hit"
"5174357a659f5749c2912a8bd21bfae5","Georgia Tech","N.C. State",74,78,122.2,100.1,69.3,"-.061","+6.64","113.1","106.4","+4.82","136",108.1,105.6,70.9,"-.008","-3.00","106.4","109.4","-8.66",154.5,-17.5,"2026-01-17","Loss"
"860a1c993c18b8dd559ca5ceceacdf9e","St. John's","Villanova",79,86,122.4,100.7,63.4,"+.044","+7.07","113.9","106.9","+2.77","19",121.9,98,70.7,"-.080","+8.36","114.2","105.9","+7.45",148.5,1.5,"2026-01-17","Hit"
"c21cca025dcb168d1cae4b7cbb421606","Miami FL","Clemson",69,59,117.9,96.9,65.5,"+.042","+5.34","112.3","107.0","+1.38","29",120.6,100.3,69.9,"+.034","-2.34","108.5","110.8","-7.16",144.5,-4.5,"2026-01-17","Hit"
"15996f12985cb9877a2a06ccb69e2816","Richmond","Saint Louis",88,63,120.2,100.2,71.8,"+.019","-4.43","106.1","110.5","-6.17","111",113.6,107.8,68.9,"-.043","-5.32","107.0","112.3","-7.77",162.5,-14.5,"2026-01-17","Hit"
"8837a97da55a0d3754a761db4909498f","Arkansas","Georgia",90,76,122.4,102.6,74.8,"-.001","-1.18","108.6","109.8","-7.21","24",125.9,103.6,72.2,"+.013","+7.54","113.9","106.3","+3.06",182.5,-2.5,"2026-01-17","Hit"
"24afb9acb727e88f1c990c300e0fee0f","Iowa","Indiana",57,74,121.4,101.6,68.2,"-.048","+3.08","110.5","107.4","-4.23","21",121.2,98,64.6,"-.077","+2.92","110.3","107.4","-7.07",144.5,-2.5,"2026-01-17","Loss"
"07e5b6c4874115f0b44037eeea9c7242","South Carolina","Auburn",71,67,124.9,105.3,67.9,"-.031","+12.32","117.0","104.7","+8.43","85",115.5,105.3,65.7,"-.077","-0.96","109.8","110.8","-9.07",154.5,-11.5,"2026-01-17","Hit"
"93adb83041e83c2e985394b290d5854f","Virginia","SMU",68,72,123.5,104.2,69.2,"+.040","+6.53","113.2","106.6","+1.87","14",123.9,97.6,66.2,"-.013","+2.93","111.1","108.2","-3.73",154.5,2.5,"2026-01-17","Hit"
"9ed77fbe9f59d3e325f4146db09fff21","Texas A&M","Texas",70,74,124,105.3,68.2,"-.078","+5.13","111.9","106.8","-4.79","42",118.9,101.6,72.3,"+.009","+0.11","110.4","110.3","-6.95",165.5,-5.5,"2026-01-17","Loss"
"6e420b16280574c337d6c11012599d38","UCLA","Ohio St.",86,74,121.4,102.8,67.8,"-.060","+5.26","112.5","107.3","-4.07","40",119.2,101,65.8,"-.029","+2.97","111.2","108.3","-5.02",146.5,-4.5,"2026-01-17","Hit"
"ec4dc748483567b24f16a3d23edabda0","Rutgers","Wisconsin",96,87,120.3,101.8,70.3,"+.057","+7.46","113.5","106.1","-2.25","156",108.7,108.1,65.4,"+.106","+3.58","110.2","106.6","-6.88",149.5,-14.5,"2026-01-17","Hit"
"65def48c5e146e36fbb50388d952e470","Arizona","UCF",77,84,120.9,103.8,69.3,"+.080","+4.18","111.7","107.5","-0.38","2",126.7,92.4,71.8,"+.026","+5.49","113.1","107.7","+2.88",165.5,9.5,"2026-01-17","Loss"
"9b225916a95593f05bc3a3947a484a76","Butler","Seton Hall",66,77,111.4,94.4,66.4,"-.009","+3.64","111.5","107.9","-4.15","64",116.7,104.2,70.5,"-.045","+6.70","113.3","106.6","-2.56",144.5,-6.5,"2026-01-17","Loss"
"029608c446002dc0960472c13d65c17b","Missouri","LSU",78,70,120.7,103.9,68.1,"-.049","+0.94","109.9","109.0","-4.45","54",119.9,105,67.4,"+.096","-0.23","109.6","109.8","-8.04",148.5,-1.5,"2026-01-17","Hit"
"a999ef36b0e92a4486cbe4f4fb57ec55","New Mexico","San Diego St.",83,79,115.6,98.9,68.6,"+.091","+4.86","111.8","107.0","+6.88","48",115.3,98.8,69.5,"+.009","+1.81","110.2","108.4","+1.42",146.5,-4.5,"2026-01-17","Hit"
"82ad60fd3a0d90df1fe9c22730a16edd","Saint Mary's","Santa Clara",62,54,120.9,104.6,70.1,"-.015","+2.18","109.8","107.7","+3.88","31",121.5,101.5,66,"+.053","+2.25","109.0","106.8","+3.44",155.5,-1.5,"2026-01-17","Hit"
"95fea23b59bc8d47315f471976cb8c87","Michigan St.","Washington",63,80,118.2,102,67.8,"-.080","+7.90","114.8","106.9","-1.39","12",118.4,90.5,66.2,"-.031","+7.60","115.4","107.8","+2.29",142.5,3.5,"2026-01-17","Hit"
"5700906a22ae1a0e206056db4cb2fe6d","Purdue","USC",64,69,118.8,102.7,70.4,"+.167","+5.88","111.4","105.5","-0.90","4",130.1,98.7,66,"+.077","+8.48","114.6","106.1","+6.96",155.5,9.5,"2026-01-17","Loss"
"0eebd7848cc3910cb604fb891692bf2c","Notre Dame","Virginia Tech",89,76,115.8,102.4,68.3,"+.014","+4.59","112.9","108.3","-0.22","72",113.5,101.7,65.1,"-.054","+4.97","111.8","106.8","-0.01",141.5,-6.5,"2026-01-17","Hit"
"21b6b014dc94535709706e449d27cfe4","Iowa St.","Cincinnati",79,70,107.1,93.8,69.7,"-.148","+3.32","110.3","107.0","-2.22","3",123.7,92.2,68.4,"+.053","+3.79","111.4","107.7","-2.32",141.5,6.5,"2026-01-17","Hit"
"1b657a5cf6dd538655006a5c65b611ba","Alabama","Oklahoma",81,83,120.9,107.7,66.8,"-.037","+2.46","110.5","108.0","-5.71","17",129.1,103.8,73.7,"-.025","+14.15","117.6","103.4","+11.75",177.5,5.5,"2026-01-17","Loss"
"3563c3cd9fdfe727f8c4d480bbab9f02","Nebraska","Northwestern",58,77,118.9,106.1,66.6,"-.176","+5.57","112.3","106.8","-2.44","16",121.9,96.3,67.8,"+.101","+4.94","112.4","107.4","-4.73",148.5,5.5,"2026-01-17","Hit"
"c0843086d7875af9d8e64985d5fa111b","Western Michigan","Akron",104,89,122.7,110,71.8,"-.047","-2.96","108.1","111.1","-2.21","248",108.7,115.5,68.6,"+.001","-1.87","108.3","110.2","-2.70",167.5,-19.5,"2026-01-17","Hit"
"2e16ed373e3c008a1ebc6e316249a652","Colorado","West Virginia",72,61,114.7,102.2,63.4,"-.036","-0.35","107.8","108.1","-8.64","75",118.3,107.2,69.9,"-.037","+2.39","111.4","109.0","-1.11",143.5,-5.5,"2026-01-17","Hit"
"b4256ef99c6a3868dfab5c47c43bc0ef","Kansas St.","Oklahoma St.",84,83,118,105.5,74.1,"+.078","+3.29","111.5","108.2","-2.26","82",115.9,105.5,73.4,"-.072","+6.92","114.1","107.1","+0.87",175.5,-3.5,"2026-01-17","Hit"
"ed62a83b90532652800955091204b1f5","Duke","Stanford",50,80,115.1,103.2,68.1,"+.074","+3.67","110.6","106.9","-1.56","6",124.4,93.7,68,"+.087","+8.76","114.3","105.5","+6.00",147.5,10.5,"2026-01-17","Hit"
"1f2c5cf36f882c8fe55a8e12537d4783","Mississippi","Mississippi St.",67,68,114.5,103.8,69.2,"+.031","+6.95","113.9","107.0","+2.33","60",116.4,103.4,65.3,"-.055","+4.59","112.0","107.4","-1.17",147.5,-2.5,"2026-01-17","Loss"
"cf6158b86bff74cb1f9fbb3a4a7d20c5","Indiana St.","Murray St.",85,81,118.6,108.1,72.3,"+.053","-2.04","109.0","111.0","-2.82","203",107.1,110.5,69.1,"-.007","-1.33","106.9","108.2","-6.14",164.5,-12.5,"2026-01-17","Hit"
"53c8c2796fcf2116fe723239b24db4fd","Louisville","Pittsburgh",59,100,116.3,106,64.7,"-.117","+4.84","111.5","106.7","+1.26","20",124.5,101.2,70.5,"-.052","+6.75","111.3","104.5","+1.54",152.5,7.5,"2026-01-17","Hit"
"973001811644b6d827c94d7cd87da2fc","North Carolina","California",84,78,114.1,103.9,67,"+.044","+0.95","110.5","109.5","-6.91","35",121.4,101.9,67.6,"+.055","+3.43","110.9","107.5","-0.13",151.5,6.5,"2026-01-17","Hit"
"834727e5a9e0232066cad36d779c8f5f","Buffalo","Miami OH",105,102,116.1,106.8,71,"+.092","-7.41","105.9","113.3","-10.43","182",113.8,115.6,66.7,"+.009","-7.14","105.7","112.8","-7.56",160.5,-10.5,"2026-01-17","Hit"
"b0ce88f1075dfa5c6efa6408f3cf4677","Michigan","Oregon",71,81,114.7,105.5,67,"-.045","+7.13","113.4","106.3","+1.77","1",126,89.8,74.1,"+.014","+11.07","115.6","104.5","+11.42",157.5,19.5,"2026-01-17","Loss"
"c266a34cce7474181199840a3c2257e9","Cornell","Yale",102,68,120.9,112.1,66.4,"+.112","+0.36","109.4","109.0","+0.74","190",117.8,120.5,74,"-.086","-1.20","108.6","109.8","-0.03",175.5,-8.5,"2026-01-17","Hit"
"6d345d7cc5ed78c96c87cd95841b6398","Utah St.","Grand Canyon",84,74,108.5,100,68.2,"-.023","-0.75","110.0","110.8","-5.96","22",122.4,99.5,69,"+.067","+1.95","110.9","109.0","+2.02",148.5,5.5,"2026-01-17","Hit"
"095e503b27019735979a8d95f079a844","UT Arlington","Utah Valley",86,74,112.1,103.9,70.6,"+.057","-0.37","108.7","109.0","+2.23","143",103.9,101.8,65.9,"+.104","-0.32","108.3","108.7","+2.56",144.5,-11.5,"2026-01-17","Hit"
"8edd047fdb40fbf745a5f0fd9185e45e","UTEP","Liberty",80,69,117.8,109.6,64.3,"+.161","+0.38","109.0","108.6","+1.83","274",102.7,112,64.8,"+.028","+1.99","108.2","106.2","+4.53",137.5,-12.5,"2026-01-17","Hit"
"60bcb758eb67bdf5d20809db6e143cc3","USC Upstate","High Point",89,69,119,110.9,70,"-.006","-8.14","104.0","112.2","-8.78","279",101.4,111.3,68.7,"+.032","-3.46","107.2","110.7","-2.75",149.5,-16.5,"2026-01-17","Hit"
"d0fc1845c1040c3d42f760f394937104","Bradley","Illinois St.",88,62,113.1,105,66.9,"-.052","-1.80","108.7","110.5","-2.26","117",111.5,107.1,68.4,"+.030","-1.91","107.8","109.8","-4.47",149.5,-5.5,"2026-01-17","Hit"
"e535672ec76f100fcb8d37b7e0a0da18","Elon","Hofstra",85,89,114.1,107.4,66,"-.022","+1.59","109.4","107.9","+3.93","159",115.4,115.2,68,"-.012","-3.07","108.8","111.9","-1.38",149.5,-5.5,"2026-01-17","Loss"
"14fbe36612f5a4b9fb1ab558f33ec8ca","Connecticut","Georgetown",62,64,114.5,108,67.2,"-.051","+3.42","110.2","106.7","-5.60","9",122,92.3,65.9,"+.074","+9.32","113.3","103.9","+8.12",141.5,11.5,"2026-01-17","Loss"
"23b1757f43c51704830e4aff4ce9309e","Wake Forest","Florida St.",68,69,114.7,109.5,73.6,"-.103","+5.78","111.7","105.9","-2.29","59",115,102,70.2,"-.035","+6.57","113.7","107.2","+1.41",168.5,1.5,"2026-01-17","Loss"
"c683a62b0068f574458743028c106aa3","Campbell","UNC Wilmington",78,75,111.8,106.9,65.1,"+.046","-8.37","103.8","112.1","-9.30","185",110.4,112.4,70.6,"+.067","+4.73","112.2","107.5","+8.09",150.5,-5.5,"2026-01-17","Hit"
"925b9d82a104001d32dab4911436150d","Eastern Michigan","Bowling Green",85,79,110.4,106,68.3,"-.105","-2.14","108.6","110.8","-7.01","195",104.7,107.6,66,"+.002","-1.04","109.4","110.4","+1.74",141.5,-11.5,"2026-01-17","Hit"
"f3765499f01bf67bea7fc7a0553f96b0","Arkansas St.","Troy",99,74,112.7,108.4,67.4,"-.011","-0.41","108.7","109.1","+4.10","142",111.4,109.3,73.8,"+.096","-0.07","109.0","109.1","+2.96",166.5,-3.5,"2026-01-17","Hit"
"d31774dc8578b33e974092f87bfd7c03","Gonzaga","Seattle",50,71,105.1,100.8,68.8,"+.030","-1.19","109.8","111.0","-4.94","7",126.1,95.5,70.5,"+.099","+5.14","112.4","107.3","+7.42",150.5,14.5,"2026-01-17","Hit"
"f72b6781581a8f3b44cffc5fb6f6a995","TCU","Utah",82,79,115,110.7,69.3,"-.001","+5.23","112.5","107.3","-0.78","52",114.2,98.1,67.8,"-.091","+2.87","110.1","107.3","-5.89",154.5,4.5,"2026-01-17","Hit"
"e906bb0a2ed109896a9cc93d11fd8a74","Missouri St.","Middle Tennessee",90,87,109,105.2,65.7,"+.015","+5.76","111.9","106.1","+13.05","211",106.7,110.7,65.1,"+.047","-2.28","107.7","109.9","-1.81",138.5,-6.5,"2026-01-17","Hit"
"3a4fe8eec4dde12d8cbd68e92c981010","Belmont","Southern Illinois",68,73,106.9,103.6,70.6,"-.118","+3.58","111.2","107.6","+1.94","66",118.2,105.7,69.6,"-.007","-2.12","106.5","108.7","-3.96",153.5,3.5,"2026-01-17","Hit"
"2e0657f377b52bc3362cab793c86d262","Fairfield","Marist",82,67,102.3,99.3,67.3,"-.062","-7.42","104.5","111.9","-5.98","258",108.5,116.3,67.8,"+.038","-10.55","102.9","113.5","-7.80",142.5,-8.5,"2026-01-17","Hit"
"eccb07fd204c9a5d8c2bbe8d15d5d167","St. Thomas","North Dakota St.",68,65,111.7,109.3,66.8,"-.001","-4.32","106.8","111.1","-1.38","129",113.2,109.9,68.9,"+.086","-4.53","108.8","113.3","-2.20",150.5,-2.5,"2026-01-17","Hit"
"2de179eb2cad5e8dcd87005e0af122e5","Portland","Loyola Marymount",58,71,106.1,103.7,68,"+.001","+0.26","110.7","110.4","-5.78","217",106,110.4,69.6,"+.030","+1.05","111.1","110.0","-0.70",147.5,-8.5,"2026-01-17","Loss"
"fe8c82d9db0593b6cc989eabedc07087","Wyoming","Fresno St.",63,60,106.3,104.3,68.5,"-.075","+1.36","110.8","109.5","-3.62","100",115.1,107.4,67.9,"-.037","-0.97","108.8","109.8","-5.24",144.5,2.5,"2026-01-17","Hit"
"ec46b99ec45a91cb8e148be0661748ae","Northern Arizona","Portland St.",63,52,106.7,105.6,69.5,"+.010","-0.22","110.6","110.8","+1.64","310",103,115.9,65.6,"-.011","-0.99","109.4","110.4","-0.16",141.5,-11.5,"2026-01-17","Hit"
"6ef24f7b09612f6f616e28b23b0f5a60","Kennesaw St.","Western Kentucky",65,81,109.7,108.7,70.7,"+.035","-1.04","108.7","109.7","+0.44","173",109.5,110.7,73.9,"+.032","-3.57","107.9","111.5","-5.18",163.5,-8.5,"2026-01-17","Loss"
"ed25f467e65c6dfa86c33a33bdc4263a","Wofford","Furman",70,74,108.7,107.8,67.4,"+.099","-2.41","109.7","112.1","+0.71","241",109.2,115.5,68.9,"+.110","-5.19","109.5","114.7","-3.03",149.5,-5.5,"2026-01-17","Loss"
"85526cd16b26a750100edd22faeda181","Austin Peay","Lipscomb",82,78,108.9,108.2,70.8,"+.044","-1.93","109.0","111.0","+4.65","184",104.6,106.5,69.3,"+.055","-3.81","108.8","112.6","+1.65",154.5,-3.5,"2026-01-17","Hit"
"7efc706eeaf41f2d915cf398331fecb5","Montana","Montana St.",76,67,110.2,110,65.8,"-.083","+1.54","111.8","110.3","+4.90","186",108.7,110.7,70,"+.044","+0.28","110.6","110.4","+3.65",150.5,-5.5,"2026-01-17","Hit"
"c64c6e67f57b02186372077b7a4dc6ef","Syracuse","Boston College",81,73,103.4,103.2,65.9,"-.082","-0.22","109.4","109.6","-6.45","58",115.1,102,68.1,"+.012","+0.86","108.1","107.2","-3.52",137.5,6.5,"2026-01-17","Hit"
"64ea79e4029ea045bd4d33104308ac12","Drake","Illinois Chicago",74,67,107.3,107.2,66.6,"-.083","+1.26","110.3","109.0","-4.28","168",109.2,109.9,66.4,"-.076","-0.19","108.8","108.9","-4.39",140.5,-4.5,"2026-01-17","Hit"
"ba0d695a042ce4ffc6a5f90dec618ba6","Princeton","Harvard",87,80,108.9,109,64.2,"-.068","-2.10","107.8","109.9","-2.21","228",103.1,108.5,65.6,"-.052","-0.95","110.2","111.1","-0.71",133.5,-4.5,"2026-01-17","Hit"
"0ecaf8fb30589774a7c09c83c1996695","Robert Morris","Northern Kentucky",89,92,110.2,110.5,69.9,"+.042","-6.23","108.8","115.1","-4.49","215",109.8,114,65.1,"+.048","-4.35","108.1","112.5","-4.03",154.5,-6.5,"2026-01-17","Loss"
"747dc95cb63f212335f6cde33c1ddf73","UC Irvine","UC Davis",75,72,110,110.5,69.3,"+.038","-0.37","108.8","109.2","+1.60","118",104.8,100.4,68.3,"+.012","-1.49","108.0","109.4","+0.32",146.5,2.5,"2026-01-17","Hit"
"b431a5ebcabd39e674048c44b9306b22","Hawaii","UC Santa Barbara",77,62,113.7,114.5,64.8,"-.007","-3.26","107.2","110.5","-1.27","90",106.8,98,69.3,"-.006","-7.30","105.3","112.6","-12.75",144.5,2.5,"2026-01-17","Hit"
"9ea8d4f6a71bbdf9c9f4ea01312c3761","Northern Iowa","Valparaiso",54,44,106.7,107.7,66.2,"-.053","+1.23","109.6","108.4","-5.25","103",106.1,99.3,62.4,"-.044","-0.81","108.9","109.8","-1.23",130.5,1.5,"2026-01-17","Hit"
"bbe4caefb591332cc198cb53c7656f24","Eastern Washington","Idaho St.",66,84,112.7,114.1,64.4,"-.042","-0.32","109.5","109.8","+3.04","257",108.9,116.7,69.1,"-.106","+4.02","111.5","107.5","+6.39",152.5,-5.5,"2026-01-17","Loss"
"90fe839deb14e393d6fc226372c6cb12","Sam Houston St.","FIU",63,76,110,111.3,72,"-.047","-0.71","109.8","110.5","+0.14","115",113.5,108.7,71.3,"-.058","+3.81","112.2","108.4","+5.30",167.5,-1.5,"2026-01-17","Loss"
"0355b5c65e5fd9158a86930f291e98a7","James Madison","Marshall",77,72,110,111.4,69.9,"+.048","-2.86","108.0","110.9","-0.80","239",109.8,116,65.2,"+.086","-2.44","108.9","111.3","-2.57",150.5,-4.5,"2026-01-17","Hit"
"f4f4fb62f0700a5e2940dcecc8942ebe","Southeastern Louisiana","Texas A&M Corpus Chris",68,56,103.6,105.3,66.4,"-.020","+4.14","111.4","107.3","+17.53","266",101,109.9,65.9,"-.010","-0.33","108.6","108.9","+5.59",129.5,-5.5,"2026-01-17","Hit"
"3426c1786e62e586dc2221e0ccb02b49","Idaho","Weber St.",67,75,110.7,112.3,69.3,"-.056","-3.01","107.3","110.4","-0.67","206",110.2,113.9,66.8,"+.028","-1.14","109.6","110.7","+0.59",155.5,-1.5,"2026-01-17","Loss"
"2a0f78570cd36281687f73fd5fb3d78d","Northwestern St.","Incarnate Word",76,74,107.7,110.3,66.8,"-.056","+1.78","110.4","108.6","+6.98","289",106,116.8,66.2,"+.040","+1.70","108.6","106.9","+7.65",141.5,-8.5,"2026-01-17","Hit"
"1a7a114779b2953c6da57e39dc15f12e","Duquesne","Fordham",63,74,106.2,108.8,63.8,"-.094","-7.09","105.7","112.8","-15.38","144",112.2,110.2,71.1,"-.095","-1.35","109.0","110.4","-5.89",145.5,1.5,"2026-01-17","Hit"
"075ab1f95b5e179967ef84f24ce800c1","Long Beach St.","CSUN",80,87,108.4,111.1,73.6,"+.087","-0.42","108.9","109.3","+0.05","244",107.4,113.9,68.2,"+.002","+0.32","108.7","108.4","+3.72",157.5,-5.5,"2026-01-17","Loss"
"1f898b2fb2b36c0cd3a82b4ee82855fe","Louisiana","South Alabama",56,59,106.4,109.2,64.8,"+.120","-5.37","106.1","111.4","-5.09","327",97.1,112.5,63.1,"-.028","-4.10","106.4","110.5","-0.88",127.5,-9.5,"2026-01-17","Loss"
"0f77500a06538da45cbedb9d19a6e39f","Bucknell","Colgate",95,76,109.8,112.9,66.5,"+.083","-1.87","109.0","110.8","+4.67","318",98,111.7,66.9,"+.037","-2.84","108.5","111.3","+1.75",139.5,-8.5,"2026-01-17","Hit"
"927f0322c948b146490313e07d819048","Lindenwood","Tennessee Martin",69,55,105.7,108.8,65,"+.130","-6.37","104.5","110.8","-0.83","236",103.5,109.7,72.4,"+.060","-6.01","105.0","111.0","+3.25",147.5,-3.5,"2026-01-17","Hit"
"4432e72c70d94391e6bff327de569620","Kansas City","South Dakota St.",90,62,108.8,112,68.3,"-.096","-1.21","108.8","110.0","+1.13","341",98.6,115.9,69.8,"-.011","+1.38","112.0","110.7","+5.48",151.5,-13.5,"2026-01-17","Hit"
"f551ad035544c313cdf2422563f53d92","Pacific","Oregon St.",64,81,108.2,111.5,65.7,"+.073","-0.31","108.3","108.6","-2.55","130",111.5,108.2,65.6,"+.003","-0.25","108.7","108.9","-0.03",139.5,-1.5,"2026-01-17","Loss"
"b5b505c0d1a474aa7953d080a450334c","Lamar","Nicholls",80,90,108.5,111.9,68.9,"+.055","+3.05","110.9","107.8","+10.93","223",102.1,107,65.4,"+.004","-3.59","106.9","110.5","-0.42",139.5,-4.5,"2026-01-17","Loss"
"40a22785cfc3c09f3dd958a1a3459395","West Georgia","Florida Gulf Coast",90,72,110.5,114.1,68.9,"-.102","-1.45","109.8","111.3","+0.75","324",102.9,117.9,69.2,"+.160","-5.14","108.0","113.1","+0.46",160.5,-10.5,"2026-01-17","Hit"
"de5beaf164817887dccac35850f50ae1","Penn","Dartmouth",74,84,108,111.7,70.6,"+.000","-1.53","109.2","110.8","-2.67","201",110.4,113.7,70,"+.025","-2.03","107.3","109.4","-1.10",162.5,-1.5,"2026-01-17","Loss"
"e2cb98d7b970d74a08656252ecc670cb","McNeese","UT Rio Grande Valley",79,76,105,109.3,67.6,"-.132","-0.14","108.2","108.4","+6.73","68",117.1,104.8,67.2,"+.099","-0.41","108.5","108.9","+11.52",144.5,9.5,"2026-01-17","Hit"
"59900dc2178fc68cbcb9df7bd086a681","Tarleton St.","Utah Tech",75,71,106.1,110.6,66.9,"+.020","+2.52","110.1","107.6","+4.00","174",109.2,110.5,71.4,"+.009","+0.29","108.1","107.8","+2.71",153.5,-1.5,"2026-01-17","Hit"
"a0e47b17680d8d14ebbab0a4125fbe3f","Old Dominion","Appalachian St.",73,75,105.4,110.2,62.5,"+.059","-3.67","107.9","111.6","-1.27","249",104.9,111.8,69.6,"-.118","+1.20","110.5","109.3","+7.74",139.5,-6.5,"2026-01-17","Loss"
"2da38c074cc28e0f941844dcf835015e","UNLV","San Jose St.",62,76,108.9,113.9,65.1,"+.000","+3.97","110.5","106.5","+0.84","148",110,108.4,71.9,"-.023","+1.05","109.4","108.3","+0.32",147.5,5.5,"2026-01-17","Hit"
"fa3880d0e48872f7d6bed2f9736b039b","Louisiana Tech","Jacksonville St.",64,60,104.7,110.1,64.2,"-.008","-2.68","108.4","111.0","-5.06","238",100.1,106.3,63.7,"+.053","-4.62","106.6","111.2","-6.80",126.5,-4.5,"2026-01-17","Hit"
"3d25c8d00eac5bbd9681e6a61b80107d","Stephen F. Austin","New Orleans",79,84,111.4,117,69.2,"+.027","+4.23","109.9","105.7","+15.45","101",109.8,102.9,65.8,"-.067","-4.88","105.3","110.2","-3.84",145.5,5.5,"2026-01-17","Loss"
"7d42bfa971531ba5fccd05a148566fba","Winthrop","UNC Asheville",67,69,106,111.7,66.2,"-.070","-1.15","109.8","111.0","+0.38","123",115.3,111.1,68.4,"-.073","-1.91","109.2","111.2","+1.57",152.5,5.5,"2026-01-17","Loss"
"b7b8af6105b40e65267294e5f7892a98","North Florida","Central Arkansas",98,69,105.7,111.5,68,"-.066","-1.68","109.4","111.1","+4.78","334",108.7,125.2,71.1,"-.080","+3.16","110.6","107.4","+8.37",164.5,-11.5,"2026-01-17","Hit"
"1fc0fbb14f38abcb6a709834232be81c","Coastal Carolina","Georgia Southern",75,79,109.7,115.6,71.7,"+.111","-7.05","104.9","112.0","-7.09","254",102.7,110.2,68.7,"+.088","-3.71","106.8","110.5","-1.53",155.5,-5.5,"2026-01-17","Loss"
"753594ec3774c6f97459d74c8b474332","Southern Indiana","Tennessee St.",73,67,106.4,112.4,71.8,"+.123","-3.61","106.5","110.1","+5.30","325",97.2,112.2,69,"-.099","-5.27","106.2","111.5","-0.91",150.5,-8.5,"2026-01-17","Hit"
"6a3e9f99e96ff5ab6a497ab6a6ef40cb","St. Bonaventure","La Salle",78,74,105.1,111.3,65,"-.061","+6.00","113.3","107.3","+2.85","139",113,110.6,67.2,"-.011","-2.04","108.6","110.6","-4.11",144.5,3.5,"2026-01-17","Hit"
"238eb179b45f51205ac3f7c4ff87f701","Rider","Saint Peter's",69,58,103,109.4,66.3,"+.090","-5.31","105.3","110.6","-0.09","351",96,115,65.1,"-.065","+0.62","109.0","108.3","+10.33",133.5,-10.5,"2026-01-17","Hit"
"c1af799f76ce795573bdbe72556c182f","SIUE","Southeast Missouri",55,68,105.3,112,70.6,"-.029","-3.90","106.5","110.4","+4.79","278",99.8,109.4,65.5,"+.008","-9.46","103.7","113.2","-6.45",141.5,-7.5,"2026-01-17","Loss"
"9299d5f6e94fbe8e5b091cc4faa75381","Quinnipiac","Merrimack",83,71,104.3,111.3,64.1,"+.163","-2.76","108.4","111.1","+3.09","162",106.4,106.5,70.4,"+.090","-4.16","106.4","110.6","+1.35",143.5,1.5,"2026-01-17","Hit"
"1be2722b687f57dce5fb9129d161f180","East Tennessee St.","Samford",75,76,108.2,115.3,67.1,"+.045","-3.29","108.6","111.9","-0.46","126",111.3,107.7,67.1,"-.069","-7.69","105.7","113.4","-5.17",148.5,3.5,"2026-01-17","Loss"
"93a36cdb8dad5997baf4b93429c5ccfa","Columbia","Brown",86,80,99.1,106.7,66.7,"-.105","-5.39","106.9","112.3","-7.12","154",109.6,108.9,68.1,"+.111","-5.34","108.1","113.5","-6.14",141.5,3.5,"2026-01-17","Hit"
"6e73b526811fc239576b8c8b2360e17a","Longwood","Radford",85,83,107.9,115.8,72.1,"-.026","-8.29","105.3","113.6","-5.68","285",104.6,115,68.8,"+.064","-6.97","105.2","112.2","-9.30",157.5,-4.5,"2026-01-17","Hit"
"aa704cc60c67fb66b3d33b4589bbfbaf","Charleston","Stony Brook",112,106,103.4,111.6,64.9,"+.077","-2.86","106.7","109.5","-3.73","171",108.4,109.4,68,"+.080","-1.32","109.3","110.7","-0.52",141.5,3.5,"2026-01-17","Hit"
"a44dc3e5b553cd432e9f2b694dd3b138","Southern","Grambling St.",53,71,103.7,112,68.4,"+.032","-2.72","106.7","109.4","+1.49","265",103,111.8,71.6,"+.000","+5.37","113.0","107.6","+13.56",153.5,-2.5,"2026-01-17","Loss"
"befbfec49924656209fe026a9f8e472a","Bellarmine","Eastern Kentucky",89,69,108.8,117.5,67.4,"-.007","+0.35","110.3","109.9","+3.44","280",111.8,121.7,65.5,"-.033","+0.15","111.0","110.8","+4.04",156.5,-5.5,"2026-01-17","Hit"
"5059b0a0284187e46352cf62e61951ab","Chattanooga","Western Carolina",82,90,104.9,113.9,69.1,"+.049","+3.24","111.2","107.9","+9.42","264",105.7,114.4,66.9,"-.011","-4.56","108.6","113.2","-2.86",150.5,-1.5,"2026-01-17","Loss"
"c04b9b20b1260860c93f148da3013f75","Southern Miss","Texas St.",74,67,102.3,111.4,66.9,"+.068","-6.51","105.0","111.5","-8.38","214",105.7,109.9,68,"+.063","-3.06","108.4","111.4","+3.46",139.5,-1.5,"2026-01-17","Hit"
"e04266b656721ce385c7912083d5cbe8","New Mexico St.","Delaware",68,97,102.5,112,63.5,"-.060","-5.34","105.3","110.6","-5.32","140",110.4,108,67,"-.098","+0.97","109.5","108.6","+0.09",134.5,4.5,"2026-01-17","Hit"
"ca081ea50976c22f0de460175df39576","Cal St. Fullerton","UC Riverside",81,72,105,115.2,67.7,"-.008","+2.90","110.0","107.1","+4.98","194",108.2,111.1,74.5,"-.035","+3.08","111.5","108.5","+5.11",157.5,3.5,"2026-01-17","Hit"
"2374ed7b4d51e5915b5b5e73a1038910","Northern Colorado","Sacramento St.",93,89,103.7,114.3,72.7,"-.025","+4.31","112.4","108.1","+6.80","164",111.5,111.6,69.3,"-.001","-0.83","110.2","111.0","-1.42",164.5,5.5,"2026-01-17","Hit"
"f040160f29d98d39fb8f0b23d311648a","Western Illinois","Little Rock",86,79,104,114.8,66.3,"+.053","-2.64","106.6","109.2","+3.52","356",93.9,115.9,65.7,"-.084","-5.14","105.5","110.7","-2.46",135.5,-10.5,"2026-01-17","Hit"
"8c058c04d54d39eda19aaf8468909b98","Mercer","UNC Greensboro",92,102,106.2,117.7,67.4,"+.038","-2.75","108.9","111.7","+0.02","145",113.1,111,69.9,"-.013","+1.47","110.9","109.4","+5.88",157.5,7.5,"2026-01-17","Hit"
"08f83bfb1709017d328fea5b988697ad","Nebraska Omaha","Oral Roberts",62,73,103.6,115.3,67.8,"-.022","+3.14","112.6","109.5","+4.82","273",108,117.2,66.6,"+.010","+0.01","110.2","110.2","+3.70",146.5,-2.5,"2026-01-17","Loss"
"cd6520874ef7671eef8df9affd45edd9","UC San Diego","Cal St. Bakersfield",62,83,101.9,113.6,69.9,"+.063","-1.64","108.1","109.7","-1.64","110",114.9,109,67.3,"-.022","-1.38","108.1","109.5","+0.05",147.5,8.5,"2026-01-17","Hit"
"55705795c166f9f5776a8d97108c7388","East Texas A&M","Houston Christian",81,70,104.2,116.6,64.8,"-.022","-0.24","109.1","109.4","-1.18","311",98.2,111.2,69.9,"+.077","+1.35","108.9","107.5","+5.85",139.5,-2.5,"2026-01-17","Hit"
"2ffac046101c13bb7762aa8846edff30","Navy","Lehigh",79,82,101.4,113.9,68.3,"+.031","-4.33","106.5","110.9","-1.22","196",103.6,106.6,66.9,"+.026","-10.34","103.7","114.1","-8.91",132.5,3.5,"2026-01-17","Loss"
"9b3182eb62ef64559c5abe2f5c80e06d","Jacksonville","North Alabama",68,90,104.5,117.2,65.9,"+.046","-2.36","109.3","111.6","+3.48","306",100.2,112.6,63.1,"-.019","+1.83","111.1","109.3","+4.48",133.5,-2.5,"2026-01-17","Loss"
"a8e0fb85907a13e294fa4997dad1a88e","Stonehill","Mercyhurst",57,62,99.4,112.2,64,"-.032","-3.65","107.9","111.6","+0.27","350",95.6,114,66.7,"-.010","-5.34","105.5","110.9","-1.25",128.5,-4.5,"2026-01-17","Loss"
"854f821d307e3e594121bef404417257","Florida A&M","Arkansas Pine Bluff",67,71,103.7,117.4,71.4,"+.068","+6.73","113.0","106.2","+13.44","322",100.7,115.3,69.6,"+.055","+2.42","110.0","107.5","+7.61",147.5,-2.5,"2026-01-17","Loss"
"df19e8d1c536b826da0654ec102c04e9","South Dakota","North Dakota",96,80,103.9,117.6,68.2,"+.079","-3.34","107.9","111.2","-0.55","271",108.6,117.7,71.2,"+.051","-3.58","108.0","111.6","-3.18",160.5,-2.5,"2026-01-17","Hit"
"2b582f424d691cd6759f9bb36467dbef","Abilene Christian","Southern Utah",74,52,100.8,114.5,70.6,"-.038","+2.80","110.8","108.0","+3.14","231",105.1,110.8,66,"+.116","+0.55","108.2","107.6","+0.57",149.5,3.5,"2026-01-17","Hit"
"6c55a9a59da552cb142e5f8b1e442bd7","Coppin St.","Maryland Eastern Shore",70,67,98,112.3,63.8,"+.008","+1.05","109.3","108.3","+5.24","364",93.1,124.1,69.1,"+.035","-2.45","107.8","110.3","+1.29",134.5,-10.5,"2026-01-17","Hit"
"53674edbcff3257414f11f08b745a5a0","Massachusetts","Northern Illinois",70,68,100.5,115.3,68.1,"-.021","+0.20","109.7","109.5","+3.06","177",107.2,108.6,72.3,"-.072","-5.63","106.9","112.6","-6.98",156.5,8.5,"2026-01-17","Hit"
"65a1ccddf8225df37d186027a48333ed","Morehead St.","Tennessee Tech",70,76,99.7,114.8,68.3,"-.039","-4.62","106.2","110.8","+3.43","302",104.8,116.9,65.9,"+.081","-0.87","108.5","109.4","+7.73",141.5,-1.5,"2026-01-17","Loss"
"0c672bc341ccd57583a70e7f9677f49b","Siena","Manhattan",59,74,105.3,120.8,69.5,"+.100","-6.24","104.8","111.0","-2.95","192",106.2,108.9,65.2,"-.027","-8.77","103.9","112.7","-5.43",143.5,7.5,"2026-01-17","Hit"
"a32f93ede7140341204f0d0396e6769e","Queens","Stetson",81,87,102.8,118.7,68.1,"+.067","-1.28","108.3","109.6","+2.52","167",116.5,117,69.5,"+.054","+0.03","111.9","111.9","+6.68",163.5,10.5,"2026-01-17","Loss"
"b0f21e751b291f814b8d3369ba95f7de","Holy Cross","Lafayette",74,55,101.2,117.2,67.9,"-.080","-4.69","107.5","112.2","-2.83","312",102.4,115.4,64.9,"+.063","-2.70","107.7","110.4","+1.44",137.5,-1.5,"2026-01-17","Hit"
"e94e9848a7221436e0c48fdccdec8419","Prairie View A&M","Jackson St.",82,78,99.7,116,71.4,"+.044","+7.06","113.1","106.0","+12.61","291",102,113.4,72.6,"+.042","+1.71","110.7","108.9","+8.96",162.5,-1.5,"2026-01-17","Hit"
"f86a4e1db2c06294dccffc5656343695","Detroit Mercy","IU Indy",77,80,104.9,121.6,75.4,"+.044","-2.87","108.6","111.5","-0.06","283",105.8,116.2,70.1,"+.018","-1.70","109.0","110.7","+6.45",169.5,-1.5,"2026-01-17","Loss"
"c5a35142445feca3d29aaf1844501e1d","Youngstown St.","Cleveland St.",80,78,106.4,123.1,69.2,"-.034","-1.34","111.0","112.3","+4.07","205",106.8,110.4,67.2,"-.111","-2.83","109.5","112.4","-1.80",156.5,7.5,"2026-01-17","Hit"
"2e6caf65748fcf51475a284b0b659fc9","Boston University","Loyola MD",74,57,103.8,120.8,68.3,"-.073","-7.65","104.6","112.2","-6.26","276",112.8,122.1,63.7,"-.044","-5.61","105.7","111.3","-2.79",150.5,1.5,"2026-01-17","Hit"
"381198bc6467fb79fe0e351568560f3f","The Citadel","VMI",68,82,101.5,118.5,67.1,"+.003","-1.82","109.5","111.3","-1.23","359",100.1,123,64.5,"-.031","-3.24","108.4","111.6","-2.03",141.5,-5.5,"2026-01-17","Loss"
"547a12cc70e3d82341f01ebd593f4977","Nevada","Air Force",66,81,96,113.4,64.5,"+.002","-0.19","109.5","109.7","-5.95","73",117.5,106.2,65.5,"+.053","+5.14","112.4","107.2","+1.79",133.5,16.5,"2026-01-17","Loss"
"647b70d1574ddd06573122e23ed732c8","Texas Southern","Alcorn St.",71,72,99.7,117.1,69.8,"+.011","+7.20","112.7","105.5","+11.55","338",98.6,115.5,70.1,"-.140","+2.53","110.5","107.9","+12.11",145.5,1.5,"2026-01-17","Loss"
"fc3352400ec94319e5adbe7e2c566f0a","Howard","North Carolina Central",69,83,100.5,118.2,67,"+.025","+2.07","110.4","108.4","+9.55","270",99.5,108.6,68.6,"+.033","-6.57","104.9","111.4","-3.04",140.5,4.5,"2026-01-17","Hit"
"72a358a9e4c1f61016f36ad62d2ac700","Wagner","New Haven",80,74,95,112.8,63.5,"+.030","-1.25","106.9","108.1","+3.94","319",103.4,117.5,66.6,"-.075","-5.22","105.5","110.7","+4.16",129.5,-1.5,"2026-01-17","Hit"
"598cb49ffa8359fc59b0f3f52d5d8945","Mount St. Mary's","Canisius",68,78,96.4,114.4,64.1,"+.124","-5.34","106.4","111.7","-2.45","304",99.2,111.4,69.1,"+.029","-2.37","106.1","108.5","-0.26",132.5,3.5,"2026-01-17","Hit"
"47946946937ca746a7d7625d669ead6d","LIU","Fairleigh Dickinson",59,66,100.3,119.8,67.2,"-.023","-2.65","106.5","109.1","+4.44","208",107.8,111.4,68.8,"+.125","-3.13","107.9","111.0","+2.14",144.5,6.5,"2026-01-17","Hit"
"c228691fcf0c09037e2701a9901c58ae","Georgia St.","Louisiana Monroe",57,77,100.8,121,71.6,"-.096","-3.93","105.9","109.8","+1.26","290",99.6,110.9,69,"-.028","-0.08","109.0","109.1","+1.73",154.5,6.5,"2026-01-17","Hit"
"f18599ca7e17607f9eb94792e3469336","Le Moyne","Chicago St.",57,72,99.4,119.7,67.4,"-.039","+4.69","111.3","106.7","+11.04","286",105.8,116.3,68.9,"-.053","-5.88","105.4","111.3","-2.08",147.5,5.5,"2026-01-17","Hit"
"f8e4cffd9cf94a9913be05ba86c5f96b","Morgan St.","Delaware St.",79,80,90,112.5,67.4,"-.029","-4.39","105.7","110.1","-0.77","363",97.8,122.9,69.2,"-.035","-6.67","104.8","111.5","-2.92",136.5,-3.5,"2026-01-17","Loss"
"bb95360d4b829703d9064e10b6e43db6","Central Connecticut","Saint Francis",90,98,95.2,117.9,69.5,"+.043","+1.13","110.6","109.5","+6.37","253",105.8,113.3,65.7,"+.082","-4.29","105.8","110.1","-0.65",144.5,6.5,"2026-01-17","Hit"
"f2d811439fee873ec10fadad57edc6d0","Presbyterian","Gardner Webb",55,92,99.1,122.4,70.8,"-.040","+4.36","112.4","108.0","+5.95","298",102.3,114.1,63,"+.017","-4.28","107.1","111.4","-2.57",145.5,7.5,"2026-01-17","Hit"
"fed382677fd096903711bee097fea157","Norfolk St.","South Carolina St.",82,89,95.7,119.6,68.5,"+.005","-0.67","109.8","110.5","+3.64","294",100.1,111.8,67.2,"-.002","-2.98","106.2","109.2","+0.52",139.5,5.5,"2026-01-17","Hit"
"ad9bc13ff19bc8be285dda5e821d3a02","Bethune Cookman","Mississippi Valley St.",63,79,88.8,122.1,67.3,"-.041","+1.15","110.2","109.1","+6.25","263",104.5,113.3,68.7,"+.009","+7.27","113.0","105.8","+14.20",144.5,16.5,"2026-01-17","Loss"
"f081eb195e5d74b5dc6b6a9ab272bb97","Arizona St.","Houston",103,73,122.6,92.3,63.3,"+.062","+5.26","112.6","107.4","+0.59","81",118.3,107.6,69.9,"+.043","+8.61","114.4","105.8","+5.04",144.5,-17.5,"2026-01-18","Hit"
"5b825dd0114bf4ebb3f4fa2b9e83d0d8","Wichita St.","South Florida",85,86,116.2,105,72.6,"-.050","+3.80","112.9","109.1","+4.18","105",113.9,107.4,65.5,"-.140","-0.81","109.3","110.1","-2.60",156.5,-9.5,"2026-01-18","Loss"
"ee275c7a55e2dc4daea207922b9d7a81","UTSA","Memphis",95,69,108.4,99.3,69.3,"-.016","+7.46","114.3","106.8","+9.91","343",97.8,115.7,68.9,"+.022","+0.35","110.7","110.4","+1.09",146.5,-20.5,"2026-01-18","Hit"
"daa9851d70e98a27ebd2f5ac99142ab6","Washington St.","San Francisco",85,80,112.8,106.2,65.4,"-.045","+1.05","109.5","108.4","+0.90","148",111.5,109.9,67.2,"-.034","+5.16","112.0","106.8","+4.02",144.5,-5.5,"2026-01-18","Hit"
"7359569769599c0afa7c3b162108f3aa","Tulsa","UAB",77,99,113.1,107,69.5,"-.013","-1.64","108.9","110.5","-4.56","78",120.6,109.8,68.3,"+.041","-1.28","109.0","110.3","-2.48",157.5,-1.5,"2026-01-18","Loss"
"eae0b0c57be13d223e51ac3f8e4867fd","Penn St.","Maryland",96,73,109.4,105.7,67.7,"+.016","+9.28","115.0","105.7","-0.55","107",115.5,109.3,67.2,"-.008","+3.30","112.6","109.3","-7.99",147.5,-2.5,"2026-01-18","Hit"
"9df73ca077ce3435926dbbd0c5c65de6","Florida Atlantic","Temple",73,79,113.8,111.9,65.6,"+.013","-3.83","105.8","109.6","-3.41","93",115,106.3,70.2,"-.032","+2.86","111.1","108.2","+3.93",152.5,3.5,"2026-01-18","Hit"
"95993fd246611e40ddaac95a35c494d1","North Texas","Tulane",63,71,109.6,111.5,65.8,"+.185","-4.12","107.0","111.1","-4.57","141",103.5,101.1,64.5,"+.034","+1.31","110.8","109.5","-2.63",135.5,-1.5,"2026-01-18","Loss"
"a2b6dcbf85d81c8408798a2cb726ac69","Oakland","Green Bay",63,88,111.5,116.2,62.9,"+.110","-0.81","111.2","112.0","+6.12","124",117.7,113.7,71.7,"+.058","+5.93","112.7","106.8","+16.83",155.5,2.5,"2026-01-18","Hit"
"d3c8ada848128f6bfa7ae88693e4abae","Milwaukee","Purdue Fort Wayne",100,82,106.8,113.2,67.9,"+.163","+0.85","111.6","110.7","+8.49","238",107.6,113.9,67.5,"+.016","-0.18","112.0","112.2","+6.35",149.5,-4.5,"2026-01-18","Hit"
"dca80ee03939f90554f6499935023a1d","Charlotte","East Carolina",70,73,100.3,109.6,69.4,"-.039","-0.40","110.2","110.6","-2.43","181",112.5,114.3,63.5,"-.037","-1.67","109.2","110.9","-1.49",141.5,1.5,"2026-01-18","Hit"
"0a0db006e9b9f3cb0d8ab69a34e0c180","American","Army",67,78,103.4,119.9,66.8,"+.037","-6.01","107.6","113.7","-3.68","227",106.2,111.4,67.9,"+.056","-3.68","107.8","111.5","+0.42",145.5,6.5,"2026-01-18","Hit"
"f097c7b72c48f43230742bd85edf8443","Saint Joseph's","VCU",79,72,121,104.4,69.7,"-.102","+2.77","111.8","109.0","-1.73","183",105.7,107.6,67.6,"+.105","-1.45","108.8","110.2","-5.07",153.5,-14.5,"2026-01-19","Hit"
"d8f20d9f36ce1127ec6aa3ace90e40b5","George Washington","George Mason",69,64,117.2,106,64.9,"+.045","-4.78","108.5","113.3","-7.44","70",121.7,110.1,70.2,"-.105","-2.03","108.8","110.8","-2.67",153.5,-2.5,"2026-01-19","Hit"
"3002f46b2cb0e15c0c321c6421bf996c","Columbia","Yale",91,74,121.7,111.7,66.1,"+.096","-0.51","110.7","111.2","+0.53","164",110.2,110.5,67.8,"+.076","-5.42","108.5","113.9","-6.43",153.5,-8.5,"2026-01-19","Hit"
"15f37236bfde376f60d823aeb3d1187a","Providence","Marquette",105,104,111.1,106.9,69.8,"-.116","+8.42","114.0","105.6","+1.53","64",121.9,109.4,72.9,"-.107","+8.43","114.0","105.6","-0.06",165.5,-1.5,"2026-01-19","Hit"
"3fbbbd878e1ecf2ed335b50ae41bce4b","Merrimack","Marist",55,68,103.4,100.1,67,"-.056","-7.98","105.3","113.2","-5.98","236",106.1,112,64,"+.165","-2.95","108.8","111.7","+3.18",133.5,-7.5,"2026-01-19","Loss"
"91e82e487d07328da8f982e9259091d0","Penn","Harvard",64,63,110.4,110.8,63.9,"-.044","-3.23","107.8","111.0","-2.61","186",111.1,113.2,69.8,"+.039","-1.63","108.6","110.2","-0.82",148.5,-4.5,"2026-01-19","Hit"
"6843f58e34e783cc84738dfff2e7b199","Drexel","Towson",59,58,105.4,106.2,63.5,"+.034","+1.14","111.6","110.4","+3.42","220",105,109.7,63.6,"-.078","-5.85","105.8","111.6","-8.93",125.5,-5.5,"2026-01-19","Hit"
"b42a8a9b1ae4f6d6f1534950e442900b","Montana St.","Northern Colorado",68,73,112.1,113,68.8,"-.023","-1.28","110.2","111.5","-1.31","157",110.6,110,65.8,"-.076","+0.91","111.9","111.0","+4.62",154.5,-1.5,"2026-01-19","Loss"
"ea5ddfacd0718fed6297fae03312d3f4","McNeese","Texas A&M Corpus Chris",53,69,103.5,104.6,66.6,"-.007","+2.94","111.5","108.5","+17.49","73",118,106.7,66.8,"+.061","-0.27","109.2","109.4","+11.43",140.5,7.5,"2026-01-19","Hit"
"38c87ad81cfe6b1589c917376bb10048","Manhattan","Quinnipiac",98,92,107,108.2,70.3,"+.075","-3.99","107.2","111.2","+1.28","335",105,121.6,69,"+.093","-6.57","105.4","111.9","-3.32",155.5,-12.5,"2026-01-19","Hit"
"0cbe5010b033aa9b5e50a4485854ef84","Fairfield","Siena",85,77,106.7,108.8,64.8,"-.024","-8.93","104.9","113.8","-5.46","265",109.3,117.7,67.5,"+.031","-9.56","103.6","113.2","-7.72",142.5,-6.5,"2026-01-19","Hit"
"5c1fa336f0869cf9294422c38f86d7c3","East Texas A&M","Incarnate Word",58,80,108,111.1,66.7,"-.020","+0.53","110.8","110.3","+6.72","314",98.8,112.3,69.9,"+.065","+0.78","109.5","108.7","+5.75",143.5,-7.5,"2026-01-19","Loss"
"447b30c4c8cbf7b7927d3b3574e78248","Southeastern Louisiana","UT Rio Grande Valley",68,65,106.7,109.9,67.2,"-.096","+0.60","109.6","109.0","+7.13","269",100.7,110,66,"-.010","+0.08","109.2","109.1","+5.77",135.5,-5.5,"2026-01-19","Hit"
"e92de282f684788a18628030ef38df38","Stephen F. Austin","Nicholls",62,79,109.7,114.1,68.9,"+.042","+2.41","111.1","108.7","+11.10","103",110.9,104.1,65.7,"-.052","-4.76","106.4","111.2","-4.44",143.5,2.5,"2026-01-19","Hit"
"5362f0008f4a9160309957df99bd5d5b","Princeton","Dartmouth",71,69,107.8,112.8,70.4,"-.018","-2.39","109.6","112.0","-3.01","231",104.7,110.2,65.2,"-.062","-0.51","110.9","111.4","-0.82",145.5,-1.5,"2026-01-19","Hit"
"2cd161c8e89b38caf014bc5273fac05f","Northeastern","Monmouth",81,68,104.4,109.5,66,"-.029","-2.64","107.7","110.3","-3.42","222",110,114.8,69.8,"-.038","-0.19","111.0","111.2","+0.65",145.5,-3.5,"2026-01-19","Hit"
"069cd3c805913fa66b0296db6d4e3d5f","Lamar","New Orleans",89,76,112.7,118.1,69,"+.009","+4.12","110.5","106.4","+15.58","205",104.6,108.2,65.2,"+.014","-3.02","107.9","110.9","+0.08",145.5,-1.5,"2026-01-19","Hit"
"fbd9c56a2ffedbe9271ebd122e45bf39","Iona","Saint Peter's",77,63,103.4,110,66,"+.098","-6.98","105.0","112.0","-0.73","215",106,110.3,70.9,"+.106","-6.23","106.2","112.4","-3.43",142.5,-3.5,"2026-01-19","Hit"
"a1453a2202cc2417112de2a7d54de62b","Cornell","Brown",67,89,100.9,107.8,66.3,"-.072","-5.30","107.4","112.7","-7.27","211",117.5,121.4,73.7,"-.059","+0.10","110.7","110.6","+0.28",163.5,1.5,"2026-01-19","Hit"
"bd27730c1646e35ef03a845084cb1f48","North Carolina A&T","Hampton",82,61,104.1,111.3,65.5,"-.028","-4.11","106.3","110.4","-5.93","301",104,116,69.6,"-.046","-6.12","107.3","113.4","-9.20",142.5,-5.5,"2026-01-19","Hit"
"5e5edf6c9d79842a66625cac7d3353e0","LIU","Le Moyne",83,77,105.6,115.3,68.7,"-.039","-6.63","106.0","112.7","-2.01","209",107.8,111.7,68.3,"+.135","-4.08","107.9","112.0","+2.08",147.5,-1.5,"2026-01-19","Hit"
"1afc9e0be7ed895ef9266236e7963a2d","Alabama A&M","Alabama St.",69,73,105.3,117.1,69,"-.037","+1.30","109.2","107.9","+8.41","304",102.5,114.6,65.8,"+.038","-7.18","105.6","112.8","-0.87",146.5,-1.5,"2026-01-19","Loss"
"3ad36de1ef4548ecd44cc3035379c4dc","Northwestern St.","Houston Christian",82,80,105.4,117.2,64.6,"-.016","-1.54","109.0","110.5","-1.14","282",107,117.1,66,"+.017","+1.92","109.6","107.7","+8.14",139.5,-2.5,"2026-01-19","Hit"
"e61e6676a8d4f645237498cdf6d02296","Vermont","Albany",75,68,105.2,117.2,66,"-.095","+0.36","110.4","110.0","+4.37","208",111.5,115.4,64.8,"+.030","-4.57","106.8","111.4","-1.29",142.5,5.5,"2026-01-19","Hit"
"c92c615ea55e13666c3723a034fd4ff5","Loyola MD","Lehigh",88,81,102,114.5,67.6,"+.011","-4.78","106.9","111.7","-1.04","328",103.6,119,68.5,"-.076","-8.15","105.6","113.7","-6.21",148.5,-5.5,"2026-01-19","Hit"
"7093f2c1984204c5a61aeffae033bac9","Montana","Northern Arizona",72,98,103.1,116.1,64.9,"-.012","-0.57","109.7","110.3","-0.16","181",108.8,110.6,70.2,"+.026","+1.44","111.8","110.4","+4.48",145.5,5.5,"2026-01-19","Hit"
"3e1d7723d6dff98d29cab6b70f1df534","Central Connecticut","Mercyhurst",79,61,98.7,112.3,63.7,"-.050","-5.13","107.4","112.6","+0.17","255",108.4,115.8,65.5,"+.096","-5.44","105.8","111.3","-0.88",133.5,-1.5,"2026-01-19","Hit"
"1922813959241dda884c174cded6554e","Bethune Cookman","Arkansas Pine Bluff",82,87,103.8,117.9,70.6,"+.045","+5.23","112.9","107.6","+13.56","267",105.5,114,68.4,"+.019","+4.84","112.1","107.3","+14.01",153.5,2.5,"2026-01-19","Hit"
"44506e2acc6ec456e1205cd853544591","Texas Southern","Jackson St.",94,89,100.6,116.5,71,"+.071","+5.39","112.7","107.3","+12.79","337",100,116.8,69.4,"-.088","+0.82","109.9","109.1","+12.05",154.5,-2.5,"2026-01-19","Hit"
"eed213f67426472381327838dc4bfe02","Bryant","NJIT",79,55,96.9,114.7,68.4,"+.117","-4.43","107.0","111.4","+0.24","334",98.2,114.6,64.7,"+.037","-0.51","107.9","108.4","+4.17",133.5,-1.5,"2026-01-19","Hit"
"25280b070722e48065107601acb438a8","Prairie View A&M","Alcorn St.",76,75,100.4,118.2,69.1,"-.013","+5.78","112.6","106.8","+11.80","299",102.7,114.6,72.4,"+.019","+0.30","110.3","110.0","+9.02",152.5,2.5,"2026-01-19","Hit"
"d7bb666073d3fe30d05e97c55e5f27fa","New Hampshire","Maine",48,65,93.4,111.4,64.8,"-.052","-3.42","108.0","111.4","-1.65","332",98.4,114.4,67.4,"-.045","+2.11","111.5","109.4","+6.60",130.5,-2.5,"2026-01-19","Loss"
"7986c04aac5c24e02361448e6527e5bd","Sacred Heart","Rider",85,105,96.2,115.5,64.9,"-.065","+0.25","109.5","109.2","+10.04","284",108.2,118.4,67.8,"-.077","-3.86","107.3","111.1","-0.52",141.5,3.5,"2026-01-19","Hit"
"6c293e21c17a9455b12ff1b2d2ffa9b6","Wagner","Fairleigh Dickinson",68,61,99.9,119.5,66.7,"-.032","-3.41","107.0","110.4","+4.30","323",105.3,120.2,66.3,"-.084","-6.14","105.3","111.4","+4.13",141.5,-1.5,"2026-01-19","Hit"
"812e97f2b7fa0eaed8d00e5b8719f6d8","Mount St. Mary's","Niagara",58,68,99.7,120.3,62,"+.006","-6.45","106.2","112.7","-5.52","292",100.5,111.7,69,"+.040","-2.75","106.8","109.5","+0.46",133.5,3.5,"2026-01-19","Hit"
"2f212ef398fc3058c7cb5ff5fd6d116b","New Haven","Chicago St.",56,62,98.4,119.5,67.3,"-.038","+3.65","111.6","108.0","+11.47","340",97.2,114.7,63.1,"+.056","-2.94","107.0","109.9","+3.35",129.5,-1.5,"2026-01-19","Loss"
"139888b1d4f5530a5e4dfe590b430e33","Stonehill","Saint Francis",63,61,97.9,120.6,69.4,"+.030","+0.24","110.9","110.6","+6.59","341",95.4,112.9,66.4,"+.015","-5.61","106.1","111.7","-1.28",141.5,1.5,"2026-01-19","Hit"
"a61d5c9b8c432e2c06ec4378a5001d20","UMBC","Binghamton",60,78,96.7,121.1,66.2,"-.068","-8.75","105.4","114.1","-7.69","286",106.4,116.9,66.2,"+.038","-10.44","104.0","114.5","-7.23",141.5,5.5,"2026-01-19","Hit"
"3d2f46470c9b3054a960b0e8f0228982","Florida A&M","Mississippi Valley St.",48,62,89.4,123.1,67.2,"-.041","-0.18","110.2","110.3","+5.88","312",101.7,115.2,68.7,"+.086","+1.88","110.2","108.4","+8.34",139.5,12.5,"2026-01-19","Hit"
"931ce383b5d47f710c8318d7c719d8a5","Indiana","Michigan",86,72,127,91,73.5,"+.022","+11.23","116.6","105.4","+11.45","37",121.5,103.1,67.7,"-.047","+4.14","112.1","108.0","-4.65",163.5,-15.5,"2026-01-20","Hit"
"600dda484d982a99a2c3af1f90b16271","UCF","Iowa St.",87,57,125,95,68.2,"+.033","+5.29","112.3","107.0","-2.15","43",121.5,104.1,69.3,"+.057","+5.71","113.4","107.7","-0.45",156.5,-12.5,"2026-01-20","Hit"
"def368278f967609b9132cae9a33592c","LSU","Florida",79,61,125.6,96.1,70.4,"-.090","+12.33","117.9","105.6","+6.97","44",122.1,104.7,67.6,"-.036","+1.78","111.3","109.6","-4.36",158.5,-15.5,"2026-01-20","Hit"
"ac9f374f226b3c283a8065232923b2bb","Rutgers","Iowa",68,62,123,97.7,63.9,"-.070","+4.71","112.3","107.6","-7.12","153",110.3,109.5,65.7,"+.085","+5.13","112.3","107.2","-7.06",138.5,-19.5,"2026-01-20","Hit"
"f2eecc8c9d97f488e109228c5a6a3bc0","Seton Hall","St. John's",65,60,123.1,98.7,70.9,"-.064","+9.28","115.8","106.5","+7.09","50",111.4,95.8,66.3,"-.008","+4.01","113.0","109.0","-4.25",143.5,-10.5,"2026-01-20","Hit"
"86ac734c32a2cb5c8215455f3746dcc7","Vanderbilt","Arkansas",93,68,125.7,103.7,72.3,"-.002","+9.63","115.7","106.1","+3.82","12",127.1,98.9,71.2,"+.032","+7.96","115.1","107.1","+1.72",173.5,-1.5,"2026-01-20","Hit"
"756646b154e96c5d493b74f74633150a","N.C. State","Clemson",76,80,118.6,97,65.1,"+.047","+6.25","113.5","107.3","+1.89","30",121.9,101.6,69.4,"-.085","+5.82","113.4","107.6","+4.27",141.5,-3.5,"2026-01-20","Loss"
"65401af78785ada946e8236838a4cebd","UNLV","Utah St.",76,86,123.6,102.1,68.6,"+.049","+2.83","111.8","109.0","+1.98","136",112.1,109.1,70.9,"-.013","+1.31","110.6","109.3","+0.92",156.5,-17.5,"2026-01-20","Loss"
"97a298bacab6eed4a73f07f71cebfe84","Florida St.","Miami FL",63,65,120.6,100.8,69.6,"+.018","-0.64","110.1","110.7","-7.12","112",115.3,110,72.8,"-.125","+6.05","112.5","106.4","-2.10",165.5,-12.5,"2026-01-20","Loss"
"3fc48aa959fc6ea9113eefa71b6a6174","Minnesota","Ohio St.",82,74,123.4,104.1,67.5,"-.051","+5.73","113.8","108.1","-4.11","84",114.3,104.1,63.6,"-.047","+4.08","113.6","109.6","-9.63",144.5,-7.5,"2026-01-20","Hit"
"7afc76f206120a848a7ba4d98d64ca96","Texas Tech","Baylor",73,92,123.9,106.3,68.2,"-.021","+8.64","113.6","104.9","-0.21","21",124.5,100.7,67.8,"+.053","+10.46","117.3","106.9","+8.01",155.5,1.5,"2026-01-20","Hit"
"8e212addf2c897f4b5b3ff83094c7643","Purdue","UCLA",69,67,120.5,102.9,65.4,"-.035","+4.83","113.3","108.5","-4.39","4",129.5,98.2,65.9,"+.087","+9.41","116.1","106.7","+7.23",149.5,5.5,"2026-01-20","Hit"
"a1a90c40bd010160f1d5190f06a62e16","Oklahoma St.","TCU",68,65,114.9,99.6,67.6,"-.114","+3.40","111.8","108.4","-6.05","67",119,107,73.5,"+.095","+3.49","112.4","108.9","-2.50",161.5,-8.5,"2026-01-20","Hit"
"372ed690d06f7af3c39d42964167147a","Georgia","Missouri",72,74,120.6,106.2,66.8,"+.069","+1.29","111.6","110.3","-8.51","28",122.8,101.8,75,"+.007","+0.47","110.6","110.1","-7.18",164.5,1.5,"2026-01-20","Hit"
"fb44badfb5c9fab521e0a9a6c5d34df8","DePaul","Butler",87,80,118.5,104.5,70.3,"-.032","+7.84","114.2","106.4","-2.32","106",109.1,102.9,67.3,"+.027","+0.63","110.8","110.2","-10.92",150.5,-6.5,"2026-01-20","Hit"
"a6e6ddc5d50bf3f3c9183cc4ec5c5a21","Auburn","Mississippi",66,78,116.9,103.7,65.4,"-.030","+5.47","113.0","107.5","-1.20","33",124.8,105.4,68.1,"-.009","+12.02","117.6","105.6","+8.73",149.5,2.5,"2026-01-20","Hit"
"83f55af6575828d6084ca2f6f3dab66d","SMU","Wake Forest",79,91,115.2,102.4,69.5,"-.010","+6.84","115.0","108.1","+1.50","35",124.2,105,68.8,"+.012","+7.68","114.6","106.9","+1.86",159.5,1.5,"2026-01-20","Hit"
"cc4c30b9552640ae4bddefd41b8a2bca","San Jose St.","Nevada",87,54,118.5,107,65.8,"+.051","+4.44","112.6","108.2","+2.15","237",110,115.9,64.1,"-.001","+3.98","111.5","107.5","+1.40",142.5,-18.5,"2026-01-20","Hit"
"c0602d78e0c5b6ee39e515119da29b52","Oklahoma","South Carolina",85,76,115.7,104.7,65.8,"-.099","+1.10","112.0","110.9","-8.92","58",121.1,107.6,67,"-.065","+4.15","112.6","108.4","-6.02",149.5,-1.5,"2026-01-20","Hit"
"5448081f99ebd5dee2bdf1805f0fe725","Kansas","Colorado",69,75,118.9,108.3,69.4,"-.028","+3.35","112.7","109.4","-1.21","19",122,96.8,67.8,"-.016","+12.99","116.4","103.4","+10.51",157.5,4.5,"2026-01-20","Hit"
"fca7da029f6529fa9f3714e7de991dc6","Utah","Kansas St.",81,78,117,106.6,72.8,"-.097","+7.60","115.3","107.7","+0.69","116",116.8,112,69.1,"+.022","+5.81","113.3","107.5","-0.51",168.5,-8.5,"2026-01-20","Hit"
"a8614a9b3ecdf7acd745ed487f360ec9","Michigan St.","Oregon",52,68,116.1,106.3,66.6,"-.058","+8.83","115.0","106.2","+1.92","10",120,90.7,66.3,"-.032","+8.60","116.7","108.1","+2.69",138.5,10.5,"2026-01-20","Hit"
"ab5f2a8929e72d7b59245e3148d063fb","Air Force","Colorado St.",81,52,122,113.3,62.1,"+.007","+3.04","112.5","109.4","-3.20","340",96.8,114.3,64.9,"+.000","+0.18","110.7","110.5","-6.07",132.5,-20.5,"2026-01-20","Hit"
"64ea65c5502e72e58bf6c86ae363875b","Boise St.","Wyoming",65,81,115.7,107.8,67.2,"-.064","-0.03","109.9","109.9","-5.20","78",113.5,102.8,66.8,"+.035","+9.40","115.3","105.9","+7.20",146.5,1.5,"2026-01-20","Hit"
"a02ce7fa5cf82ec800ea65c1c662b7ea","Saint Louis","Duquesne",77,81,112.7,109.9,71.1,"-.076","-1.13","109.9","111.0","-5.94","29",121.6,100.7,71.4,"+.014","-4.03","107.0","111.0","-6.21",166.5,9.5,"2026-01-20","Loss"
"1f06768b3ac4be7373e4fafc5c406838","Loyola Chicago","St. Bonaventure",84,70,114.2,112.5,66.8,"-.031","-1.92","109.3","111.2","-4.00","306",106.7,118.8,66.2,"+.057","-0.21","109.4","109.6","-5.74",147.5,-10.5,"2026-01-20","Hit"
"fba33db9d46e5f8a7795a605a84f7125","Miami OH","Kent St.",101,107,115,113.2,72.2,"+.170","-3.95","110.2","114.2","-3.75","94",117,108.3,71.2,"+.104","-7.19","107.3","114.5","-10.36",168.5,1.5,"2026-01-20","Hit"
"7db658ee64ca2cae0fdb236d7469460c","Evansville","Illinois Chicago",76,49,108.5,108.1,66.7,"-.065","+0.74","110.6","109.8","-4.33","273",100.9,110.3,68.5,"-.048","+3.71","112.1","108.4","+3.59",137.5,-8.5,"2026-01-20","Hit"
"926a7143c3c86ef5d371e360322cd85d","Akron","Buffalo",63,82,115.4,116.6,66.8,"-.020","-6.22","107.2","113.4","-8.20","63",124.6,112,71.4,"-.042","-3.82","109.0","112.8","-2.62",168.5,8.5,"2026-01-20","Hit"
"c7c7a4e3300099ab799f0698f18dd9f4","Toledo","Massachusetts",84,82,106.8,108.9,72.2,"-.094","-5.89","107.8","113.7","-7.17","159",115,114.5,69,"-.008","-0.52","111.0","111.6","+2.50",164.5,-1.5,"2026-01-20","Hit"
"77273457f930b32bbb6299ae32b1d4c0","Northern Illinois","Ohio",80,77,108.8,113,69.5,"+.067","-0.51","110.0","110.6","+2.10","315",100.9,115,68,"+.016","-0.28","110.3","110.5","+3.01",153.5,-12.5,"2026-01-20","Hit"
"29ab3d4d4f14a573ef08c1438b55a111","Bowling Green","Western Michigan",54,72,110.9,117.2,68.2,"-.009","-0.18","110.5","110.7","-2.11","122",112.3,108,68.2,"-.081","-2.67","109.0","111.7","-7.17",154.5,6.5,"2026-01-20","Hit"
"8b47588b491b8e1b74420aa2cc89d32e","Tennessee Martin","Southeast Missouri",66,50,104.8,113.1,70.3,"-.032","-4.73","106.8","111.6","+4.74","192",105.9,108.4,65.1,"+.128","-6.85","105.0","111.9","-1.11",141.5,-2.5,"2026-01-20","Hit"
"4ed4cf071cfe7da2c15ecc7e1d617c9a","Ball St.","Central Michigan",67,68,102.9,117.5,66.6,"-.055","+0.67","111.8","111.1","+0.78","313",102.1,115.5,64.4,"-.037","-2.14","109.5","111.7","-4.70",142.5,-1.5,"2026-01-20","Loss"
"3de12b403ea816dbea5f7801fa4fb7fe","Cincinnati","Arizona",77,51,127,93,71.7,"+.033","+6.58","114.7","108.1","+2.81","53",109.7,94.4,69.2,"-.130","+5.30","112.2","106.9","-1.69",153.5,-13.5,"2026-01-21","Hit"
"095e3f7129a7d720e68517e033a74e4a","Pepperdine","Gonzaga",84,60,126.2,95.2,70.2,"+.096","+5.40","113.1","107.7","+7.52","271",101.3,110.5,66.6,"-.043","+1.52","111.2","109.7","-3.08",146.5,-29.5,"2026-01-21","Hit"
"5d976c719ad570ee6176f321f8269f4c","Maryland","Illinois",89,70,129.4,98.9,66.3,"+.004","+8.74","115.5","106.7","+3.67","114",111.7,106.5,67.7,"+.012","+8.45","115.2","106.7","-0.45",149.5,-18.5,"2026-01-21","Hit"
"038577bb63222c9cd65dcddf622a2995","Washington","Nebraska",76,66,123.5,96.5,67.2,"+.092","+5.84","113.7","107.9","-4.68","51",118.8,103.4,67.7,"-.077","+9.13","115.8","106.7","-1.07",149.5,-11.5,"2026-01-21","Hit"
"4b667625938d642831df16ecdf454cbf","Texas","Kentucky",85,80,122.3,100.6,67.7,"-.030","+8.18","115.1","106.9","+1.16","41",124.5,106.7,67.4,"-.102","+6.00","113.2","107.1","-4.39",154.5,-6.5,"2026-01-21","Hit"
"8393cdad2c34be09daf6ac4aa1f011dd","Georgetown","Villanova",66,51,123.2,102,63.4,"+.023","+8.14","115.4","107.2","+2.94","100",115.6,108.3,66.7,"-.074","+4.84","111.7","106.8","-5.49",144.5,-9.5,"2026-01-21","Hit"
"85499122c4d5eb970875dca9d7a86dce","Oregon St.","Saint Mary's",81,51,120.3,101,65.7,"+.036","+3.24","110.7","107.4","+3.44","213",109.1,113.5,65.3,"+.069","-0.25","108.9","109.1","-2.53",142.5,-18.5,"2026-01-21","Hit"
"1acfefc98501b9a8a7575da786ee56aa","Notre Dame","North Carolina",91,69,122.1,103.2,67.8,"+.028","+4.45","112.3","107.9","-0.09","77",114.7,103.6,65.2,"-.058","+5.92","112.9","107.0","+0.00",147.5,-11.5,"2026-01-21","Hit"
"b86cd63645e36a2ee2b66972d45d3dbf","Mississippi St.","Texas A&M",88,68,120.2,102,71.5,"+.025","+2.01","112.6","110.6","-6.44","83",114.2,104,69,"+.001","+7.03","114.8","107.8","+2.42",159.5,-8.5,"2026-01-21","Hit"
"7e872516222f192dac88ac7851724107","Fresno St.","New Mexico",83,74,116.2,99.4,69.7,"-.019","+3.44","111.7","108.3","+1.94","139",106.9,104.3,67.8,"-.048","+1.66","112.0","110.3","-3.23",146.5,-13.5,"2026-01-21","Hit"
"83a8d394b035eb6a513333ef326143f9","Northwestern","USC",68,74,118.4,101.9,70.3,"+.132","+7.54","113.7","106.2","-0.61","70",119.5,107.4,65.9,"-.165","+7.23","114.0","106.8","-1.99",152.5,-6.5,"2026-01-21","Loss"
"7e0f142f0763c0346aaa8d4392052c3b","Xavier","Creighton",94,93,120,104.6,66.4,"-.017","+9.20","115.6","106.4","+4.01","94",114.1,105.2,70.2,"+.073","+6.39","112.4","106.0","+1.39",155.5,-6.5,"2026-01-21","Hit"
"5babcfe3465160109750d58d54168291","Memphis","Tulsa",83,66,122.4,109.9,68.4,"+.037","-0.57","109.9","110.5","-2.57","93",109.2,100.3,69.2,"-.029","+5.60","113.5","107.9","+9.36",153.5,-6.5,"2026-01-21","Hit"
"243259792a0da96427561a7c4087c58a","Virginia Tech","Syracuse",74,76,115.4,103.3,68,"-.011","+1.43","108.8","107.4","-3.44","57",117.5,103.5,68.3,"+.017","+4.78","113.6","108.8","-0.16",151.5,-3.5,"2026-01-21","Loss"
"1ee72401c5d98e3a79e5923d4e3a638f","San Diego St.","Grand Canyon",70,69,110.9,100.7,67.9,"-.012","+0.83","111.8","110.9","-5.52","45",116.2,99.5,69,"+.108","+5.51","113.0","107.5","+6.82",143.5,-1.5,"2026-01-21","Hit"
"3497111be2bb99b3b1c1c611dd1882a7","West Virginia","Arizona St.",63,75,118.9,108.9,70.2,"+.061","+10.08","115.6","105.5","+4.95","59",115.8,102.6,62.8,"-.024","+0.34","109.4","109.0","-8.49",147.5,-1.5,"2026-01-21","Loss"
"af0fda14f36b757949e894731c7e7b12","Northern Iowa","Illinois St.",59,54,115,105.5,66.5,"-.052","-1.61","109.3","111.0","-2.08","108",105.7,99.7,62,"-.046","-0.20","109.7","109.9","-0.91",131.5,-6.5,"2026-01-21","Hit"
"4265dbc50af131027ac06e1e37183c77","Tulane","Florida Atlantic",79,74,114.7,105.7,70.8,"-.013","+2.95","111.8","108.8","+3.90","192",109.6,112.2,66,"+.157","-4.11","107.0","111.1","-4.52",156.5,-10.5,"2026-01-21","Hit"
"63944819a3b08c67c16956d25f689e75","Rhode Island","Richmond",68,69,114.1,108.9,68.4,"-.013","-4.05","108.4","112.5","-8.00","116",109.9,104.8,65.6,"-.080","-2.82","109.6","112.4","-4.78",143.5,-2.5,"2026-01-21","Loss"
"9819f449e01903a02dd3206f6dbb0c1d","Radford","Winthrop",76,75,115.3,111,68.5,"-.047","-1.62","110.2","111.8","+2.14","261",109.1,117.3,71.5,"+.003","-9.05","105.8","114.8","-5.79",164.5,-9.5,"2026-01-21","Hit"
"b03f536747dbf2175dd5ce9adc78f412","Loyola Marymount","Seattle",69,59,105,101,68.4,"+.047","+0.12","111.4","111.3","-4.93","153",105.5,104.5,67.7,"-.010","-0.06","111.2","111.3","-5.53",136.5,-3.5,"2026-01-21","Hit"
"c69aaa65f88a8abf6e372bfb17f65fdc","Fordham","Davidson",68,63,111.1,107.7,64.3,"+.086","+0.78","110.7","109.9","-0.04","198",105.9,109.3,63.9,"-.103","-6.69","106.8","113.5","-15.36",131.5,-4.5,"2026-01-21","Hit"
"39920bbcf8c5fa33f6c039402e22a2bf","Cleveland St.","Wright St.",79,85,113.3,110,65.8,"-.035","-1.69","111.6","113.3","+1.26","335",107.5,123.8,69.1,"-.001","-1.88","111.4","113.2","+3.77",159.5,-15.5,"2026-01-21","Loss"
"021099bdaecd82b0f084585955e66470","Indiana St.","Bradley",75,68,111.8,108.8,68.2,"+.046","-1.29","109.0","110.3","-4.53","194",108.3,111.1,68.9,"-.027","-0.26","108.6","108.9","-6.05",153.5,-8.5,"2026-01-21","Hit"
"3ba57e53fb5c03e47c3d24a249d58d90","Utah Tech","Cal Baptist",73,64,109.7,107,65.4,"+.068","-2.64","107.9","110.6","-3.70","216",107,111.4,66.5,"+.043","+1.38","110.1","108.8","+3.35",141.5,-8.5,"2026-01-21","Hit"
"3454c415c8c9a4ebc6ecf451c00880f9","Western Carolina","Mercer",88,76,115,112.6,70,"+.003","+0.86","111.6","110.8","+6.13","279",106.8,116.7,68.7,"+.035","+2.19","111.6","109.4","+10.07",160.5,-9.5,"2026-01-21","Hit"
"424e5ce54851abb80aadb122eebf11ae","Pittsburgh","Boston College",65,62,104.7,103.4,65.7,"-.062","+0.49","110.4","110.0","-6.29","96",116.2,108.2,64.4,"-.087","+5.63","113.1","107.5","+0.81",136.5,2.5,"2026-01-21","Hit"
"6405cce4c5c7c034c8570c00cc5f670c","Southern Illinois","Valparaiso",69,63,106.9,107,65.9,"-.038","+1.01","110.2","109.1","-5.75","134",107.3,104.2,70.1,"-.131","+3.69","112.2","108.5","+1.37",144.5,-1.5,"2026-01-21","Hit"
"72b34731c2603594894c20ad320b11db","Murray St.","Drake",101,90,109.8,110.8,66.2,"-.091","+0.11","109.7","109.6","-4.45","87",119.5,109.6,71.9,"+.065","-2.57","109.3","111.9","-3.08",157.5,4.5,"2026-01-21","Hit"
"380ae0f71fd4ff379297824447e4400e","Washington St.","San Diego",96,92,107.8,111.5,69.8,"-.014","+2.43","111.5","109.1","-2.06","146",113,111.3,67.2,"-.048","+5.59","112.7","107.1","+4.11",154.5,2.5,"2026-01-21","Hit"
"df7424aa6810ca9bd44e01abd1961f01","Samford","Wofford",88,78,110.4,115.8,68.2,"+.127","-4.45","110.6","115.1","-3.09","249",109.6,116.5,66.5,"+.018","-3.00","109.9","112.9","+0.18",156.5,-4.5,"2026-01-21","Hit"
"5ccdd880679c50439c496100c623c148","Dayton","La Salle",67,64,107,112.5,64.7,"-.032","+5.45","113.8","108.3","+3.00","71",112.1,100,67.7,"+.025","-1.54","110.3","111.9","-0.58",136.5,10.5,"2026-01-21","Hit"
"afa39886c35db8eb5ca4a49b4ab31ffc","Troy","Old Dominion",77,83,106.5,112.8,69.4,"-.085","+1.27","111.3","110.0","+7.91","113",115,109.6,66.7,"-.019","-1.14","109.3","110.4","+3.57",152.5,6.5,"2026-01-21","Loss"
"f93b85331f1160b417516f7e0bd5ecb0","East Tennessee St.","Chattanooga",66,67,108.1,116.3,66.4,"+.007","-4.84","109.2","114.0","-3.06","130",112.6,109.3,66.3,"-.042","-7.36","107.0","114.4","-5.25",146.5,5.5,"2026-01-21","Loss"
"5a9b96cce8aaa031129b6439862720e6","Lafayette","Boston University",77,73,111.2,122.2,64,"-.040","-6.04","106.7","112.7","-3.23","316",102.9,117.1,67.6,"-.086","-5.02","107.7","112.7","-1.98",146.5,-5.5,"2026-01-21","Hit"
"a4a2ab3a101ee20952436e9fd0300457","UNC Greensboro","VMI",78,85,101.3,120,67.2,"-.000","-3.12","109.9","113.0","-1.03","297",107.7,119.4,67.5,"+.028","-2.80","110.2","113.0","-0.32",150.5,2.5,"2026-01-21","Hit"
"5f7afb134f840e378e7f5895e5babfeb","East Carolina","Wichita St.",77,60,114.7,107.6,65.3,"-.111","+0.24","110.4","110.1","-2.60","276",100.7,110.4,69.4,"-.056","-1.17","110.4","111.6","-2.54",144.5,-11.5,"2026-01-21","Hit"
"515090724e6b67ea6bba1d4a94c18b2a","IU Indy","Oakland",85,103,118.9,113.1,71.5,"+.047","+5.56","113.4","107.9","+17.07","338",105.1,121.9,74.9,"+.028","-3.65","109.2","112.9","+0.16",177.5,-15.5,"2026-01-21","Loss"
"dc255324813c1beb41440fdeccad3c72","Kennesaw St.","Sam Houston St.",93,87,113.3,107.8,71.2,"-.046","+3.45","113.1","109.7","+5.10","159",110.6,110.1,73.5,"+.029","-2.98","109.0","112.0","-4.75",163.5,-6.5,"2026-01-21","Hit"
"b5438f1337579eecc7dd53101ca99be1","UTSA","North Texas",81,62,103.8,100.8,64.8,"+.049","+1.48","111.7","110.2","-2.69","345",98.6,116.9,68.9,"+.025","+1.29","111.1","109.8","+1.07",138.5,-16.5,"2026-01-21","Hit"
"3e6bda7d8646bc1627b83b5bf21113f4","Tarleton St.","UT Arlington",71,64,105.3,103.6,65.7,"+.091","+0.44","109.4","108.9","+2.27","173",110,111.3,71.3,"-.019","+0.69","108.9","108.2","+3.39",147.5,-3.5,"2026-01-21","Hit"
"09fd623a8d5ee09aa842c56563360e56","Liberty","Western Kentucky",69,76,109.2,109.6,70.3,"+.039","-1.11","109.7","110.9","+0.52","99",119.1,111.2,64,"+.162","-0.68","109.1","109.8","+1.35",148.5,1.5,"2026-01-21","Hit"
"aefe875cd34c568568cfa586b3b39dcb","North Alabama","Queens",87,62,117.5,118.1,69.1,"+.073","-0.78","112.2","112.9","+6.81","325",104.6,119.6,66.2,"+.048","-3.44","109.6","113.0","+3.26",159.5,-10.5,"2026-01-21","Hit"
"7d0db5db2e02ee47149751d077af7e65","Holy Cross","Navy",85,68,104.4,107.5,66.1,"+.047","-10.15","104.6","114.7","-8.77","320",101.6,116.3,64.8,"+.059","-3.30","108.5","111.8","+1.21",131.5,-9.5,"2026-01-21","Hit"
"85dbc0c9b1a912a7f6921b90022cb9df","Colgate","American",70,66,107.3,112,67.6,"+.069","-4.33","108.0","112.3","+0.42","190",111.6,114,66.6,"+.067","-2.84","109.1","111.9","+4.65",149.5,-1.5,"2026-01-21","Hit"
"2307d4c2e5222d2640765417309221ed","Temple","Rice",65,69,108.6,114.7,65.3,"+.014","-0.32","109.6","110.0","-1.68","147",113.1,111.4,66.3,"-.011","-3.16","106.9","110.1","-3.30",143.5,1.5,"2026-01-21","Hit"
"d7dac0d032828f5b33286e0fdabc3d9d","South Dakota","Nebraska Omaha",64,68,108.7,117,66.5,"+.012","-0.68","110.4","111.1","+3.39","290",109.3,120.1,71,"+.043","-4.39","108.5","112.9","-3.73",160.5,-5.5,"2026-01-21","Loss"
"140b50a5f41d3418bc2d3520915119eb","Charleston Southern","Presbyterian",87,83,103.9,113.8,63.1,"-.011","-5.09","107.6","112.7","-2.11","220",106.6,111.5,71.1,"-.068","-5.65","107.5","113.2","-4.98",148.5,2.5,"2026-01-21","Hit"
"1b68c577f37f67974b6259e3fe5aa61b","Purdue Fort Wayne","Detroit Mercy",76,83,106.2,116.2,69.6,"+.048","-2.34","109.8","112.1","+6.80","228",108.5,114,68.3,"+.151","-0.17","111.5","111.7","+8.36",155.5,3.5,"2026-01-21","Hit"
"f2cd5ccfd6488459113f09158e308a10","UNC Asheville","USC Upstate",69,83,102.1,112.3,68.3,"+.036","-2.31","109.1","111.4","-2.92","235",105.7,111.5,66.1,"-.088","-1.26","111.0","112.3","+0.02",139.5,-2.5,"2026-01-21","Loss"
"6b7475ec1961a84f842806f3d7d88179","Gardner Webb","Longwood",91,56,105.8,116.5,68.3,"+.039","-6.96","106.2","113.2","-9.90","363",98.4,124.4,70.9,"-.035","+3.19","112.6","109.4","+5.94",155.5,-15.5,"2026-01-21","Hit"
"36684cefb664327c6fbffc37ce7e1ba7","Utah Valley","Southern Utah",84,70,101.3,113.1,70.5,"-.049","+1.76","111.2","109.5","+3.07","95",114.1,105.4,70.4,"+.061","-0.46","108.9","109.4","+2.52",158.5,12.5,"2026-01-21","Hit"
"17c5286280bb10e0c35b8f172c699890","Army","Bucknell",84,87,99,113.4,67.1,"+.031","-2.50","109.7","112.2","+1.69","337",104,120.8,66.6,"+.030","-5.94","108.1","114.0","-3.16",144.5,-5.5,"2026-01-21","Loss"
"c2169f11e916db395dc9023eac4a8129","Furman","The Citadel",77,75,101.4,122.5,64.5,"-.033","-3.86","109.3","113.2","-1.84","163",108.7,108.8,66.9,"+.069","-2.97","110.7","113.7","+0.72",139.5,9.5,"2026-01-21","Hit"
"eb75ba721a4730e046e1d20f80ed491a","Cal St. Bakersfield","Hawaii",98,71,106.9,99.7,68.8,"-.008","-6.30","106.9","113.2","-12.58","306",102.3,114.5,69.7,"+.062","-0.99","109.0","110.0","-1.23",146.5,-14.5,"2026-01-22","Hit"
"421fd4dab6ee5f3e504b14861ca476b0","Wisconsin","Penn St.",71,98,116.2,111.5,67,"-.011","+3.97","113.2","109.3","-7.85","40",121.7,103.6,70.5,"+.068","+6.55","113.7","107.2","-2.14",160.5,5.5,"2026-01-22","Hit"
"62a148e0cb4eb5e46a16e7a7f03434f1","South Florida","UAB",69,82,113.2,108.6,69.5,"-.006","-0.95","109.8","110.7","-4.46","80",116.4,105.8,72.4,"-.080","+3.61","113.1","109.5","+3.94",167.5,2.5,"2026-01-22","Hit"
"2a067064bf769c99c2a7cfa56e10744f","Missouri St.","New Mexico St.",75,84,113.4,109.3,66.7,"-.113","+0.28","109.7","109.5","-0.00","206",108.1,111.8,64.8,"+.017","-1.65","108.8","110.5","-1.89",142.5,-6.5,"2026-01-22","Loss"
"3f4f591b7fd074725f1ae490352494d6","South Dakota St.","St. Thomas",74,69,113.2,109.9,68.7,"+.053","-3.86","109.5","113.4","-2.22","189",110.4,112.7,67.8,"-.101","-2.44","108.6","111.1","+1.06",155.5,-7.5,"2026-01-22","Hit"
"6b8af941fd345ee3d628af0d5b4dc86f","UNC Wilmington","William & Mary",77,70,109.8,107.7,74.1,"+.037","-1.18","108.8","110.0","+1.68","121",112.5,107.9,64.9,"+.059","-8.31","104.7","113.0","-9.40",157.5,-1.5,"2026-01-22","Hit"
"04bb05626138ecb7f2c999db47b0705b","Idaho St.","Montana St.",74,62,110.5,109.3,65.7,"-.059","+1.15","112.3","111.2","+4.60","203",112.1,115.6,64.3,"-.036","-1.29","109.9","111.2","+2.88",143.5,-6.5,"2026-01-22","Hit"
"b27590eeff494f91ac127a2ce9193ce0","Stetson","Lipscomb",NA,NA,109.7,108.9,70.7,"+.066","-2.23","109.6","111.8","+4.81","331",103.8,119.5,67.7,"+.048","-1.41","109.3","110.7","+2.89",157.5,-14.5,"2026-01-22","FALSE"
"0de00ed079243b8f1f88fb00f24b205c","Towson","Elon",59,72,117.2,116.4,67.7,"+.009","-2.57","109.9","112.4","-1.58","170",104.8,105.8,63.6,"+.060","+0.65","111.2","110.6","+3.66",145.5,-2.5,"2026-01-22","Loss"
"d623e9b9bb22cc846a9fdd99a5a2cc75","Cal Poly","UC Santa Barbara",107,67,115.5,114.9,64.2,"-.010","-3.13","107.6","110.7","-1.61","245",105.9,112.4,74.5,"+.048","+1.86","111.2","109.4","+4.93",159.5,-8.5,"2026-01-22","Hit"
"327ee89ed6ca52ae4ceef0bf85084539","Weber St.","Montana",81,65,111.1,111.3,69.8,"-.003","+0.45","111.5","111.1","+4.38","195",109.4,112.3,69.7,"-.070","-3.66","108.1","111.8","-1.15",157.5,-5.5,"2026-01-22","Hit"
"2036be95985dc201a4bc9145ef7fb740","UC San Diego","UC Davis",74,80,111.3,111.5,68.9,"+.061","-0.52","108.9","109.4","+1.60","104",115.8,109.2,66.9,"-.026","-1.87","108.3","110.2","-0.04",152.5,2.5,"2026-01-22","Hit"
"1ac8cab9fb1160fe9424e8f02d2a0be7","Campbell","Charleston",87,83,110,111.4,67.9,"+.055","-1.31","109.9","111.2","-0.52","182",111.3,113.2,70.3,"+.042","+4.85","113.0","108.2","+7.66",160.5,-3.5,"2026-01-22","Hit"
"b2bf6bed0a03783387f0f36b5edfe8d4","Louisiana Monroe","Marshall",NA,NA,110.6,112.1,69.8,"+.063","-3.37","108.5","111.9","-1.20","356",100.6,122.2,70.9,"-.086","-4.75","105.9","110.7","+1.41",158.5,-17.5,"2026-01-22","FALSE"
"ff755f329de38b57271d500795f826f1","Florida Gulf Coast","Austin Peay",NA,NA,105.5,107.1,69.2,"+.024","-2.78","110.0","112.8","+1.79","197",111.8,115,68.5,"-.094","-2.63","109.8","112.4","+0.76",155.5,-6.5,"2026-01-22","FALSE"
"987444b7f680e6ab3a91092f0729adf2","Marist","Siena",69,50,107.5,109.7,64.7,"-.014","-9.40","104.9","114.3","-5.88","149",102,100.4,67,"-.057","-8.24","105.5","113.8","-6.25",134.5,-1.5,"2026-01-22","Hit"
"1e7b4a2b4f81e811da2f603d767675ba","Sacramento St.","Idaho",86,76,110.1,112.6,66.9,"+.046","-0.65","110.9","111.5","+0.71","281",104.8,114.9,72.4,"+.009","+3.33","112.9","109.5","+7.16",160.5,-9.5,"2026-01-22","Hit"
"135545d586b0b49c3c720f1ea4835661","Milwaukee","Robert Morris",88,76,110.7,114,65.2,"+.070","-3.40","109.4","112.8","-3.30","250",108.4,115.3,67.8,"+.013","-0.00","112.4","112.4","+6.73",149.5,-5.5,"2026-01-22","Hit"
"dcdc946664ee26a328c82b977b7ee084","Long Beach St.","Cal St. Fullerton",71,61,108,111.5,74.5,"-.047","+2.64","112.0","109.4","+5.33","230",108.5,113.8,68.2,"+.022","+0.81","109.8","109.0","+4.29",159.5,-2.5,"2026-01-22","Hit"
"a400934bf61745a2760b38477a31e31a","Green Bay","Youngstown St.",88,81,107.1,111.4,66.9,"-.130","-3.40","110.3","113.7","-2.26","238",111,117,62.7,"+.107","-0.69","112.1","112.8","+5.92",140.5,-7.5,"2026-01-22","Hit"
"e1ca05e55815bb75c8e478ec6f381b29","Louisiana","Appalachian St.",NA,NA,106.5,111.6,62.4,"+.032","-3.91","108.4","112.3","-1.34","322",97.9,112.6,62.6,"-.003","-4.04","107.1","111.2","-0.94",122.5,-9.5,"2026-01-22","FALSE"
"b87334237f05d88813961d4f24b1dd0e","Merrimack","Iona",61,60,105.3,110.8,70.7,"+.091","-6.19","106.2","112.4","-3.69","209",106.6,110.8,63.9,"+.164","-2.32","108.8","111.1","+3.24",140.5,1.5,"2026-01-22","Hit"
"409c6917cadef5aaacf5299221826819","Portland St.","Eastern Washington",61,65,110.5,116.2,68.9,"-.117","+3.99","112.4","108.4","+6.35","158",106.6,106.1,68.8,"+.012","-2.32","109.9","112.3","+1.20",149.5,2.5,"2026-01-22","Hit"
"bba5adaf2325430a8c88b5753fa1d933","Stony Brook","Northeastern",80,95,109.4,115.2,69.9,"-.038","-0.41","110.6","111.0","+0.39","258",105.3,113.1,64.9,"+.095","-3.25","107.3","110.5","-3.94",147.5,-3.5,"2026-01-22","Loss"
"ffb3cbe8973a7faea30e4e4d38508e47","South Alabama","James Madison",83,90,110.4,116.6,65.1,"+.066","-2.11","109.6","111.7","-2.59","207",106.2,110.2,64.5,"+.089","-6.46","106.2","112.7","-5.17",138.5,-4.5,"2026-01-22","Loss"
"331bd5f442d3d242183deadcc4e13df7","Monmouth","Hampton",65,63,104.7,111,65.2,"-.041","-5.13","106.0","111.2","-6.08","213",104.5,108.8,66.2,"-.024","-3.00","107.8","110.8","-3.21",134.5,-1.5,"2026-01-22","Hit"
"079050ee739266f86a11071d592b677a","Arkansas St.","Georgia Southern",68,85,110,116.4,71.1,"+.084","-7.34","105.3","112.6","-7.33","155",112.5,111.8,73.1,"+.105","+0.51","110.0","109.5","+3.02",174.5,2.5,"2026-01-22","Hit"
"1e21c9d7585a0bbbb587e81d5ec9c8c7","Tennessee Tech","Lindenwood",89,68,103,109.6,72.3,"+.044","-5.26","106.0","111.3","+3.34","334",100.4,116.3,67.8,"-.053","-5.73","106.5","112.2","+3.08",151.5,-8.5,"2026-01-22","Hit"
"0fe00f4765c52fc0d6eb738b8b4420ce","Texas St.","Coastal Carolina",72,70,103.5,110.2,68,"+.106","-3.41","107.8","111.2","-1.35","268",102.6,111.6,66.9,"+.082","-7.13","105.5","112.6","-8.50",140.5,-2.5,"2026-01-22","Hit"
"addc4b144194a1afaefa86c319a6ca4e","Little Rock","Southeast Missouri",70,65,104.6,111.5,69.9,"-.031","-4.91","106.4","111.3","+4.77","293",105.5,116.6,66.3,"+.074","-3.87","106.7","110.6","+3.42",147.5,-5.5,"2026-01-22","Hit"
"26027935fc957a4183d951ab97826344","North Dakota St.","Denver",77,82,115.9,123.9,68.3,"+.044","+2.44","112.4","110.0","+6.70","140",111.3,109.1,66.6,"+.015","-4.54","107.6","112.2","-1.81",158.5,4.5,"2026-01-22","Hit"
"825a1074bf0e27d3abb05a9e5d769fa7","Tennessee St.","SIUE",74,66,100.9,109,64.7,"+.007","-9.14","104.6","113.8","-6.83","239",107.1,113.2,71.2,"+.137","-4.56","106.5","111.1","+5.86",143.5,-1.5,"2026-01-22","Hit"
"59f784d30e6e048a5edbd884cb58fcf3","Niagara","Fairfield",62,61,110.2,118.5,67.5,"+.015","-8.63","104.2","112.8","-7.39","354",99.2,120.4,61.8,"-.004","-7.05","105.9","113.0","-5.42",138.5,-10.5,"2026-01-22","Hit"
"63302a13d5c59fda56c357f4bb11efe5","Canisius","Sacred Heart",69,66,109.4,118.7,68.4,"-.073","-4.62","106.8","111.4","-0.43","348",97.2,116,64,"+.105","-6.25","106.4","112.6","-2.61",143.5,-9.5,"2026-01-22","Hit"
"b3b24466be3c275c29ccd3753e64772c","UC Irvine","UC Riverside",66,80,105.3,114.7,67.6,"+.014","+2.12","110.5","108.4","+5.11","125",105.4,101.7,67.9,"-.015","-1.35","108.8","110.1","+0.07",142.5,8.5,"2026-01-22","Hit"
"8191a3b396767fb33ec9476badcba1f5","NJIT","UMBC",87,74,106.9,116.6,66,"+.036","-11.58","103.4","115.0","-7.41","333",98.2,114,68.1,"+.103","-5.35","106.5","111.8","+0.55",142.5,-6.5,"2026-01-22","Hit"
"34ed2360b9a442102e03d945479ebbaf","Southern Miss","Georgia St.",69,62,100.4,110.2,68.4,"-.035","-0.72","109.9","110.6","+2.38","227",106,111.1,68.1,"+.044","-3.56","108.2","111.7","+3.01",143.5,-2.5,"2026-01-22","Hit"
"006056ddf24ee32882ce10501c26d9fe","FIU","UTEP",83,77,103.6,113.5,64.5,"+.027","+1.93","109.4","107.5","+3.52","183",109.2,111.1,71.8,"-.053","-0.18","110.8","111.0","+0.29",148.5,1.5,"2026-01-22","Hit"
"d44e03aaa4abebbf20572b0cbe4ad4c7","Bellarmine","Jacksonville",70,77,102.9,113.2,63.4,"-.025","+1.34","111.3","109.9","+4.79","292",112,123.1,65,"-.028","+0.08","112.0","111.9","+4.21",137.5,-3.5,"2026-01-22","Loss"
"8c66603d1922cde7355abbe613d26789","Quinnipiac","Mount St. Mary's",62,77,100.6,111.4,68.7,"+.048","-3.56","106.5","110.1","+0.43","180",107.2,109,70.1,"+.089","-5.17","106.8","112.0","+1.01",146.5,4.5,"2026-01-22","Hit"
"b1030f3d926f17d5f020fc43fc8c1f0c","Western Illinois","Morehead St.",71,66,106.5,117.9,65.5,"+.099","-1.47","108.5","110.0","+7.84","355",95.9,117.4,65.7,"-.090","-4.97","106.3","111.2","-1.89",138.5,-8.5,"2026-01-22","Hit"
"3c4b64b2faacaa6557a37ee2028d1c1b","Vermont","UMass Lowell",68,77,105,117,69.4,"-.002","-3.25","107.2","110.5","+2.60","221",110.7,115.5,65.1,"+.014","-4.82","106.8","111.6","-1.49",144.5,4.5,"2026-01-22","Hit"
"da1e5edf0cac19f9e8a4c0a86abe41a5","North Dakota","Oral Roberts",62,79,103.4,116,67.5,"-.021","+2.45","112.8","110.4","+5.12","308",106.1,118.5,67.7,"+.071","-3.92","108.3","112.2","-0.23",146.5,-1.5,"2026-01-22","Loss"
"47308c9f3933c1472debb792d9deb244","Hofstra","North Carolina A&T",79,78,103.6,116.7,69.2,"-.034","-5.80","107.4","113.2","-9.09","109",115.2,109.3,65.7,"-.041","+1.15","110.4","109.2","+3.64",147.5,9.5,"2026-01-22","Hit"
"e9b687fe6e873b6eaef2bcaf93cd3bd4","Binghamton","New Hampshire",88,82,98.7,112.9,67.3,"-.049","+0.65","110.1","109.5","+6.37","362",96.2,121.5,66.1,"-.059","-8.91","105.5","114.4","-7.44",135.5,-8.5,"2026-01-22","Hit"
"5d751b9d27d24da330f74cf1a2a640fd","Eastern Illinois","Southern Indiana",51,59,98,113,68.4,"-.104","-5.18","106.8","112.0","-1.12","314",97.6,111.2,65.7,"+.053","-1.63","108.4","110.0","+11.91",133.5,-2.5,"2026-01-22","Loss"
"87dbafc5bec409554f1467fa472a9451","Central Arkansas","West Georgia",65,86,103.5,118.8,69.1,"+.147","-4.46","109.2","113.7","+0.69","214",106.9,111.3,67.7,"-.065","-2.69","110.3","113.0","+5.32",153.5,3.5,"2026-01-22","Hit"
"5574946eee5e2d2f555dccc38cdabe45","Eastern Kentucky","North Florida",87,85,108.7,126.8,70.8,"-.071","+2.59","111.1","108.5","+7.99","255",110.1,117.7,67,"-.037","-0.59","111.2","111.7","+3.50",167.5,6.5,"2026-01-22","Hit"
"9d479356cde3fc89362dba11b0c15e5e","Albany","Maine",52,49,92.2,111.7,64.7,"-.046","-4.19","107.4","111.6","-1.53","296",104.9,116.3,66.3,"-.065","-0.27","110.5","110.7","+4.56",130.5,3.5,"2026-01-22","Hit"
"ce37a6ee0c8e3471336890a4b5d67297","Ohio St.","Michigan",74,62,126.9,90.9,73.1,"+.025","+11.17","116.3","105.1","+11.16","36",123.1,103.9,67.2,"-.038","+5.89","113.4","107.5","-3.98",164.5,-16.5,"2026-01-23","Hit"
"9337439e0718789ce814daf2291e2607","Marquette","Butler",87,76,118.8,104.6,70.2,"-.015","+7.61","113.6","106.0","-1.97","119",111.9,107.5,69.5,"-.085","+8.32","114.2","105.8","+1.41",160.5,-6.5,"2026-01-23","Hit"
"ca0e7c617edc784efbb630f5c2ce8961","Utah St.","Colorado St.",61,65,121.7,112.7,62.1,"+.002","+1.88","111.2","109.3","-3.39","34",122.9,103.2,68,"+.030","+2.79","111.4","108.6","+2.03",148.5,5.5,"2026-01-23","Loss"
"83cba53bc2b41a16017b50bee2bdfd6d","The Citadel","East Tennessee St.",84,55,111.3,108.3,66.3,"-.018","-7.07","107.0","114.0","-5.18","352",101.4,121.5,64.2,"-.000","-4.07","108.9","113.0","-1.88",139.5,-17.5,"2026-01-23","Hit"
"13abc8272a48a5942d7f261858f63f37","Indiana","Rutgers",59,82,110.2,108.2,65.7,"+.064","+7.08","113.0","105.9","-6.72","38",121.3,102.9,67.3,"-.058","+5.77","112.6","106.8","-4.47",147.5,7.5,"2026-01-23","Hit"
"350f5f643a34e8c59586fbeeb7ff73c2","Saint Louis","St. Bonaventure",62,97,114,112.1,66.7,"-.032","-2.65","108.7","111.4","-3.78","29",120.6,100.1,71.3,"+.029","-3.03","107.2","110.2","-5.98",158.5,7.5,"2026-01-23","Hit"
"30147c93798e0ee0dade1cc202f90639","Tulane","Charlotte",73,70,113,114.6,63.4,"-.013","-1.72","109.0","110.8","-1.55","191",109.3,111.7,66.1,"+.128","-3.32","107.3","110.6","-4.66",143.5,-3.5,"2026-01-23","Hit"
"57a5128dccb3d1d41bb7c7dccd1fa19c","Massachusetts","Buffalo",67,68,113.7,115.6,66.5,"+.013","-5.27","108.0","113.3","-8.11","184",107,108.9,71.8,"-.072","-5.77","107.7","113.5","-7.15",159.5,2.5,"2026-01-23","Loss"
"d73b9cf7e8af40d3a0f9993200dc6d81","Akron","Ohio",65,86,108.4,113,69.6,"+.089","-1.39","109.0","110.4","+2.31","59",123.7,110.3,71.1,"-.041","-3.49","109.2","112.6","-2.92",168.5,7.5,"2026-01-23","Hit"
"744246851085c9ed464077bf9ef26122","Middle Tennessee","Jacksonville St.",75,58,105.5,111.2,63.8,"+.013","-3.63","107.9","111.5","-5.24","130",109.5,106.3,65.2,"+.043","+4.53","112.2","107.7","+12.36",134.5,1.5,"2026-01-23","Hit"
"a1883f6fcc66fb2e1d2d64f4bafaf16b","High Point","Radford",83,93,108.8,116.4,71.1,"-.023","-7.74","106.4","114.1","-5.76","96",119.7,111.8,69.4,"-.005","-9.08","104.2","113.3","-9.32",164.5,7.5,"2026-01-23","Hit"
"c9a37a8b1ee6c36638447047c13303c6","Wagner","Le Moyne",69,67,106.3,115.2,68.7,"-.015","-6.62","105.8","112.4","-1.76","327",105.1,120.5,65.6,"-.087","-6.47","105.0","111.5","+4.30",144.5,-8.5,"2026-01-23","Hit"
"238338715a967e44187b13a5636f2317","Fairleigh Dickinson","Central Connecticut",66,76,108,117.2,65.3,"+.094","-5.58","105.4","111.0","-1.10","344",100.4,118.6,66.1,"-.014","-4.01","107.0","111.0","+4.94",141.5,-6.5,"2026-01-23","Loss"
"1dab5e1a5a584352b5398d751825e852","Charleston Southern","Longwood",81,79,105.9,115.5,68.1,"-.012","-8.10","105.4","113.5","-9.61","225",106.7,111.8,71.5,"-.087","-5.42","107.3","112.8","-4.60",155.5,1.5,"2026-01-23","Hit"
"fbb8caaf59fb34680073104d86832984","Western Illinois","Southern Indiana",96,64,96,111.8,68.2,"-.105","-5.98","105.9","111.9","-1.11","355",95.8,116.9,65.7,"-.097","-4.87","106.3","111.2","-1.53",133.5,-6.5,"2026-01-23","Hit"
"ebc4e0ecd6c64276ecc2309a7b8c2042","LIU","Stonehill",63,66,94.4,112.3,66.3,"-.005","-6.63","105.5","112.2","-1.43","212",107.6,111.8,68.2,"+.111","-3.86","108.1","111.9","+2.18",137.5,6.5,"2026-01-23","Loss"
"7299f78896a2143aff4d4ebe295a1cf5","Chicago St.","Saint Francis",81,60,97.1,119.6,69.3,"+.059","-1.17","109.7","110.9","+6.69","356",97.9,119.5,66.9,"-.047","+2.40","110.6","108.2","+11.62",143.5,-3.5,"2026-01-23","Hit"
"b12fba07102d7fc179cf36054c330024","USC Upstate","Gardner Webb",67,65,97.1,124.7,70.7,"-.030","+2.48","111.9","109.5","+5.78","294",101.7,112.9,68.2,"+.035","-2.94","108.5","111.5","-3.11",153.5,11.5,"2026-01-23","Hit"
"51b03b69709b1760c5c54eb745165499","Illinois","Purdue",82,88,128.7,98.1,65.3,"+.055","+10.04","116.0","105.9","+7.15","9",129.1,98.8,66.2,"+.005","+7.75","114.5","106.7","+3.31",164.5,-0.5,"2026-01-24","Loss"
"868e2d5767894932d36e3d1f55876197","San Francisco","Gonzaga",68,66,125.4,94.8,70,"+.091","+4.20","112.1","107.9","+7.10","105",113.7,107.3,65.1,"-.029","+0.51","109.4","108.9","+0.43",150.5,-16.5,"2026-01-24","Hit"
"d43b73f5baf44f07ff8ce64023816f2d","Auburn","Florida",67,76,125.1,95.1,70.1,"-.087","+12.05","117.2","105.2","+6.80","30",124.7,104.3,67.9,"+.003","+12.55","117.2","104.7","+8.62",158.5,-4.5,"2026-01-24","Loss"
"57edba3231c9656ef8f568a56b3f6d16","Utah","BYU",91,78,124.8,98.2,70.4,"+.040","+6.92","113.3","106.4","+3.44","113",116.5,111.5,68.5,"+.001","+6.17","113.1","107.0","-1.04",166.5,-19.5,"2026-01-24","Hit"
"3270f81985573ac7d3ea004cc5ddbb0f","Tennessee","Alabama",73,79,129.1,103.6,73.5,"-.004","+14.77","118.6","103.8","+12.66","23",120.5,96.9,66.4,"-.074","+8.29","115.8","107.5","+0.15",166.5,-4.5,"2026-01-24","Loss"
"d803023d39400773b6f2d4669fcb71da","LSU","Arkansas",85,81,126.5,102.2,71.4,"-.004","+10.82","116.0","105.2","+4.12","42",121.2,104.1,67,"-.033","+3.41","111.7","108.3","-4.43",164.5,-10.5,"2026-01-24","Hit"
"985600bd96fa9176eae5ecbe5b7c0ae4","Florida St.","SMU",83,80,124.2,104,68.8,"+.019","+8.43","114.6","106.1","+1.93","106",114,107.7,72.2,"-.094","+7.23","112.9","105.6","-2.63",159.5,-10.5,"2026-01-24","Hit"
"a828aae4f549594d29e7ba7718a87eb5","Northwestern","UCLA",71,64,120.5,102.5,64.8,"-.015","+5.83","113.4","107.6","-4.72","61",119.2,106.1,65.6,"-.140","+8.11","114.0","105.9","-1.97",143.5,-7.5,"2026-01-24","Hit"
"ebe869e8a4d0cc68fc927754182349ac","Nevada","New Mexico",80,73,115.5,99.2,70,"-.009","+2.64","110.6","108.0","+1.11","64",118.6,106.2,65.4,"+.042","+3.69","111.9","108.2","+2.39",149.5,-8.5,"2026-01-24","Hit"
"a7bdd59c21f61ac1453e2c21dc9bb62e","TCU","Baylor",90,97,123,107.1,67.8,"-.027","+9.41","113.9","104.4","-0.48","53",113.6,98.6,67.1,"-.091","+3.50","111.5","108.0","-6.49",147.5,-5.5,"2026-01-24","Loss"
"bac9944ef76dcd027d0daa9bda3a3c75","Iowa St.","Oklahoma St.",71,84,118.1,105.8,72.9,"+.065","+4.55","112.3","107.8","-2.37","5",125.1,94.2,67.7,"+.028","+5.32","111.9","106.6","-2.55",144.5,15.5,"2026-01-24","Loss"
"002f2d4f28ad5c192b5b615162a19ece","New Orleans","McNeese",82,63,118,105.8,66.2,"+.060","-0.30","108.8","109.1","+11.05","218",113,117.6,69.1,"+.019","+3.02","109.8","106.8","+15.18",158.5,-17.5,"2026-01-24","Hit"
"bb365c210f4d1ad69d1c25b1b677b7df","Air Force","Boise St.",96,54,114.1,101.9,66.4,"+.034","+9.58","114.9","105.3","+7.18","342",95.9,113.6,65,"+.005","+1.18","111.2","110.0","-5.54",152.5,-24.5,"2026-01-24","Hit"
"5360dd7d19329b58e7baadd83dccd42b","Richmond","George Washington",85,69,120.4,109,69.9,"-.123","-0.79","109.1","109.9","-2.34","114",113.1,108.2,68.4,"-.041","-3.71","108.0","111.7","-8.13",151.5,-17.5,"2026-01-24","Hit"
"406515baadfb3f5a74ed2035e054294d","California","Stanford",66,78,115.1,103.7,67.4,"+.128","+5.48","112.0","106.5","-1.05","71",115.1,103.5,66.7,"+.058","+2.32","112.0","109.7","-6.67",145.5,-4.5,"2026-01-24","Loss"
"d9d8c2fbc2751b14b0292e444cec4570","UCF","Colorado",86,95,118.4,107.7,69,"-.043","+4.33","112.6","108.2","-1.23","47",120.4,104.2,68.9,"+.106","+6.69","113.6","106.9","-1.30",177.5,8.5,"2026-01-24","Hit"
"13290b12ddf9d43cd49426a751105517","Boston College","Notre Dame",68,64,114,103.5,65.2,"-.046","+7.24","113.5","106.2","-0.06","149",103.9,102.6,65.6,"-.038","+0.33","110.1","109.7","-6.55",136.5,-7.5,"2026-01-24","Hit"
"ab82cc41f02272fc7a1b74271c20cc03","Kansas","Kansas St.",62,86,116.5,106.5,72.2,"-.072","+6.84","114.6","107.7","+0.59","19",121.4,95.9,67.4,"-.002","+13.12","116.2","103.1","+10.69",158.5,4.5,"2026-01-24","Hit"
"121fc3e7addf4ebb7f5008f28c694984","Cincinnati","Arizona St.",82,68,117.5,108.6,70,"+.050","+9.95","115.2","105.3","+4.99","54",108.6,94.1,68.6,"-.102","+6.83","112.7","105.9","-1.81",148.5,2.5,"2026-01-24","Hit"
"22ff6e528bdbdc30eeec288f71d9f555","Memphis","Wichita St.",74,59,114.6,107.3,64.9,"-.104","-0.72","109.0","109.7","-2.54","99",108.4,100.6,68.8,"-.024","+6.23","113.7","107.5","+9.26",134.5,-11.5,"2026-01-24","Hit"
"5f8c719685e87b68c90d319d18194e7c","San Jose St.","Wyoming",66,62,115.1,108.1,66.7,"-.068","+0.76","109.7","109.0","-4.97","245",109.1,116,63.8,"+.004","+5.09","111.8","106.7","+1.65",131.5,-14.5,"2026-01-24","Hit"
"12cc99582575d4daab52e58f095592ab","UC Irvine","UC San Diego",59,61,115.2,108.3,67.1,"-.014","-1.54","108.3","109.8","+0.02","119",105.4,101.1,67.8,"-.012","-1.53","108.4","109.9","+0.07",144.5,-2.5,"2026-01-24","Loss"
"ebec8a5acc393ead6cd376da88795593","Seton Hall","DePaul",67,60,109.3,103.1,67.2,"+.005","+2.03","111.0","109.0","-11.04","49",110.7,94.8,65.7,"-.026","+5.16","113.2","108.0","-4.50",133.5,2.5,"2026-01-24","Hit"
"3d1e54c36d31ada27b66be4324fcc9ac","Murray St.","Northern Iowa",81,76,104.4,98.4,62.1,"-.063","+0.47","109.6","109.1","-1.13","89",118.9,109.9,72.3,"+.051","-2.15","109.0","111.2","-3.37",145.5,-5.5,"2026-01-24","Hit"
"f4477e84f33edc9f49f98f95e58ae180","Seattle","Pacific",56,54,112.9,108.2,64.8,"+.007","-0.01","109.3","109.3","+0.32","120",104.3,100.1,68.3,"+.053","-0.29","110.6","110.9","-5.15",137.5,-1.5,"2026-01-24","Hit"
"4b39e3394d32bcc329baedc9933ce0ff","San Diego St.","UNLV",71,82,112.9,108.2,70.4,"+.003","+2.43","110.8","108.3","+0.60","44",115.5,99.1,68.9,"+.069","+6.04","112.4","106.4","+6.36",146.5,1.5,"2026-01-24","Hit"
"e6fc870c6d75aec95526622c9ea86514","VCU","Davidson",69,75,110.4,107.1,64.4,"+.103","+0.23","109.7","109.5","-0.04","46",120.6,104.5,69.6,"-.085","+2.26","110.9","108.6","-1.66",148.5,5.5,"2026-01-24","Hit"
"c9cc2b1c940ca9e6771fba70b26bc68a","Grand Canyon","Fresno St.",57,68,106.5,103.5,68.1,"-.059","+2.62","111.8","109.1","-3.60","80",110.4,99.9,67.8,"+.011","+1.77","111.5","109.7","-5.10",141.5,4.5,"2026-01-24","Hit"
"45f399321e5cee442c55f1490b49c88a","Utah Valley","Cal Baptist",78,71,109.4,106.6,65,"+.072","-3.24","107.2","110.5","-3.95","103",112.9,105.9,70.1,"+.050","-0.71","108.3","109.1","+2.62",147.5,-1.5,"2026-01-24","Hit"
"e1239f49bc2fff54ecae32c734a039ee","Illinois Chicago","Bradley",70,85,111,108.3,68,"+.058","-1.90","108.1","110.0","-4.86","147",108.4,107,66.2,"-.090","-0.19","109.2","109.4","-4.39",143.5,-6.5,"2026-01-24","Loss"
"01e109d87fa23aeb2d0c4234e8bf9fdc","Weber St.","Montana St.",91,88,110.3,108.5,65.7,"-.064","+0.32","111.7","111.4","+4.16","209",108.8,112.6,69.2,"-.064","-3.20","108.0","111.2","-1.46",146.5,-6.5,"2026-01-24","Hit"
"6ecd0df73f45ab8a4c72d2772b2097bd","Pepperdine","Washington St.",95,79,113.7,112.4,67,"-.062","+5.23","112.0","106.8","+3.98","267",101,109.9,66.5,"-.037","+2.97","111.5","108.5","-3.03",146.5,-11.5,"2026-01-24","Hit"
"1df783f6b7c1c4cce44fa00e8b6a5a3f","Idaho St.","Montana",69,60,111.4,110.4,69.3,"+.000","+0.02","111.0","111.0","+4.77","207",111.6,115.4,64.1,"-.039","-0.65","109.7","110.4","+2.99",148.5,-4.5,"2026-01-24","Hit"
"7fe5108b72a8bf07dbf076944decb77c","Bowling Green","Toledo",73,72,114.7,114.4,68.5,"-.033","-0.55","110.4","111.0","+2.18","112",111.3,106.1,67.8,"-.076","-2.93","108.8","111.7","-7.91",157.5,1.5,"2026-01-24","Hit"
"5d461517168caa91a16a07b38fb1d48e","UC Riverside","UC Davis",74,66,110.5,110.5,69.2,"+.038","-0.14","109.1","109.2","+1.78","277",105,114.6,67.7,"+.007","+2.04","109.8","107.8","+5.34",149.5,-8.5,"2026-01-24","Hit"
"5422124be3bc79b1229693559d58cb40","Portland St.","Idaho",66,69,110.1,112.3,66.8,"+.056","-1.52","109.9","111.5","+0.74","156",105.3,104.6,68.4,"+.031","-2.34","109.8","112.2","+1.16",144.5,-1.5,"2026-01-24","Loss"
"45676765803fd4387372a12bb6399c71","Kent St.","Eastern Michigan",75,76,106.6,108.8,65.7,"-.017","+0.07","110.2","110.1","+2.25","145",115.2,113.5,71.9,"+.139","-3.20","110.1","113.3","-3.45",125.5,6.5,"2026-01-24","Loss"
"47429cd909a0782de9c14ded6e1af3b9","Saint Mary's","Portland",69,75,106.6,109.4,69.3,"+.036","+1.50","111.3","109.8","-0.45","33",120.1,100.2,65.4,"+.031","+2.45","109.8","107.4","+3.30",145.5,15.5,"2026-01-24","Loss"
"8a8ceb10f8dc5e4b8b911b0dae3805d8","Santa Clara","San Diego",73,85,108.9,112.2,69.7,"+.009","+1.92","110.9","109.0","-2.24","43",120.2,103.3,69.4,"-.005","+2.80","110.6","107.8","+3.61",161.5,13.5,"2026-01-24","Loss"
"dc478ba1d2f0cb76244eacd370aa6370","Saint Peter's","Merrimack",67,59,106.1,110.3,63.4,"+.136","-2.35","108.3","110.6","+3.25","233",103.8,109.6,65.8,"+.102","-7.65","104.1","111.8","-0.98",121.5,-14.5,"2026-01-24","Hit"
"58387ad72f30cc09c19b15b5d07dbd04","Southern Utah","Utah Tech",102,91,106.8,111.4,66.2,"+.034","+1.71","109.8","108.1","+3.17","278",102.2,112.1,70.1,"-.035","+1.60","110.6","109.0","+2.91",149.5,-5.5,"2026-01-24","Hit"
"8c5eee8bb2450f30b046f266657b708f","Stephen F. Austin","Lamar",81,88,103.9,108.5,65.5,"+.009","-3.03","108.1","111.1","-0.38","96",111.1,103.1,65.5,"-.054","-4.41","106.6","111.1","-4.42",142.5,2.5,"2026-01-24","Hit"
"6a2133ae908b618f88d6bfb0397b999c","Manhattan","Iona",66,57,104.6,110.2,70.2,"+.109","-6.40","105.7","112.1","-3.60","333",105.5,121.6,68.7,"+.075","-6.06","105.3","111.4","-3.25",152.5,-7.5,"2026-01-24","Hit"
"010f12a3d27e09c6c9107b3a04d75d3b","Tennessee St.","Lindenwood",86,96,103.1,108.9,72.4,"+.046","-6.32","105.1","111.5","+3.80","247",106.9,113.8,70.8,"+.115","-4.63","105.8","110.4","+5.73",165.5,1.5,"2026-01-24","Hit"
"8fb6299cabe507e94464a0204c8c58d1","Sacramento St.","Eastern Washington",75,67,109.2,115,68.7,"-.126","+3.53","111.6","108.1","+6.38","280",104.7,114.7,72.3,"+.003","+3.33","112.5","109.2","+7.39",163.5,-6.5,"2026-01-24","Hit"
"1287c1953f4ba5bdaea2fa82ddf6ae47","UC Santa Barbara","Long Beach St.",71,74,107.1,112.9,67.6,"+.014","+0.98","109.6","108.7","+4.36","138",116.8,114.2,63.8,"-.030","-3.66","107.0","110.7","-1.47",143.5,4.5,"2026-01-24","Loss"
"1721e7d05350ba1a3eb58265a650f90f","Texas A&M Corpus Chris","Incarnate Word",71,79,106.8,112.7,65.9,"-.013","-0.68","109.8","110.5","+6.65","183",102.5,104.3,65.9,"-.005","+3.57","111.9","108.4","+17.84",136.5,4.5,"2026-01-24","Hit"
"550f766968cdb767fd7bdba8306972af","Tulsa","Rice",81,87,107.6,114.1,65,"-.006","-1.07","109.2","110.3","-2.38","60",122.7,109.5,67.9,"+.036","-0.55","109.0","109.6","-2.80",154.5,18.5,"2026-01-24","Loss"
"e498622840671f6517291b0be345aa07","Troy","Georgia Southern",78,83,108.6,115.7,70.9,"+.083","-6.91","105.5","112.4","-7.51","111",113.9,108.6,66.4,"-.004","-1.30","108.7","110.0","+3.42",156.5,2.5,"2026-01-24","Hit"
"d98b61a06fc431c779a6170d67959e99","Central Michigan","Western Michigan",77,65,109.2,116.4,67.9,"-.013","-0.14","109.9","110.0","-2.12","323",102.9,117.7,65.8,"-.073","-0.42","110.5","110.9","+0.96",148.5,-4.5,"2026-01-24","Hit"
"16ed9dbce6a1fcabe2144f6496b70441","Arkansas Pine Bluff","Southern",74,75,102.9,110.1,71.3,"-.004","+4.10","112.9","108.8","+13.33","317",103.4,117.5,70.2,"+.026","+4.09","112.1","108.0","+13.82",154.5,-8.5,"2026-01-24","Loss"
"789690fafeea63f4a4854f80f2ad55a7","North Dakota","Denver",86,93,116,124,68,"+.027","+2.22","111.8","109.6","+6.80","291",106.3,117.2,67.4,"+.063","-4.31","107.8","112.1","+0.00",175.5,-5.5,"2026-01-24","Loss"
"d9b6a7bf24eebddd91182efc3c8d5bc1","Cal St. Fullerton","Cal Poly",78,93,105.6,113.7,74.1,"+.028","+2.36","111.3","108.9","+5.12","193",107.4,110.1,73.9,"-.031","+2.09","111.5","109.4","+5.48",172.5,1.5,"2026-01-24","Hit"
"4f994e0118236b798480713344cdcead","Jackson St.","Bethune Cookman",85,48,105.3,113.7,68.2,"+.046","+3.19","110.9","107.7","+14.05","332",101.6,117.4,70.8,"+.094","+3.63","111.8","108.1","+13.11",155.5,-15.5,"2026-01-24","Hit"
"9d2c3a8cd3558657290a2a6e19616d1c","Canisius","Fairfield",61,55,108.7,117.6,67.5,"+.037","-9.49","103.4","112.9","-7.59","345",96.5,114.9,64.1,"+.081","-6.25","106.2","112.4","-2.55",141.5,-10.5,"2026-01-24","Hit"
"5dff18d11754f71539eb19a5f3f50857","Missouri St.","UTEP",57,62,104,113.1,64.5,"+.043","+1.52","108.9","107.4","+4.05","192",109.1,111.7,64.6,"+.032","-1.42","108.7","110.2","-2.05",131.5,-4.5,"2026-01-24","Loss"
"99ea8c1636e71d27fa2dffe84d0ffc19","Oakland","Detroit Mercy",87,95,105.6,115.7,69.5,"+.031","-2.43","109.4","111.9","+6.79","130",118,114.6,70.8,"+.040","+4.23","112.6","108.4","+17.20",179.5,6.5,"2026-01-24","Hit"
"4bca96ee970feb0b518a3f9ed7f0ebd4","Rider","Mount St. Mary's",71,61,99.9,111.4,68.5,"+.042","-3.81","105.9","109.7","+0.19","352",96,116.9,65.4,"-.060","-1.24","108.9","110.1","+9.91",139.5,-4.5,"2026-01-24","Hit"
"ee02f004f17c3fee4872120cb4039a1f","UT Rio Grande Valley","Houston Christian",51,68,107.1,119,63.9,"+.014","-2.64","108.3","111.0","-1.44","198",106.2,109.4,67.1,"-.065","-0.07","109.0","109.0","+7.71",142.5,4.5,"2026-01-24","Hit"
"68cabfb5cde6932ddc7cd166a516d5a1","Alabama St.","Prairie View A&M",80,95,102.4,114.6,72.1,"-.007","-1.12","109.2","110.3","+8.96","304",104.4,116.6,69.3,"-.053","-0.02","108.1","108.2","+7.92",159.5,-1.5,"2026-01-24","Loss"
"075feb1525860988df73285167b24797","Lafayette","Lehigh",64,59,102.7,115,67.4,"+.025","-5.95","106.3","112.2","-1.26","315",102.2,116.2,67.4,"-.098","-5.01","107.5","112.5","-1.79",143.5,-3.5,"2026-01-24","Hit"
"7513ab4618016514bafe23399171dba6","Alcorn St.","Florida A&M",66,58,100.3,113.7,68.3,"+.085","-0.49","108.6","109.1","+7.77","344",100,118,68.4,"+.022","+3.90","111.4","107.5","+11.29",141.5,-8.5,"2026-01-24","Hit"
"fcc8c2f788156623b864c77b6975d2e7","Northern Colorado","Northern Arizona",81,77,103.6,118.1,64.4,"-.008","-0.61","109.5","110.1","-0.03","175",111.6,112.8,68.5,"-.038","-1.22","109.8","111.0","-1.19",148.5,5.5,"2026-01-24","Hit"
"218357af75268a8a1137f9a7e5a0b396","Alabama A&M","Texas Southern",89,74,101,118.2,69.3,"-.102","-0.61","108.9","109.5","+12.20","300",101.9,113.6,65.9,"+.068","-7.75","105.2","112.9","-0.95",156.5,7.5,"2026-01-24","Hit"
"b92d84fe7ac5cbfa487247cbf600d0e2","Nebraska Omaha","Kansas City",60,77,99.3,117.8,69,"-.010","+1.19","111.8","110.6","+4.83","269",106.6,115.5,66.4,"-.005","-1.55","109.7","111.2","+3.44",148.5,4.5,"2026-01-24","Hit"
"ab93901d30d6323d06418f8ceaccbc6e","USC","Wisconsin",71,73,121.8,102.7,70.4,"+.063","+6.35","113.3","106.9","-2.47","50",116.6,101.4,70.1,"+.103","+7.29","113.3","106.0","-0.97",159.5,-7.5,"2026-01-25","Loss"
"0e010547b70c79e0150821b2ee2dc656","Oregon","Washington",72,57,118,102.5,67.4,"-.087","+10.47","116.1","105.6","-1.01","86",115.1,106,65.9,"-.060","+9.83","114.3","104.5","+2.15",144.5,-8.5,"2026-01-25","Hit"
"143c8f24e1404cf808d4ce0dbbd33f47","Florida Atlantic","South Florida",89,75,115.8,104.3,72.4,"-.067","+4.00","112.6","108.6","+4.07","93",113.8,105.4,70.8,"+.003","+2.01","110.6","108.6","+3.60",166.5,-5.5,"2026-01-25","Hit"
"6c62b5520c4609b17b9cbbe6419e4daf","Southern Illinois","Evansville",0,0,99.3,110.1,68.1,"-.041","+3.62","111.2","107.5","+3.36","136",106.6,103.9,69.6,"-.139","+3.77","111.4","107.6","+1.14",140.5,3.5,"2026-01-25","Loss"
"8d2505ccec1dd1b0c95a22fc45220fbe","Chicago St.","Mercyhurst",61,59,99.7,111.1,63.6,"-.021","-6.13","106.3","112.4","+0.47","359",96.7,119.9,66.7,"-.041","+1.36","109.6","108.2","+11.84",131.5,-9.5,"2026-01-25","Hit"
"12ce2c01eba4033ae2d51e4ad948b5c3","Louisville","Duke",83,52,126.5,92.8,67,"+.073","+9.97","115.0","105.0","+6.55","16",126.2,99.9,69.9,"-.043","+7.71","112.3","104.6","+1.66",157.5,-7.5,"2026-01-26","Hit"
"ceb982aa4725415d7899e029567c053a","Arizona","BYU",83,86,125.2,98.9,70,"+.041","+6.55","113.0","106.5","+3.49","1",126.9,90.9,71,"+.027","+6.97","113.8","106.8","+3.09",165.5,2.5,"2026-01-26","Hit"
"0e3d23ac1013191d25d4219b05ea7a5f","Penn St.","Ohio St.",84,78,122.4,103.1,66.5,"-.043","+7.38","113.6","106.2","-3.98","133",115.1,111.8,66.8,"-.012","+4.40","113.1","108.7","-8.39",154.5,-12.5,"2026-01-26","Hit"
"a0651f5f4842449ed49fc7c955e54912","UT Rio Grande Valley","Texas A&M Corpus Chris",55,64,103,104.1,66,"+.013","+3.30","111.5","108.2","+17.94","187",105.8,107.7,66.6,"-.072","-0.42","109.0","109.4","+7.88",133.5,-3.5,"2026-01-26","Loss"
"c3b3229e61905f24b9c8e33793690a89","Abilene Christian","Tarleton St.",NA,NA,109,110.4,70.9,"-.037","+1.20","108.3","107.1","+3.22","255",102.9,110.3,65.5,"+.110","+0.17","108.6","108.5","+0.86",147.5,-4.5,"2026-01-26","FALSE"
"f559993db26a72056b85ee5148e64912","Wagner","LIU",NA,NA,106.9,111.4,67.9,"+.127","-4.39","107.1","111.5","+2.24","323",105,119.9,65.1,"-.103","-6.08","104.9","111.0","+4.39",144.5,-10.5,"2026-01-26","FALSE"
"f6f976deafa1626c1015ecacef97c9fa","Alcorn St.","Bethune Cookman",82,73,105.2,111.8,68.2,"+.027","+1.36","109.7","108.3","+14.21","344",98.7,117.1,68,"+.009","+2.92","110.5","107.6","+11.36",145.5,-12.5,"2026-01-26","Hit"
"a985b6c18a86d27b9d9dd222c4de528d","Morgan St.","Norfolk St.",78,79,101.3,113,67.5,"-.018","-5.71","105.1","110.8","+0.47","359",99,122,69.7,"+.037","-6.81","104.1","110.9","-2.02",153.5,-9.5,"2026-01-26","Loss"
"97bcb93d6359d4e25bab647ebc7307bf","Jackson St.","Florida A&M",65,66,99.4,112.4,68,"+.102","-1.72","107.7","109.5","+8.16","342",99.4,117.2,70.7,"+.093","+3.12","111.3","108.2","+13.35",149.5,-5.5,"2026-01-26","Loss"
"8c9ff307269aa99e3af867b6173f5693","Le Moyne","Fairleigh Dickinson",74,87,101.3,118,65.6,"-.006","-4.21","106.7","110.9","+4.80","272",105.6,114.9,68.2,"+.010","-7.58","105.1","112.7","-1.78",141.5,2.5,"2026-01-26","Hit"
"509ac6c26118e89b14b00d9757e5653a","Central Connecticut","Stonehill",61,59,93.8,111.6,66.1,"-.021","-6.97","105.0","112.0","-1.47","291",107.4,118.3,64.7,"+.079","-6.92","104.4","111.4","-1.55",135.5,2.5,"2026-01-26","Hit"
"1e32f2f119382615c6e2d95b638a92d9","Delaware St.","South Carolina St.",70,64,96.8,120.9,67.9,"-.008","-1.71","109.2","110.9","+3.66","358",90.3,113.1,66.8,"-.052","-5.59","105.4","111.0","-0.22",135.5,1.5,"2026-01-26","Hit"
"d62a2d827434088323d16188289c2f8f","Nebraska","Michigan",75,72,125.9,90.1,72.5,"+.028","+11.29","116.0","104.7","+11.19","12",123,94.8,66.8,"+.083","+6.82","113.4","106.6","-4.75",155.5,-10.5,"2026-01-27","Hit"
"0ce8e4d00bb6836408cccaba8fe15105","Providence","Connecticut",87,81,121.2,92.2,64.9,"+.090","+10.10","114.4","104.3","+8.05","74",122.1,110.7,72,"-.145","+7.90","113.3","105.4","-0.17",156.5,-16.5,"2026-01-27","Hit"
"3404b614f8fbc8234ddb8ec5b161671e","Kentucky","Vanderbilt",80,55,125.5,98.1,70.4,"+.048","+9.29","115.2","105.9","+1.52","28",121,99.6,67.6,"+.001","+8.65","114.8","106.1","+1.53",159.5,-6.5,"2026-01-27","Hit"
"23cb2b0e022d1e12a53c1971c53d860d","Missouri","Alabama",90,64,128.2,103.5,73,"-.025","+15.06","118.4","103.4","+12.55","56",119.3,105.3,66,"+.056","+3.06","111.8","108.7","-8.40",164.5,-10.5,"2026-01-27","Hit"
"866407326af201d722614cec85f35efd","George Washington","Saint Louis",79,76,121.1,98.7,71,"+.024","-2.36","107.2","109.6","-5.81","71",120.4,108.4,69.6,"-.115","-0.73","108.9","109.7","-2.28",167.5,-10.5,"2026-01-27","Hit"
"d4cff411d8de454c03e16d1b86580f53","Syracuse","N.C. State",88,68,121.9,100.3,69,"-.051","+7.56","113.5","105.9","+4.73","75",114.4,103,67.8,"-.053","+2.94","109.2","106.3","-3.42",151.5,-11.5,"2026-01-27","Hit"
"3de55e4170936a47197cd0c1a5e6b123","Purdue","Indiana",72,67,122,102.4,66.7,"-.055","+5.52","111.9","106.4","-4.79","8",129.2,99.2,65.2,"+.033","+10.98","116.2","105.2","+7.15",151.5,4.5,"2026-01-27","Hit"
"1b15bcf4ec52f96503b2d203f0c3119c","Arizona St.","UCF",79,76,121.2,104.3,68.9,"+.110","+7.20","113.8","106.6","-1.31","83",117.8,107.8,69.7,"+.053","+9.81","114.6","104.8","+5.17",161.5,-8.5,"2026-01-27","Hit"
"ed07b27586f5b1b0f002d152a0e81986","Richmond","VCU",77,69,120.7,104.5,69.1,"-.071","+2.74","110.8","108.1","-1.63","118",112.5,108.1,68,"-.040","-2.61","108.4","111.1","-8.15",155.5,-10.5,"2026-01-27","Hit"
"83017ab4feb2c246389da54ebe3b4df9","Toledo","Akron",91,81,123.2,108.9,70.9,"-.041","-3.20","108.6","111.8","-2.66","159",114.1,113.6,68.3,"-.006","-0.44","110.1","110.5","+2.29",170.5,-12.5,"2026-01-27","Hit"
"fe4ce9a3daa03ee13cb2bc05415229c0","Georgia Tech","Virginia Tech",71,65,116.4,102.5,68.1,"+.030","+6.40","113.8","107.4","-0.43","134",108.8,105.6,70.3,"+.007","-0.76","107.1","107.9","-8.85",154.5,-9.5,"2026-01-27","Hit"
"7a58aaa3b2feb78b92aa81a66db7a273","Kansas St.","West Virginia",59,54,114.5,101.1,62.6,"+.005","+3.00","110.3","107.3","-8.86","88",115.8,106.8,71.7,"-.064","+7.99","114.8","106.8","+0.58",146.5,-7.5,"2026-01-27","Hit"
"dd0da86ad1858a5173906adaa66a7612","Arkansas","Oklahoma",79,83,120.1,107.3,67,"-.105","+5.90","112.5","106.6","-6.22","22",126.5,102.4,71.2,"+.012","+11.00","115.8","104.8","+3.86",166.5,2.5,"2026-01-27","Hit"
"63bce1a7c9b0c6fd752082ab25cf9939","Grand Canyon","Nevada",66,60,118.6,105.9,65.4,"+.023","+4.68","111.8","107.1","+2.54","76",110.1,98.9,67.6,"+.017","+2.27","111.1","108.9","-5.03",141.5,-3.5,"2026-01-27","Hit"
"5d0d8d525daf1c577c18302ba2aa4dd4","Rhode Island","Dayton",76,81,110.5,100.2,67.8,"-.019","-0.82","109.5","110.3","-0.24","109",109.9,103.6,65.3,"-.043","-1.48","109.4","110.9","-4.72",136.5,-7.5,"2026-01-27","Loss"
"d2958a0b593184641d42738d116fdb0a","Virginia","Notre Dame",97,100,113.6,103.5,65,"-.026","+6.53","112.5","105.9","-0.03","16",124.2,98.1,65.4,"-.020","+5.44","113.0","107.5","-3.69",141.5,9.5,"2026-01-27","Loss"
"23f93a75889424fbaa1115365a436c6e","Massachusetts","Miami OH",86,84,117.4,108.3,70.7,"+.109","-6.34","106.9","113.3","-10.39","183",106.3,108,71.4,"-.049","-5.49","107.4","112.9","-7.37",164.5,-9.5,"2026-01-27","Hit"
"5699a8e40e8eac1c38cf6dbe97792f10","Northwestern St.","Stephen F. Austin",69,67,112.4,104.1,65.5,"-.046","-4.06","106.3","110.3","-4.47","282",108.6,118.9,65,"-.003","+1.28","108.8","107.5","+8.60",143.5,-14.5,"2026-01-27","Hit"
"35772f4e3bebddcd5d87ff5f50d40bac","Wake Forest","Pittsburgh",80,76,114.8,107.5,64.3,"-.119","+6.30","112.5","106.2","+0.77","73",114.6,102.8,69,"-.023","+8.84","115.1","106.3","+0.83",148.5,-1.5,"2026-01-27","Hit"
"189fbfddb1f7f9268de4f2f5b136876c","Buffalo","Bowling Green",78,89,110.7,105.6,67.6,"-.104","-2.35","108.9","111.2","-7.84","189",112.9,114.9,66,"-.017","-5.44","107.0","112.5","-8.28",149.5,-7.5,"2026-01-27","Loss"
"810d9e28da07b61074445fa5657a698c","New Mexico","UNLV",61,89,112.7,108.7,70,"-.011","+2.98","110.5","107.5","+0.45","46",115.2,98.8,70,"+.001","+3.08","110.6","107.5","+1.26",157.5,5.5,"2026-01-27","Hit"
"51c93de0d1e3ebb795faee564f61a3d0","Creighton","Marquette",86,62,111.4,107.4,69.2,"-.091","+8.80","114.2","105.4","+1.01","53",120,105.1,66.2,"+.005","+8.64","114.6","105.9","+3.84",155.5,2.5,"2026-01-27","Hit"
"ba3be1c9fa853ef414fb17dfa53df88a","Indiana St.","Illinois Chicago",76,74,109.4,106.3,66,"-.086","+0.39","109.3","108.9","-4.08","209",105.8,109.7,68.9,"-.044","-0.10","108.0","108.1","-5.99",147.5,-6.5,"2026-01-27","Hit"
"7c866a649cd8c9b111639117b00c8847","Ohio","Kent St.",72,57,114.1,112.4,71.2,"+.155","-2.83","109.8","112.6","-3.39","228",107,112.4,69.4,"+.086","-0.82","109.1","109.9","+2.08",163.5,-7.5,"2026-01-27","Hit"
"1478cc8b93428a157ecdbb8a1910e40c","Michigan St.","Rutgers",79,88,109.3,109,65.2,"+.064","+7.27","112.7","105.5","-7.21","4",120.1,88.8,65.4,"-.013","+8.50","115.7","107.2","+2.87",136.5,14.5,"2026-01-27","Loss"
"5903023f38151b6e12d867867d20ca52","East Texas A&M","Lamar",82,61,105,109.6,65.5,"-.005","-2.45","107.8","110.2","-0.07","284",100.2,110.6,68.8,"+.040","+1.08","109.2","108.2","+6.70",139.5,-6.5,"2026-01-27","Hit"
"644d688b60a46b4e8692b950ab0449ff","New Orleans","Nicholls",62,80,107.5,113.1,68.6,"+.024","+2.09","110.2","108.1","+10.98","223",112.1,116.9,68.9,"+.016","+3.95","110.2","106.2","+15.08",159.5,-3.5,"2026-01-27","Loss"
"33bcc9d2fb804f1cfe2bc8d1a525fa34","Boise St.","San Jose St.",58,89,108.4,114.7,63.6,"-.011","+5.49","111.8","106.3","+1.60","62",114.5,101.7,66.2,"+.010","+8.39","113.6","105.2","+7.38",138.5,10.5,"2026-01-27","Hit"
"9ab6f6f226cce815a7079fd74ca17c95","McNeese","Southeastern Louisiana",66,76,99.2,107.9,65.9,"-.008","-0.58","108.7","109.2","+5.33","66",117.3,104.6,66.1,"+.058","-0.86","108.6","109.5","+11.17",136.5,12.5,"2026-01-27","Loss"
"5b4ea967705c030e92bb42642b7b4a31","Incarnate Word","Houston Christian",81,75,105.6,118.6,63.6,"+.016","-2.91","107.8","110.7","-1.50","243",106.6,113,66,"-.026","-0.92","109.0","109.9","+6.89",138.5,1.5,"2026-01-27","Hit"
"cd911950df9cf23219f70a63f27f9d10","Saint Joseph's","Loyola Chicago",64,85,104.7,117.7,65.8,"+.050","+0.05","108.9","108.8","-5.63","166",105.9,106.2,67.9,"+.096","+0.59","109.1","108.5","-4.78",142.5,3.5,"2026-01-27","Hit"
"e46545a2d3bce6d6055a7a771a5958d7","Alabama A&M","Prairie View A&M",60,80,101.2,114.7,72.7,"-.011","-2.51","108.1","110.6","+9.08","310",101.7,114.8,65.7,"+.053","-7.99","104.8","112.8","-0.99",151.5,-1.5,"2026-01-27","Loss"
"ddb4cebfb8074598ba1c434fa0f12450","Western Michigan","Northern Illinois",85,65,99.5,113.6,67.5,"-.018","-1.09","108.7","109.8","+2.66","249",108.7,115.6,67.8,"+.002","-1.27","108.9","110.2","-2.12",145.5,1.5,"2026-01-27","Hit"
"900f09f248b834276d92c4a6c2a8443c","Eastern Michigan","Central Michigan",100,65,102,117.2,65.8,"-.076","-0.62","110.2","110.8","+0.76","192",105.3,107.5,65.1,"-.041","-0.15","110.0","110.1","+2.21",138.5,3.5,"2026-01-27","Hit"
"6598e0d7acd8b330ff54b29b94be5fd0","Alabama St.","Texas Southern",96,64,102.4,118.4,69.2,"-.084","-2.21","107.5","109.8","+12.20","295",104.2,115.7,69.8,"-.037","-1.02","107.3","108.3","+7.70",157.5,1.5,"2026-01-27","Hit"
"5cf307a35dc4f8c05fa50d17aa3d0dfb","USC","Iowa",73,72,121.1,96.8,63.7,"-.053","+3.71","111.1","107.4","-7.72","50",116.8,101.1,69.5,"+.118","+8.43","113.8","105.4","-0.82",141.5,-9.5,"2026-01-28","Hit"
"f5102eec846d79a4e863b569e4c78b2c","Butler","St. John's",92,70,121.8,98.1,70.4,"-.032","+9.48","114.7","105.2","+6.79","55",118.3,104.4,69.9,"-.005","+6.83","112.8","106.0","-2.27",159.5,-12.5,"2026-01-28","Hit"
"0a1ebdf1ce204cf0790b9e141e4d68de","Texas","Auburn",88,82,124.8,103.1,67.5,"+.016","+13.81","117.4","103.6","+8.70","37",125.2,105.6,66.7,"-.113","+8.74","113.8","105.1","-4.51",154.5,-6.5,"2026-01-28","Hit"
"64a0788d3c29388f3e1d3b8b3ee13363","Wyoming","Utah St.",94,62,121.4,101.5,67.8,"+.044","+3.37","111.5","108.2","+2.06","109",113.8,107.4,66.6,"-.046","-0.01","109.1","109.1","-5.02",149.5,-14.5,"2026-01-28","Hit"
"d92492c01a5a2afee01110fd8cff7486","Tennessee","Georgia",85,86,120.9,101.2,73.9,"+.028","+3.13","111.5","108.4","-7.20","20",120.4,96,66.1,"-.055","+9.80","116.5","106.7","+0.27",159.5,1.5,"2026-01-28","Loss"
"cd97af3c1d1f3b80b1b99715114ca5ce","Stanford","Miami FL",79,70,118.7,99.7,68.8,"-.002","+0.31","109.7","109.4","-7.42","81",113.9,103.7,67.6,"+.114","+5.39","111.5","106.1","-1.28",147.5,-9.5,"2026-01-28","Hit"
"97f4b09a2a363204a9355f083f4e9918","Minnesota","Wisconsin",67,63,121.5,102.8,69.8,"+.033","+7.03","113.5","106.4","-1.79","83",112.8,103.1,63.3,"-.067","+6.84","114.3","107.4","-9.41",146.5,-9.5,"2026-01-28","Hit"
"76626e2cf025154a479af0787b5dd53d","Mississippi St.","LSU",66,80,121.5,104,66.7,"-.055","+4.81","111.9","107.1","-4.35","94",112.2,103.9,68.7,"+.014","+8.99","114.8","105.8","+2.19",153.5,-7.5,"2026-01-28","Loss"
"99c3503e88a21811fa53a7e30659c0c7","San Francisco","Santa Clara",88,73,119.6,102.7,69.4,"+.001","+2.88","110.3","107.4","+3.89","100",113.3,105.9,65,"-.051","+1.78","109.7","107.9","+0.28",150.5,-9.5,"2026-01-28","Hit"
"62b206785e1b7c59bd4593d51d939c00","Colorado St.","San Diego St.",73,50,115.7,99,68.5,"+.076","+6.24","112.1","105.9","+6.17","88",120.3,111.5,61.8,"-.022","+2.52","111.0","108.4","-3.84",139.5,-9.5,"2026-01-28","Hit"
"a28b0b92c63e1da09bfd6c05ce4dc541","Houston","TCU",70,79,113.8,98.1,67.7,"-.074","+4.71","112.1","107.4","-6.57","7",124.7,94,63.4,"+.027","+6.67","113.4","106.8","+0.73",138.5,7.5,"2026-01-28","Hit"
"e63d288513391f9865ebb105859c07e7","Xavier","Seton Hall",86,68,109.8,94.6,65.7,"-.039","+5.62","112.8","107.2","-4.51","85",114.5,105.5,70.4,"+.021","+7.61","112.4","104.8","+1.09",144.5,-5.5,"2026-01-28","Hit"
"23c8ef40676cb57205c47d3a6ac3ebac","North Texas","Tulsa",82,66,122.9,109.9,67.9,"+.047","-0.57","108.7","109.3","-2.72","145",102.5,100.9,64.4,"+.019","-0.93","109.0","110.0","-2.85",140.5,-9.5,"2026-01-28","Hit"
"fbf458df9a2d0909af78b4f85f2d08c5","Baylor","Cincinnati",67,57,107.7,94.7,68.4,"-.105","+7.12","112.6","105.5","-2.34","52",122.8,107.8,68.5,"-.049","+9.51","113.2","103.7","-0.67",145.5,-3.5,"2026-01-28","Hit"
"ce4a29b5ce2077620e56c214043dfb56","Florida","South Carolina",48,95,115.2,104.3,65.9,"-.072","+3.38","112.3","108.9","-8.79","11",123.9,95.1,69.7,"-.094","+12.71","117.3","104.5","+7.27",151.5,13.5,"2026-01-28","Hit"
"342342206081d786ecb158a58e4499fa","Davidson","George Mason",60,52,116.1,105.2,64.3,"+.054","-2.94","108.7","111.7","-7.14","132",110.3,106.9,64.1,"+.076","+1.06","110.1","109.0","-0.16",135.5,-7.5,"2026-01-28","Hit"
"40fef5ab0ee9e1afa5d1e17d175bec27","Illinois St.","Murray St.",65,70,119.3,110.5,72.2,"+.029","-1.42","108.5","110.0","-3.37","86",113,104,66.6,"-.046","-0.59","108.7","109.3","-2.30",159.5,-2.5,"2026-01-28","Loss"
"da3137224fa9b2a7dbbfe8e85dcccc3e","UCLA","Oregon",57,73,114,105.6,65.8,"-.064","+10.39","114.5","104.1","+1.90","41",119.6,101.8,64.8,"-.003","+6.04","113.2","107.2","-4.59",135.5,4.5,"2026-01-28","Hit"
"0a6595d35122e84c59aa5705e7b610d0","DePaul","Georgetown",70,61,114.3,106.5,65.9,"-.046","+6.80","112.6","105.8","-5.40","102",109.2,102,67.1,"+.020","+3.07","110.7","107.7","-10.41",139.5,-3.5,"2026-01-28","Hit"
"2baa66eb039c826474b9c1f6afc52ef0","California","Florida St.",63,61,114.2,107.3,71.8,"-.112","+8.57","113.5","104.9","-2.71","65",115,102.2,67,"+.063","+3.24","112.0","108.8","-6.45",156.5,-3.5,"2026-01-28","Hit"
"3b4c6a0830fa26574046533343750c36","Portland","Pacific",74,51,111.8,107,64.6,"+.027","-0.02","108.6","108.6","+0.30","191",106.7,109,69.2,"+.020","+2.25","111.2","109.0","-0.49",142.5,-7.5,"2026-01-28","Hit"
"57fa754428d9096eb89e8f6f0ffdd2a4","St. Bonaventure","Duquesne",79,87,111.2,107.4,70.6,"-.084","-0.28","109.5","109.8","-5.62","160",112.9,112.4,66.6,"+.032","-1.68","108.6","110.3","-4.01",152.5,-3.5,"2026-01-28","Loss"
"314b1f44baca242e136fbbf90f6e7a1d","Northern Iowa","Southern Illinois",65,50,106.4,103.8,69.5,"-.139","+3.76","111.2","107.4","+1.15","108",104.7,98.3,62,"-.047","+0.85","109.9","109.0","-0.99",130.5,1.5,"2026-01-28","Hit"
"d99676d4ad99e05b5e8d5e5df7558053","Delaware","New Mexico St.",64,73,112.5,110.2,66.7,"-.142","-0.39","108.6","109.0","+0.61","298",101.9,113.6,63,"-.045","-4.31","106.5","110.8","-6.32",137.5,-12.5,"2026-01-28","Loss"
"76562ec4a0190ca0f7ab6395fc750202","Charlotte","Temple",76,80,112.2,110.5,65.5,"+.021","-3.55","105.9","109.5","-2.79","181",112.2,113.7,63.5,"+.009","-1.94","108.3","110.3","-1.36",139.5,-4.5,"2026-01-28","Loss"
"0ac3ea5665eac0eaa21ca2c161e3088a","Seattle","Washington St.",70,58,114.2,112.6,67.2,"-.061","+4.43","111.0","106.6","+4.08","121",103.2,99.1,68,"+.027","+0.26","110.3","110.0","-5.39",143.5,-1.5,"2026-01-28","Hit"
"a4d667dde847964363a2914c125a7fcf","Old Dominion","Arkansas St.",71,75,112.2,111,72.3,"+.073","+0.02","109.1","109.1","+3.40","236",105,111.1,68.8,"-.095","+1.43","110.8","109.3","+7.93",159.5,-10.5,"2026-01-28","Loss"
"e5e58a80bf72335e556c1656e7bda5c8","Oregon St.","Loyola Marymount",69,72,104.7,103.7,67.4,"-.022","+0.73","110.2","109.4","-5.22","221",108,112.6,65.1,"+.074","+1.02","108.9","107.9","-2.09",141.5,-5.5,"2026-01-28","Loss"
"dca2ba0973bd2cb9827eba872c6e4545","Evansville","Drake",82,78,109.2,108.3,66.9,"-.058","+0.50","109.5","109.0","-4.07","285",99.2,109.9,68,"-.041","+3.69","111.1","107.4","+3.40",140.5,-9.5,"2026-01-28","Hit"
"9479759cc800877465815c66234d3d34","Belmont","Valparaiso",77,78,106.6,106.2,65.3,"-.018","+0.78","108.9","108.1","-5.76","63",118.2,105.3,68.9,"+.005","-1.56","106.7","108.3","-4.56",144.5,5.5,"2026-01-28","Loss"
"b3bdda3a0f79ca1592905bf44896adc5","Western Kentucky","Kennesaw St.",72,69,111.2,111.5,72.9,"-.011","-2.13","108.1","110.2","-5.44","176",107.4,108.3,69.5,"+.025","+0.28","110.1","109.9","+1.06",157.5,-4.5,"2026-01-28","Hit"
"c673816067cb140d2b48f905fd1ee89c","Central Arkansas","Queens",90,100,115.2,116.5,68.7,"+.050","-3.12","110.3","113.4","+6.67","195",107.1,110.1,67.4,"-.055","-3.49","109.2","112.7","+5.39",158.5,-6.5,"2026-01-28","Loss"
"7f536a6b50c869cf5a94b1da304f662d","Jacksonville St.","FIU",74,78,108.5,110.2,72,"-.039","+0.08","110.2","110.1","+0.14","206",106.2,109.8,63.6,"-.017","-3.34","107.5","110.8","-4.81",148.5,-4.5,"2026-01-28","Loss"
"ffe289b2f8b1fb6ee9f5ca932fa33e73","Sam Houston St.","Missouri St.",71,80,108.1,110.2,64.7,"+.052","-1.45","108.3","109.7","-1.78","110",113,106.7,70.3,"-.023","+2.29","111.6","109.3","+5.29",148.5,-1.5,"2026-01-28","Loss"
"fc7d0ddbd0fd2b42ff7fe30e4eab0af1","South Florida","Tulane",83,97,108.5,111,66.3,"+.100","-3.04","106.8","109.9","-4.77","69",116.3,104.1,72.1,"-.058","+4.03","112.4","108.4","+4.18",158.5,8.5,"2026-01-28","Hit"
"fce3b28594f3fc7dfb9f648a1aba0791","Holy Cross","Colgate",79,74,109.4,112.5,66.5,"+.068","-3.50","108.4","111.9","+4.48","331",101,116.6,64.6,"+.042","-3.38","107.6","111.0","+0.78",144.5,-11.5,"2026-01-28","Hit"
"e5b3b0501fa2a37d8bd7b8a3541d5261","IU Indy","Robert Morris",74,58,110,113.2,65.3,"+.051","-3.93","108.7","112.7","-2.61","320",106.2,120.5,74,"-.011","-3.15","109.0","112.2","-0.55",158.5,-8.5,"2026-01-28","Hit"
"046f46d7c740e142bc0393b505c2bbf7","La Salle","Fordham",64,58,104.8,108.3,64,"-.119","-6.04","106.2","112.2","-15.64","222",106.4,111.2,64.4,"-.004","+5.43","112.7","107.3","+2.87",133.5,-5.5,"2026-01-28","Hit"
"c2135b89745bb5a255be3c9ea4c2076c","Oakland","Purdue Fort Wayne",65,74,107.8,112.9,68,"+.162","-0.88","110.4","111.3","+8.00","130",118.4,115,70.5,"+.054","+3.53","112.0","108.5","+17.02",164.5,1.5,"2026-01-28","Hit"
"fd0f96def6357c6c5229c7fdd7584ef8","South Dakota St.","Nebraska Omaha",80,71,105.6,113.8,66.7,"-.013","-2.37","109.0","111.4","+3.50","186",109.6,111.4,67.6,"-.117","-1.33","108.4","109.7","+1.30",148.5,1.5,"2026-01-28","Hit"
"a9c3072dd80a4d8b4c05c68e8afa0cf8","Austin Peay","Eastern Kentucky",82,90,109.4,117.7,66.8,"-.066","-1.36","110.1","111.5","+3.86","169",105.1,105.5,68.8,"+.024","-4.34","108.7","113.0","+2.08",152.5,2.5,"2026-01-28","Hit"
"7355d72f48da8a20d3407379ae93811b","Rice","East Carolina",77,83,100.2,108.9,68.8,"-.027","+0.27","109.9","109.7","-2.55","240",107.8,114.2,64.9,"-.022","-0.58","109.5","110.0","-2.49",140.5,-2.5,"2026-01-28","Loss"
"0deb14cd0f58da7362b14ea1aa835752","San Diego","Pepperdine",88,92,101.1,110.4,66.7,"-.037","+3.27","111.4","108.1","-2.95","199",108.6,111.8,69.8,"+.003","+2.63","110.7","108.1","-2.24",149.5,2.5,"2026-01-28","Hit"
"c23c391402e5685b92a3fa2a6ae03373","Louisiana Tech","UTEP",59,69,102.5,112.1,64.6,"+.030","+1.02","108.3","107.3","+4.07","241",101.4,107.8,62.8,"+.047","-4.95","106.4","111.3","-7.18",128.5,-2.5,"2026-01-28","Loss"
"267a67b62de05f5bb5e85551cd182e8d","Marshall","Texas St.",72,68,101.1,111.7,66.6,"+.063","-6.62","105.2","111.8","-8.47","168",110.7,111.1,69.6,"+.033","-4.23","107.4","111.6","-1.23",148.5,3.5,"2026-01-28","Hit"
"31949e82844fe06e75bbb7d85b061b06","Navy","Boston University",50,58,109.9,120.6,63.8,"-.035","-6.38","105.7","112.1","-3.56","184",105.1,106.8,65.7,"+.045","-11.66","103.2","114.8","-8.73",137.5,2.5,"2026-01-28","Hit"
"b70e894b7416c1daec748c94dc5d9120","West Georgia","Bellarmine",77,74,113.1,123.8,65.1,"-.026","-1.47","110.6","112.1","+3.69","328",101.9,117.4,68.5,"+.150","-5.09","108.6","113.7","+0.32",153.5,-4.5,"2026-01-28","Hit"
"614ee2036b89699c80d27df1a9b6efbd","Bucknell","Lafayette",81,79,101,115.1,67.2,"-.107","-5.01","107.0","112.0","-1.55","326",98.1,113.5,66.4,"-.002","-4.04","108.3","112.3","+1.62",136.5,-4.5,"2026-01-28","Hit"
"9c21be2240e667e58180e32d8250df53","American","Loyola MD",77,68,103.7,119.3,68,"-.059","-8.93","104.1","113.0","-6.33","208",106.5,110.2,67.4,"+.101","-4.87","107.2","112.1","+0.67",148.5,3.5,"2026-01-28","Hit"
"64940933f2ce022f2e1e1ff8c7691f48","Lehigh","Army",67,64,104.1,121.3,66.1,"+.057","-5.55","107.0","112.5","-2.88","302",101.6,113.8,67.2,"+.042","-6.73","105.5","112.2","-1.20",147.5,2.5,"2026-01-28","Hit"
"42dedc2db6ec98c2a563b52766e6f3c3","UAB","UTSA",73,83,97.7,116.6,68.5,"+.014","+0.94","109.8","108.8","+0.68","119",111.6,107.5,69.2,"-.018","-0.26","109.5","109.8","-4.50",154.5,13.5,"2026-01-28","Loss"
"a1f6a8dbc23b31f288e50c71fb15f6ce","Denver","Kansas City",32,32,97.3,116.9,69.2,"-.007","+0.34","111.0","110.7","+4.87","268",115.3,124.3,68.3,"+.015","+1.03","110.9","109.8","+6.65",163.5,3.5,"2026-01-28","Loss"
"adab02adbc983d5f7a5ef09083f6ccd9","Washington","Illinois",75,66,130.4,99.3,66.1,"+.017","+9.23","115.0","105.7","+3.26","48",117.8,101.7,67.2,"-.078","+9.97","115.6","105.6","-1.06",152.5,-12.5,"2026-01-29","Hit"
"0b927b8d1b2eb3bcc6c023e0879c8ff9","Colorado","Iowa St.",97,67,124.8,93.8,67.4,"+.032","+6.01","112.0","106.0","-2.72","80",118.7,108.5,68.9,"-.050","+4.86","112.5","107.7","-1.33",152.5,-17.5,"2026-01-29","Hit"
"fedb8ea42c652bee2ab8c8cc99631ce6","Penn St.","Northwestern",17,15,118.2,105.2,65.7,"-.151","+8.98","114.3","105.3","-2.37","125",115.5,111.7,67.1,"-.030","+5.82","113.7","107.9","-8.32",148.5,-7.5,"2026-01-29","Hit"
"284bcffa509ea56e5e69973055adf48c","Presbyterian","High Point",84,81,119.5,111.4,69.3,"+.006","-8.45","104.2","112.6","-8.97","277",103.9,113.5,63.7,"-.000","-4.91","106.8","111.7","-1.81",149.5,-17.5,"2026-01-29","Hit"
"ce239695759240a4a850beadcf2b6c91","Florida Atlantic","Memphis",92,65,106.8,100.1,69,"-.027","+6.66","113.6","106.9","+9.26","97",113.6,105.7,70.4,"-.002","+2.87","111.0","108.2","+3.74",151.5,-1.5,"2026-01-29","Hit"
"0796b008475035058ad7495ed30c5aa0","UC Santa Barbara","UC San Diego",48,62,113.6,107.2,67.2,"-.040","-1.65","107.6","109.3","-0.34","137",116.6,114.2,63.7,"-.009","-3.66","106.6","110.3","-1.81",144.5,-3.5,"2026-01-29","Loss"
"3324a9b92bda9f3ffcf107fe86022894","James Madison","Troy",64,73,114.5,109.1,66,"+.008","-1.35","108.3","109.7","+3.57","229",110.7,116.1,65.4,"+.015","-3.04","108.0","111.0","-2.53",149.5,-9.5,"2026-01-29","Loss"
"0414608c1154bbd8cb5de963309017d8","Charleston","Hofstra",64,66,115.4,110.6,65.1,"-.071","+1.08","109.7","108.7","+3.52","171",109.2,109.9,68,"+.079","-1.62","109.6","111.3","-0.04",147.5,-3.5,"2026-01-29","Loss"
"ff0ede384cb979aeb3e8b7f86d8258c1","Hawaii","UC Irvine",87,76,104.2,99.7,67.8,"+.008","-1.05","108.4","109.4","-0.38","91",107,98.7,69.1,"-.007","-7.02","105.8","112.8","-12.22",140.5,-1.5,"2026-01-29","Hit"
"1a49f29c4508cd0e72591c92471607ce","Western Carolina","East Tennessee St.",88,90,110.9,107.3,66,"-.022","-7.93","106.3","114.2","-4.73","260",107.8,116.4,67.9,"-.034","+0.93","110.3","109.3","+9.69",147.5,-10.5,"2026-01-29","Loss"
"9ffef76b1ee2fe110f661f6a9a946638","North Dakota","St. Thomas",80,81,112.3,108.8,68.4,"+.066","-4.21","109.0","113.2","-2.13","280",106.8,116.9,67.5,"+.077","-4.39","107.5","111.9","-0.08",153.5,-12.5,"2026-01-29","Loss"
"97c49c7415763df886d92971ef320a61","UNC Greensboro","Mercer",95,77,114,111.9,69.7,"-.012","-0.30","110.7","111.0","+6.02","308",107.6,120.3,67,"+.046","-3.63","108.8","112.4","-0.24",159.5,-11.5,"2026-01-29","Hit"
"817b25284276ee756269a9a0a23cd511","Southern Utah","UT Arlington",80,61,104.2,102.3,65.2,"+.100","-0.09","108.7","108.7","+2.05","278",103.5,113.3,70.3,"-.043","+2.05","110.3","108.3","+3.86",143.5,-8.5,"2026-01-29","Hit"
"c3fd7b7b938f2201085364be969d9a1f","Liberty","Middle Tennessee",65,81,108.4,107,64.8,"+.039","+4.36","111.5","107.1","+12.63","92",117.8,109.6,63.5,"+.162","-1.44","108.0","109.4","+1.11",135.5,1.5,"2026-01-29","Hit"
"76d586f4e0e139628242e1892b8a8307","Montana","Portland St.",60,64,104.5,103.6,68.3,"+.050","-1.97","109.9","111.9","+1.14","151",109.8,108.6,69.3,"+.016","-0.65","110.8","111.5","+4.51",143.5,-3.5,"2026-01-29","Loss"
"fde64d143b014b41bbd8d14ce7cd263f","Samford","Furman",78,73,108.4,108.6,66.5,"+.023","-4.34","109.3","113.6","+0.18","249",109,116.1,66.1,"+.016","-3.55","109.4","112.9","+0.13",148.5,-6.5,"2026-01-29","Hit"
"1c467fa13c290eff0931ae7a842b7acd","UNC Wilmington","Towson",73,82,104.3,104.7,63.3,"+.044","+0.61","111.0","110.4","+4.04","117",112.1,107.3,64.6,"+.044","-6.93","104.7","111.6","-9.24",133.5,-1.5,"2026-01-29","Loss"
"061547b7425cc722126fe9c79448b981","William & Mary","Elon",79,76,115,115.9,67.4,"-.009","-2.40","109.1","111.5","-1.36","130",110.3,106.8,73.6,"+.061","-0.77","108.6","109.4","+1.47",167.5,2.5,"2026-01-29","Hit"
"5994589dffe82b0393c8d9c6ccb18fc4","Utah Valley","Tarleton St.",55,83,109,110.5,71,"-.037","+1.06","108.1","107.1","+2.86","106",111.7,105.1,69.9,"+.026","-0.15","108.4","108.6","+2.51",157.5,4.5,"2026-01-29","Hit"
"5b3b338a701b7c4af527bba2d0baa6ff","Idaho","Northern Colorado",91,83,111.5,113.6,68.2,"-.052","-1.74","109.4","111.1","-1.29","190",109.3,111.7,66.7,"+.029","-1.68","109.3","110.9","+0.70",154.5,-2.5,"2026-01-29","Hit"
"04c8a5d06b817975ff009480db036ca5","North Carolina A&T","Monmouth",83,81,104.2,107.4,66.2,"-.042","-2.78","107.4","110.2","-3.23","296",104.4,115.7,69.3,"+.019","-5.47","106.9","112.4","-9.11",143.5,-9.5,"2026-01-29","Hit"
"2667518e97dc86b123c8b41e25d6d6e8","Stony Brook","Campbell",69,81,110.3,113.9,70.4,"+.011","+3.55","111.6","108.0","+7.17","241",106.1,112.2,64.9,"+.094","-2.85","107.0","109.9","-3.54",151.5,-5.5,"2026-01-29","Loss"
"418650a9aacb4098d5c4dcac9ad6c3fa","Coastal Carolina","South Alabama",53,48,106,109.6,65,"+.098","-6.40","105.8","112.2","-5.23","234",103.9,109.5,67.7,"+.119","-3.99","106.5","110.5","-0.78",139.5,-5.5,"2026-01-29","Hit"
"75f1281a253974bafe8e9e2cbbd7453a","UMBC","Vermont",64,55,110.3,114.1,64.5,"+.023","-5.33","105.8","111.2","-1.07","254",107.1,114.7,65.9,"+.039","-12.64","102.2","114.9","-6.79",140.5,-7.5,"2026-01-29","Hit"
"a1af0cf24c90491fbd276174c7f636e8","UC Davis","CSUN",94,78,107.8,111.7,73.6,"+.061","+0.03","108.8","108.7","+0.29","167",109.9,110.2,69.1,"+.050","-1.22","108.1","109.3","+1.35",163.5,-1.5,"2026-01-29","Hit"
"8dcf9be7a8ca3dc9f79d6b0c3d935059","Hampton","Drexel",58,51,104.8,108.8,63.5,"-.076","-5.20","105.4","110.6","-8.56","243",104.3,111,64.7,"-.024","-5.06","105.4","110.5","-6.39",129.5,-3.5,"2026-01-29","Hit"
"7a484bd085385309084a058b252c0169","Gardner Webb","UNC Asheville",69,50,106,110.5,65.8,"-.082","-1.46","109.9","111.4","+0.19","363",96.7,123.2,70.2,"+.003","+1.49","110.7","109.2","+5.85",149.5,-17.5,"2026-01-29","Hit"
"46d4b5bad553a8276ba02ceda28b209d","Le Moyne","LIU",83,61,106.9,111.5,68,"+.127","-4.51","106.9","111.4","+2.12","261",106.3,114.9,68.3,"+.019","-7.89","105.1","113.0","-1.76",147.5,-8.5,"2026-01-29","Hit"
"bef82c43b2158db785b6e76515ffbe68","Radford","Charleston Southern",75,84,105.4,110.7,71.4,"-.107","-5.52","106.9","112.4","-4.90","257",108.1,116,70.9,"-.036","-7.02","106.7","113.7","-6.13",163.5,-2.5,"2026-01-29","Loss"
"de7105d4262539d58de6fe8fdcd93c6e","North Alabama","Florida Gulf Coast",72,64,110.7,116,67.6,"-.087","-1.66","109.4","111.0","+0.41","334",102.9,119,65.8,"+.050","-2.94","109.5","112.4","+3.59",146.5,-8.5,"2026-01-29","Hit"
"9353a4d3a64149608a6a38db1e3100fc","Little Rock","Tennessee St.",70,63,107.6,113.6,70.9,"+.122","-4.54","105.4","110.0","+5.60","291",104.6,115.6,66,"+.052","-3.66","106.0","109.6","+3.76",153.5,-5.5,"2026-01-29","Hit"
"e01f8350c605b78051d0ae1c1148127e","Appalachian St.","Southern Miss",63,70,104.1,111.2,68,"+.028","-3.85","107.1","110.9","+2.76","216",105.1,109.5,62.4,"+.039","-5.39","106.8","112.2","-1.26",134.5,1.5,"2026-01-29","Hit"
"60a0134bf056e396a3e44894b983d1d4","Utah Tech","Abilene Christian",70,76,102.9,110.2,65.5,"+.110","+0.22","108.6","108.3","+0.94","215",108.2,112.2,66.3,"+.039","+0.81","108.9","108.1","+3.34",142.5,-3.5,"2026-01-29","Loss"
"cd830e84d813c56211fed50607c8c4d5","Wofford","Chattanooga",55,81,105.7,114.6,66.3,"-.021","-4.60","109.1","113.7","-3.24","217",110.4,114.9,67.8,"+.149","-4.93","109.9","114.9","-3.30",150.5,-1.5,"2026-01-29","Loss"
"258867d7bb2584334fd586ecf045680c","Long Beach St.","UC Riverside",71,61,104.3,113.8,67.5,"-.004","+2.46","109.8","107.3","+5.86","236",107,112.8,67.5,"-.003","+0.73","109.4","108.7","+4.42",144.5,2.5,"2026-01-29","Hit"
"c8fe68f43e76fc4a1781eeba04fa2bfd","Montana St.","Sacramento St.",83,80,104.2,114.6,71.6,"-.004","+3.07","112.0","108.9","+7.58","148",110.6,109.2,65.8,"-.044","-0.35","111.1","111.5","+4.17",154.5,5.5,"2026-01-29","Hit"
"704f779cd8bfb5ab1ea51731fa5504b4","Oral Roberts","South Dakota",77,69,107.7,118.5,70.7,"+.055","-4.36","107.7","112.0","-4.57","330",101.2,116.6,66.9,"-.018","+1.50","112.0","110.5","+5.01",154.5,-3.5,"2026-01-29","Hit"
"f5957709e40599fab273a75c5485deda","Lipscomb","Jacksonville",70,65,102.3,113.3,63.2,"-.011","-0.30","110.3","110.6","+5.06","150",109,107.8,70.1,"+.087","-3.71","108.5","112.2","+5.01",142.5,4.5,"2026-01-29","Hit"
"80dbeef07cc6d7fc106e73a4b0c0006b","Longwood","USC Upstate",65,60,100.5,112.3,67.7,"+.016","-3.80","107.6","111.4","-2.57","274",104.9,114.2,67.9,"+.014","-7.99","105.0","113.0","-9.24",144.5,-3.5,"2026-01-29","Hit"
"ee0b15b654d60dbaeffcb1fabc223b7d","SIUE","Morehead St.",67,65,106.1,118.1,65.3,"+.132","-4.14","106.1","110.2","+7.45","258",100.5,108.7,63.7,"+.035","-10.25","103.5","113.7","-7.27",131.5,-1.5,"2026-01-29","Hit"
"5cce34c5cd0008cf4ec30210f3927b3b","New Haven","Mercyhurst",70,51,99.2,111.2,63.2,"+.005","-7.53","105.4","112.9","+0.16","338",96.5,113.7,62.5,"+.056","-5.18","105.0","110.2","+3.21",122.5,-5.5,"2026-01-29","Hit"
"fde3734683b44df7ca97b32b0c1a0d63","Cal Poly","Cal St. Bakersfield",79,104,102,114.5,69.8,"+.063","+0.18","108.4","108.2","-0.90","269",105.3,114.4,73.6,"+.026","+1.85","110.6","108.7","+5.16",161.5,1.5,"2026-01-29","Hit"
"0d4025906e8fd66f7fcdcb930155e554","NJIT","Albany",68,77,103.5,116,65.7,"-.088","-1.34","108.7","110.0","+5.08","336",97.7,114.3,68.2,"+.089","-5.59","105.7","111.3","+0.11",140.5,-4.5,"2026-01-29","Loss"
"f6073de6b6f77ef1c11dba02a0295ae9","Tennessee Martin","Eastern Illinois",68,76,96.1,109.1,65.2,"+.052","-2.74","107.3","110.0","+11.89","211",103.7,107.7,64.4,"+.122","-7.03","104.0","111.1","-1.94",128.5,3.5,"2026-01-29","Hit"
"6280d9998ef7268d3e544e92fcddfe37","UMass Lowell","New Hampshire",66,61,98.8,112.7,66.8,"+.003","-2.47","107.7","110.2","+6.11","319",102.3,116.6,69.2,"-.013","-3.87","106.7","110.5","+2.46",142.5,-2.5,"2026-01-29","Hit"
"b4d33b25d4db379c7b2c3fdc7db83fad","Eastern Washington","Northern Arizona",92,86,104.3,118.2,64,"+.015","-1.12","109.2","110.3","-0.24","233",109.1,114.7,68,"-.106","+2.55","110.6","108.1","+6.41",142.5,1.5,"2026-01-29","Hit"
"3411b931b78b42a35161caf64ba07965","Central Connecticut","Wagner",55,62,104.9,119.7,65.2,"-.103","-5.99","104.9","110.9","+4.63","293",106.4,117.6,65,"+.051","-7.22","104.0","111.2","-1.39",139.5,1.5,"2026-01-29","Hit"
"2fa744b5a2d5928d44b80edb9be5e089","Lindenwood","Southern Indiana",60,73,96.1,110.9,68.4,"-.164","-7.38","104.9","112.3","-1.63","242",103.2,109.7,72.5,"+.027","-6.60","104.6","111.2","+4.09",149.5,3.5,"2026-01-29","Hit"
"4f7c91af4690319f3f986fc4b4efe64e","Georgia St.","Louisiana",82,72,97.3,112.9,62.2,"-.003","-4.08","106.3","110.3","-0.85","270",100.3,109.5,67.9,"+.018","-1.69","108.5","110.2","+1.84",128.5,2.5,"2026-01-29","Hit"
"fa7a2017cb5aa4d53a1b2768e8303941","Stetson","North Florida",77,84,109.9,127.3,70.7,"-.009","+0.30","110.0","109.7","+7.56","320",102.5,116.9,67.4,"+.016","-0.23","109.2","109.4","+3.16",166.5,-1.5,"2026-01-29","Loss"
"f6d815d6e6100ba8ae388ba3fc1ac058","Fairleigh Dickinson","Stonehill",58,57,93.1,110.5,66.2,"+.008","-7.51","104.9","112.4","-1.36","342",101.5,119,65.7,"-.009","-4.94","106.3","111.3","+4.90",130.5,-1.5,"2026-01-29","Hit"
"756611c8d66452624c35c98e4f28237d","VMI","The Citadel",80,56,100.4,121.4,64.2,"+.004","-3.34","108.7","112.1","-2.02","354",100.8,121.9,66.3,"-.007","-4.06","108.7","112.7","-0.92",143.5,-3.5,"2026-01-29","Hit"
"6ccb534e1e75967707991ff8a36ee554","Southeast Missouri","Western Illinois",74,78,94.8,117.4,65.9,"-.088","-5.09","105.6","110.7","-1.14","251",103.3,110.5,69.7,"-.008","-5.86","105.4","111.2","+4.45",141.5,9.5,"2026-01-29","Loss"
"0ff8ab01e5c2bf94cded8e4000dbfd0d","Bryant","Binghamton",63,60,96.1,122.1,65.6,"-.061","-9.27","103.8","113.1","-7.52","349",96.7,116.1,63.7,"+.032","-2.27","106.3","108.6","+3.54",130.5,1.5,"2026-01-29","Hit"
"49873c3d111269b4b9eb0a084d9b8fb4","Michigan","Michigan St.",71,83,120.4,89.6,65.5,"-.006","+8.22","115.3","107.1","+2.60","2",125.4,89.8,72.5,"+.042","+11.93","116.2","104.3","+11.14",146.5,1.5,"2026-01-30","Hit"
"b2911905034891b9e0f6464b2fb95e32","Dayton","Saint Louis",102,71,120,98,71.2,"+.038","-1.59","107.8","109.4","-5.73","86",110.2,100.7,67.9,"-.039","-0.53","109.4","109.9","+0.04",152.5,-11.5,"2026-01-30","Hit"
"06197afcc7da4abd62982e2acb45d1b7","Providence","Villanova",87,73,121.5,100.3,63.1,"+.007","+8.60","114.6","106.0","+2.53","72",122.6,110.5,72.2,"-.155","+9.01","113.7","104.6","-0.14",156.5,-8.5,"2026-01-30","Hit"
"cb894b751f114b101a4d12ebede30398","Loyola Chicago","VCU",89,75,121.2,104.9,68.6,"-.061","+2.78","110.6","107.9","-1.49","319",104.3,118.4,65.7,"+.052","-0.19","108.6","108.8","-5.49",152.5,-19.5,"2026-01-30","Hit"
"c1505aaac6d0e5f83caea3d58dbce3ed","Kent St.","Akron",69,52,123.1,109,70.8,"-.033","-3.36","108.8","112.2","-2.47","141",112.9,110.8,71.1,"+.148","-3.34","109.6","112.9","-3.64",171.5,-11.5,"2026-01-30","Hit"
"397620cf1e14cc87ac0a7abc0c34ed45","UNLV","Nevada",89,76,117.7,104.8,65.3,"+.034","+4.95","111.5","106.6","+2.75","132",111.6,108.7,70.1,"-.007","+3.66","110.6","107.0","+0.44",149.5,-7.5,"2026-01-30","Hit"
"4321294482f8b3c18f1e71b1125267dd","Dartmouth","Yale",83,68,122.5,110.2,65.4,"+.089","+0.22","110.2","110.0","+1.69","238",107,113.1,69.7,"-.002","-3.49","107.8","111.3","-3.70",156.5,-15.5,"2026-01-30","Hit"
"654f9d0cdacbba01317847e4c4aa6641","Boise St.","Grand Canyon",86,69,109,97.8,67.6,"-.003","+3.36","111.5","108.2","-4.82","53",115.2,101,66.5,"+.003","+7.92","113.3","105.4","+7.60",139.5,-1.5,"2026-01-30","Hit"
"af126efe55d463930a7f55c2d6f16dab","Penn","Columbia",72,67,110.1,110.3,67.4,"+.076","-4.04","108.5","112.5","-6.68","188",109,111.4,69.1,"+.008","-0.48","109.0","109.4","-0.30",152.5,-5.5,"2026-01-30","Hit"
"b8291d053c79a390fcbb9ad3fdddfd4e","Rice","Charlotte",80,70,113.5,114.2,62.9,"+.025","-1.37","108.8","110.1","-1.03","236",108.4,114.4,65.2,"+.001","-1.01","108.9","110.0","-2.88",142.5,-6.5,"2026-01-30","Hit"
"13702695bd1dfb71d38102ce8626f736","Princeton","Cornell",87,64,118.7,120.2,73.1,"-.036","-0.06","109.3","109.4","+0.17","227",104.4,109.5,64.6,"-.066","-1.30","109.2","110.5","-0.88",162.5,-5.5,"2026-01-30","Hit"
"76ba1b78e52027a0342f2b3d70302fa0","IU Indy","Youngstown St.",85,76,106.2,110.8,66.9,"-.127","-4.40","109.2","113.6","-2.64","323",105.8,120.6,73.4,"-.007","-2.84","109.2","112.0","-0.60",155.5,-10.5,"2026-01-30","Hit"
"c3110538602dbb08312f1f41c3c08296","Cleveland St.","Green Bay",82,89,111.4,116.7,62.9,"+.104","-0.34","111.4","111.7","+6.10","320",107.9,122.5,68.9,"+.019","-1.26","110.6","111.9","+3.97",154.5,-7.5,"2026-01-30","Loss"
"2fbd7a3ca2562dc92245a2d050dded29","Fairfield","Iona",70,71,103.7,109.2,69.8,"+.117","-7.04","105.0","112.0","-3.45","267",107.8,116.8,67.2,"+.050","-10.07","102.4","112.4","-7.43",150.5,-2.5,"2026-01-30","Loss"
"fc9be04da38d8d529b91e01a3e17d25a","Wright St.","Milwaukee",69,76,107.3,114.1,67.8,"+.031","+0.37","111.6","111.2","+7.26","143",112.5,110.5,65.8,"-.039","-2.88","110.2","113.0","+1.36",150.5,2.5,"2026-01-30","Hit"
"ea3458dd218fe0bbf7468ad9d6bb686b","Harvard","Brown",59,69,98.5,107.2,65.9,"-.066","-4.48","107.7","112.1","-6.73","182",108.9,110.7,63.1,"-.033","-4.26","107.5","111.7","-3.33",132.5,2.5,"2026-01-30","Hit"
"0ab6bfdc10ca8866a177023ac4f76dda","Northern Kentucky","Detroit Mercy",90,77,106.1,116.3,69.2,"+.019","-2.43","109.3","111.7","+6.82","171",110.2,110.8,69.9,"-.005","-5.12","109.5","114.6","-3.88",161.5,5.5,"2026-01-30","Hit"
"0504f3462a6531cc80dfd3e18be985e6","Siena","Niagara",79,82,98,117.8,61.9,"-.043","-6.80","105.6","112.4","-5.41","174",107.8,108.6,64.3,"-.016","-9.36","103.4","112.8","-6.07",128.5,9.5,"2026-01-30","Loss"
"dd6f6c88c0532671317b7438177153f4","Georgia Southern","Louisiana Monroe",76,79,97.2,120.4,70.8,"-.097","-4.15","105.9","110.1","+1.41","246",109.3,116.2,70.5,"+.064","-6.42","105.1","111.6","-7.43",161.5,11.5,"2026-01-30","Loss"
"6434170ecfc3570704ffcf6195c8cc7b","Sacred Heart","Quinnipiac",91,98,106.8,108.4,69.7,"+.070","-5.00","105.5","110.5","+0.87","289",107.3,118.1,68.5,"-.019","-6.84","104.6","111.5","-1.53",156.5,-8.5,"2026-01-30","Loss"
"89fbace3fa8bd23fa3d46a0167b95fe9","Mount St. Mary's","Saint Peter's",66,58,103,109,65.8,"+.079","-6.90","104.2","111.1","-0.69","299",99.9,111.4,68,"+.049","-4.87","104.8","109.7","-0.01",136.5,-7.5,"2026-01-30","Hit"
"a0debd190c843124caccec3a6b2f6650","Rider","Manhattan",95,90,104.3,120.5,68.1,"+.064","-5.57","105.1","110.7","-2.91","354",95.7,116.9,64.9,"-.061","-1.49","108.4","109.9","+10.30",145.5,-6.5,"2026-01-30","Hit"
"44d17431122aa04868b69ea97d568cce","Marist","Canisius",86,88,95.4,113.6,63.7,"+.064","-5.98","106.2","112.2","-2.32","161",100.7,100.6,66.3,"-.028","-7.70","104.8","112.5","-6.47",128.5,11.5,"2026-01-30","Loss"
"0b1de3c704be14bab4fb8b6f1c563b6d","Cincinnati","Houston",76,54,124.8,93.8,63.8,"+.034","+7.55","113.5","106.0","+0.64","57",106.6,93.3,68.3,"-.090","+7.09","113.0","105.9","-2.70",134.5,-14.5,"2026-01-31","Hit"
"968888f87f97fdc73ed72ed1773d919d","Saint Mary's","Gonzaga",73,65,123.6,94.4,69.7,"+.103","+3.91","111.4","107.5","+6.86","37",119.6,100.3,65.1,"+.039","+2.18","109.0","106.8","+2.90",146.5,-9.5,"2026-01-31","Hit"
"59909452d555d1e3c94d068606f61fbe","Mississippi","Vanderbilt",71,68,125,96.5,70.4,"+.044","+9.75","115.2","105.5","+1.63","73",114.7,102.7,65.1,"-.049","+7.22","113.0","105.8","-1.61",150.5,-12.5,"2026-01-31","Hit"
"fd57cc437b02476702b2dfe9ef3ea4a3","BYU","Kansas",90,82,121.6,95,66.8,"-.005","+13.04","115.9","102.8","+10.55","15",125,98.5,70,"+.014","+7.95","113.4","105.5","+3.52",158.5,-3.5,"2026-01-31","Hit"
"7f8a7ad4d83a82364fbe03f552bdc677","SMU","Louisville",88,74,125,100.2,69.7,"-.026","+9.14","112.6","103.5","+1.55","36",123.7,104.2,68.4,"+.034","+7.88","113.8","105.9","+1.84",161.5,-8.5,"2026-01-31","Hit"
"6c4e9c5c600f2d2b48d167e9cb4643e7","Auburn","Tennessee",77,69,121.1,96.6,65.3,"-.033","+10.94","117.0","106.0","+0.13","26",125.5,103.7,67.2,"+.030","+13.83","117.5","103.7","+8.59",148.5,-5.5,"2026-01-31","Hit"
"35758e93f86bcfdeb7830d424b7414b4","Kentucky","Arkansas",77,85,126.1,102,71.1,"+.026","+11.31","116.2","104.9","+3.93","33",119.4,99.2,67.6,"+.000","+10.16","115.5","105.3","+1.48",160.5,-6.5,"2026-01-31","Loss"
"0e29240cc2df6ba87f5f234d420499f0","Pittsburgh","Clemson",63,52,117.5,96.5,64.5,"+.022","+6.62","112.5","105.9","+1.35","101",114.6,107.3,64.1,"-.093","+6.05","112.1","106.1","+0.21",135.5,-11.5,"2026-01-31","Hit"
"e3f0a630ed69854c2f9d3c87916bc636","San Diego St.","Utah St.",71,66,121.8,100.9,67.7,"+.037","+3.15","111.4","108.3","+2.08","43",115.4,97.7,68.3,"+.069","+5.90","112.2","106.3","+5.98",145.5,-5.5,"2026-01-31","Hit"
"3a5403a984d823554d0e43eab90a409e","Texas A&M","Georgia",77,92,121.7,102,73.2,"-.001","+4.22","111.9","107.6","-7.03","32",120.5,100.3,71.1,"+.023","+2.69","111.9","109.2","-6.14",173.5,-3.5,"2026-01-31","Loss"
"caabd55ea6719f6e7b8ae2b4a9f97b2b","California","Miami FL",85,86,118.9,99.7,68.6,"+.007","+0.71","109.6","108.9","-7.42","65",113.8,101,66.7,"+.034","+4.08","112.3","108.2","-6.20",148.5,-10.5,"2026-01-31","Loss"
"c22a26f211d635ce01a3806fa9a9393b","Indiana","UCLA",97,98,119.7,100.8,64.7,"-.002","+6.54","113.4","106.8","-4.19","31",122,101.7,66.4,"-.038","+6.77","112.5","105.8","-4.51",142.5,-3.5,"2026-01-31","Loss"
"f8e96b0acae7e66e13d90ba2d7ac5e45","Ohio St.","Wisconsin",92,82,120.8,102.3,69.6,"+.047","+6.92","113.2","106.2","-2.04","40",122,103.3,66.7,"-.029","+6.75","113.1","106.4","-4.27",157.5,-3.5,"2026-01-31","Hit"
"b2a019e9ffa0889ae0f983b6a79417e2","Texas Tech","UCF",88,80,120.7,104.3,68.8,"+.122","+6.95","113.4","106.5","-1.61","18",125.6,100.4,67.4,"+.062","+11.83","117.5","105.6","+7.78",159.5,5.5,"2026-01-31","Hit"
"410643edc7b823e9cfa1272b3ee6cb4b","Rutgers","USC",78,75,116.9,100.5,69.5,"+.085","+9.58","114.3","104.7","-0.67","152",110,109.3,65.2,"+.049","+8.39","112.9","104.5","-7.37",146.5,-13.5,"2026-01-31","Hit"
"4b5fdddc139a9b7a5f2278e3c8158bc8","Marquette","Seton Hall",69,64,110.2,94.3,65.9,"-.038","+5.49","112.6","107.1","-4.44","109",111.6,106,69.2,"-.092","+8.57","114.1","105.5","+0.94",142.5,-7.5,"2026-01-31","Hit"
"8f4645688631215f540ef2c7cc6aa675","Washington","Northwestern",62,76,118.8,105,65.8,"-.143","+8.33","114.0","105.7","-2.09","47",117.7,101.4,66.9,"-.088","+11.27","116.3","105.0","-1.12",146.5,-1.5,"2026-01-31","Loss"
"429ad40832a5164b306705f7d976fc23","Duke","Virginia Tech",58,72,115.3,101.9,68.1,"+.040","+5.86","113.3","107.5","-0.36","3",126.7,91.3,66.7,"+.065","+10.75","115.3","104.6","+6.79",148.5,11.5,"2026-01-31","Hit"
"dd2355b008260f1d45f8029313ec28cb","Baylor","West Virginia",53,63,113.1,100,62.3,"+.020","+2.93","110.2","107.2","-9.04","53",121.6,107.1,68.3,"-.064","+10.37","113.1","102.7","-0.56",139.5,-2.5,"2026-01-31","Loss"
"d8a2054abe23f819378f70df55ce05f0","Georgetown","Butler",64,77,118.5,105.4,69.2,"+.002","+7.88","113.3","105.4","-2.45","92",114.6,106.4,65.5,"-.036","+6.34","112.1","105.7","-5.53",151.5,-5.5,"2026-01-31","Loss"
"4a1388c393acd32f77edbc6ab8504074","Mississippi St.","Missouri",84,79,117.9,104.9,66.2,"+.055","+4.57","112.7","108.1","-8.85","82",112.6,102.7,68.6,"+.021","+9.84","115.2","105.3","+2.44",148.5,-7.5,"2026-01-31","Hit"
"75fd30918a78d76cf6e1948205940352","Texas","Oklahoma",69,79,120.2,107.2,66.9,"-.123","+7.26","113.1","105.8","-5.96","35",125.9,106.2,66.5,"-.129","+10.28","114.8","104.5","-4.62",157.5,-1.5,"2026-01-31","Loss"
"698790d6ceb2c748a47f97f8785045c0","Connecticut","Creighton",58,85,118.5,105.7,66.3,"+.007","+8.71","114.3","105.6","+3.62","13",120.6,92.4,65,"+.096","+9.93","114.6","104.6","+8.16",142.5,6.5,"2026-01-31","Hit"
"7517d7aa9a206032afd9be8928e90cb3","Fordham","George Washington",65,79,120,107.2,69.7,"-.135","+0.53","109.3","108.8","-2.27","201",104.3,107.6,63.9,"-.096","-6.41","105.9","112.3","-15.71",147.5,-12.5,"2026-01-31","Loss"
"2d457a7d5ca8df40682c92e817ca8636","Murray St.","Belmont",103,86,118.3,105.6,68.9,"+.022","-1.09","106.7","107.8","-4.71","91",118.1,109.8,72,"+.009","-1.03","108.6","109.6","-3.49",166.5,-4.5,"2026-01-31","Hit"
"943d8c2c5a90b5b65d59dab2ed669fd4","Harvard","Yale",65,67,122.6,110.3,65.3,"+.087","-0.66","109.6","110.2","+1.47","178",109.1,110.4,63.1,"-.020","-4.27","107.0","111.3","-3.39",142.5,-12.5,"2026-01-31","Loss"
"73965b49d388d960177f7e50914a3ed2","N.C. State","Wake Forest",78,96,114.3,102.9,68.9,"-.043","+9.09","114.9","105.8","+0.64","25",122,99.6,69,"-.047","+7.58","113.4","105.8","+4.99",154.5,6.5,"2026-01-31","Hit"
"95d7bd733bf56acde2dfd1ce7c7ac8a1","Notre Dame","Syracuse",86,72,114.1,103.2,67.8,"-.051","+4.32","109.8","105.4","-3.32","79",114.3,104,64.9,"-.047","+7.40","112.8","105.4","+0.07",145.5,-4.5,"2026-01-31","Hit"
"bb0bc784eef19f1cd3ae370307033c4b","Arizona","Arizona St.",74,87,117.7,107.3,69.6,"+.031","+10.69","115.0","104.4","+5.41","2",127,90.7,71,"+.038","+8.45","114.1","105.7","+3.24",163.5,14.5,"2026-01-31","Loss"
"6c86874ceaa1b988e7e3554cf413fce5","LSU","South Carolina",87,92,113.8,104.6,65.9,"-.036","+4.76","112.8","108.1","-8.72","51",120.4,104.8,66.6,"-.060","+4.48","111.4","107.0","-4.75",148.5,2.5,"2026-01-31","Hit"
"b6a4e256908d84b1ace53dcebad6f49d","Northern Illinois","Miami OH",85,61,118,109.4,70.3,"+.120","-6.13","106.6","112.8","-10.23","301",101.3,113.2,67,"-.033","-1.72","108.2","109.9","+2.89",155.5,-17.5,"2026-01-31","Hit"
"c5c4288d18b1a18fbf79c7bb228e287b","DePaul","Xavier",68,66,114.1,105.8,70.5,"+.016","+8.26","112.4","104.2","+1.03","107",108.9,102.3,66.8,"+.005","+3.73","111.1","107.3","-10.31",150.5,-4.5,"2026-01-31","Hit"
"a1e65fa113b12587fe3ac2166bd3cd7c","Pacific","San Francisco",87,82,113.3,106.2,65,"-.049","+2.87","110.1","107.3","+0.54","108",111.7,105.9,64.4,"+.024","-0.48","108.2","108.7","+0.45",137.5,-4.5,"2026-01-31","Hit"
"645c209613b962585a57d249a5c35b9b","Stanford","Florida St.",88,80,113,105.9,71.5,"-.085","+8.49","113.4","104.9","-2.89","80",113.9,103.8,67.4,"+.096","+6.35","111.7","105.4","-1.33",151.5,-2.5,"2026-01-31","Hit"
"e0a08dd18f2d2d068241b0a8fbae30ac","Louisiana Tech","Sam Houston St.",83,67,113.2,106.4,70.2,"-.012","+2.18","111.3","109.1","+5.29","229",101.3,107,63,"+.061","-5.04","106.2","111.3","-7.18",141.5,-9.5,"2026-01-31","Hit"
"892fbbbc33e497a7a14ee3ff6850f534","Evansville","Northern Iowa",71,55,103.6,98,61.9,"-.041","+1.42","109.8","108.3","-0.87","285",100.2,110.5,67.9,"-.053","+3.75","110.8","107.1","+3.48",128.5,-10.5,"2026-01-31","Hit"
"e3456750cf183613f60cf54b5b0ce3c1","Colorado St.","Wyoming",68,57,113.4,107.9,66.5,"-.028","+1.25","109.7","108.5","-5.12","93",119.2,111,61.6,"-.017","+3.78","111.5","107.7","-3.66",138.5,-1.5,"2026-01-31","Hit"
"59a192186ff3fd95f5b3d1c2af6deae6","Oklahoma St.","Utah",69,81,116.9,111.5,68,"+.001","+7.88","113.6","105.7","-0.51","71",117.7,105.4,72.4,"+.058","+6.00","112.3","106.3","-2.23",168.5,1.5,"2026-01-31","Hit"
"f6d51c3659d7a2159c4e4eabd35ef544","Davidson","Richmond",54,79,112.9,108.1,67.5,"-.051","-1.13","109.1","110.2","-8.00","127",109.4,105.9,63.9,"+.056","+2.02","110.6","108.6","+0.11",141.5,-2.5,"2026-01-31","Loss"
"65215b2b0efb26a1b4bd24a9a773e53a","UNC Asheville","Winthrop",84,71,114.2,110,68.3,"-.012","-2.23","108.7","111.0","+2.54","219",105.5,110,65.2,"-.090","-2.70","109.0","111.7","+0.06",149.5,-8.5,"2026-01-31","Hit"
"d1e038323b492053f85193a58689d9c7","North Carolina","Georgia Tech",75,91,108,104.6,70.3,"-.009","+0.32","107.8","107.5","-8.97","29",123.1,102.1,67.9,"+.038","+6.12","112.2","106.1","+0.41",156.5,9.5,"2026-01-31","Hit"
"74621b92fc920c25b629ed6ab7c49b36","Campbell","William & Mary",96,104,110.2,106.8,73,"+.034","-0.36","109.0","109.3","+1.53","222",109.6,114.5,70.3,"+.003","+2.69","111.0","108.3","+7.04",167.5,-7.5,"2026-01-31","Loss"
"6c17e04d80931a1f94b8ed79ed8dae3b","VMI","Mercer",95,81,114.1,111.5,69.8,"-.008","-1.22","110.3","111.6","+6.00","359",99.5,122.4,66.2,"-.003","-4.68","108.2","112.9","-0.82",154.5,-17.5,"2026-01-31","Hit"
"8c3fae18a43ba395fef7574a981b3356","Cal Baptist","UT Arlington",77,87,104.2,101.9,65.2,"+.090","-1.19","107.8","109.0","+1.88","129",108.6,105.2,64.8,"+.079","-2.71","107.2","109.9","-3.80",132.5,-1.5,"2026-01-31","Loss"
"9318dcad0e29748ffa57e2df1c99f959","Virginia","Boston College",66,73,103.4,102,65.5,"-.054","+1.07","109.9","108.8","-6.75","16",124.6,99,65.4,"-.003","+5.82","113.0","107.2","-4.12",138.5,12.5,"2026-01-31","Loss"
"98168049bf68cc1b1552891c85c55b66","George Mason","St. Bonaventure",73,77,113.5,112.1,66.5,"+.042","-1.23","108.8","110.0","-4.25","76",115.5,104.4,64.1,"+.054","-2.61","108.5","111.2","-6.61",142.5,-1.5,"2026-01-31","Loss"
"63d27ea42325138f2c169f8615494e30","South Florida","Temple",79,78,112.7,111.9,64.9,"+.000","-4.02","105.8","109.9","-3.35","69",116.9,104.4,72.2,"-.050","+3.72","111.9","108.2","+4.22",157.5,6.5,"2026-01-31","Hit"
"6b012cb4ddf4cd6a63495aa5e9129768","Ball St.","Toledo",73,55,114.3,113.6,68.3,"-.012","+0.67","110.6","110.0","+2.27","308",100.9,114.1,63.4,"+.017","-3.75","107.5","111.3","-5.22",146.5,-9.5,"2026-01-31","Hit"
"76ac68775d1574a1689daf3fe1116209","Bradley","Drake",73,87,109.6,109.3,66.8,"-.036","-0.25","108.7","109.0","-4.11","145",110.5,108.9,67.7,"+.051","-1.63","107.7","109.3","-4.46",150.5,-1.5,"2026-01-31","Loss"
"f694ff893e71c9a1a9479ffc2e574289","Marshall","Arkansas St.",61,70,111.2,111,72.1,"+.049","-0.71","108.5","109.2","+3.34","173",110,110.8,69.5,"+.009","-4.18","107.1","111.3","-1.10",166.5,-4.5,"2026-01-31","Loss"
"4bd6be0a1f925ddfcb887667fee467ac","Santa Clara","Loyola Marymount",73,104,104.4,104.2,67.3,"-.040","+0.03","109.5","109.5","-5.54","44",120,102.4,69.4,"+.003","+2.90","110.3","107.4","+4.02",151.5,9.5,"2026-01-31","Hit"
"e18afc6ae52f209faa5ab58aea1ba74e","Western Kentucky","Middle Tennessee",60,65,108,107.9,64.8,"+.033","+4.30","111.6","107.3","+12.62","174",106.7,107.6,69.2,"+.004","+0.50","110.2","109.7","+1.03",140.5,-6.5,"2026-01-31","Loss"
"c4195ebbae49a78f82616c196dbf99b6","New Mexico St.","Kennesaw St.",76,53,110.5,110.8,72.5,"+.011","-2.33","107.7","110.1","-5.60","155",111.9,111.4,66.4,"-.144","-1.38","107.9","109.2","+0.48",159.5,-1.5,"2026-01-31","Hit"
"98e2879797b750ec194f8a390ef61104","Stony Brook","Elon",68,72,115.3,115.8,66.9,"+.011","-2.19","108.9","111.0","-1.06","223",106.6,111.5,64.7,"+.097","-2.69","107.1","109.8","-3.71",147.5,-4.5,"2026-01-31","Loss"
"b475caf9181e0c7d46485091a6d7a6e5","Ohio","Buffalo",83,95,114.1,114.8,66.2,"-.013","-4.76","107.1","111.8","-8.50","230",105.5,111.2,69.3,"+.078","-0.28","109.3","109.6","+2.06",157.5,-3.5,"2026-01-31","Loss"
"98afdb784b66d1a15e0efe48adf09f53","Hampton","Towson",82,50,104.8,105.6,63.5,"+.032","+0.77","110.7","110.0","+4.39","244",103.1,109.9,64.7,"-.035","-4.68","105.4","110.1","-6.45",133.5,-8.5,"2026-01-31","Hit"
"26d80e1ff693fe77abae8b0419665606","Oral Roberts","South Dakota St.",95,72,108.9,111.5,67.7,"-.127","-1.47","108.2","109.7","+1.17","332",100.3,115.9,66.8,"-.022","+1.06","111.7","110.6","+4.95",147.5,-13.5,"2026-01-31","Hit"
"2166bf27d559d249ebb3b6e473f74f9f","Jacksonville St.","Missouri St.",74,67,107.7,110.6,64.7,"+.035","-1.58","108.0","109.6","-1.72","199",105.7,108.8,64.3,"+.006","-3.05","107.4","110.4","-5.24",134.5,-4.5,"2026-01-31","Hit"
"eb7dc194dd976a3a9440a4ae30c3672d","Valparaiso","Indiana St.",72,76,106.1,109.6,68.8,"-.061","+0.47","108.1","107.6","-5.82","151",107,106.2,65.2,"-.040","+1.38","109.1","107.7","-5.60",144.5,-2.5,"2026-01-31","Loss"
"1c5ca1e73dae6c52df964e8fe85b8f9e","Idaho St.","Weber St.",81,79,109.6,113.1,69.1,"-.082","-2.57","107.6","110.2","-1.45","215",110.3,114.2,64,"-.048","-0.19","109.3","109.5","+3.04",151.5,-2.5,"2026-01-31","Hit"
"9f3bcb1f4f1efba4200297b03c9bb557","North Carolina A&T","Drexel",61,60,103.8,107.6,63.5,"-.059","-5.50","105.1","110.6","-8.50","288",104.7,115.4,69.1,"-.004","-4.95","106.9","111.8","-9.05",138.5,-7.5,"2026-01-31","Hit"
"241226efa8a1a6b6be945ba7062c9f44","Hofstra","Monmouth",57,73,103.9,107.8,66,"-.019","-3.78","106.8","110.5","-3.52","117",114,109.8,65.2,"-.091","+0.61","109.3","108.7","+3.28",139.5,1.5,"2026-01-31","Hit"
"5eaf59681cc5fef8e7488220e11646ec","Lafayette","American",65,67,105.3,110,67.7,"+.080","-5.23","106.9","112.1","+0.53","319",101.9,115.9,67.2,"-.077","-5.69","106.4","112.0","-1.41",141.5,-7.5,"2026-01-31","Loss"
"d5020569c4b0b9e2c866fc6b721aed15","Saint Joseph's","La Salle",58,67,105.8,110.9,64.3,"-.016","+5.16","112.2","107.1","+2.63","154",106.3,105.8,68,"+.083","-0.39","108.6","109.0","-5.16",141.5,1.5,"2026-01-31","Hit"
"6738182ba3d0fd5fbb0cfe2a79a49618","Robert Morris","Purdue Fort Wayne",83,71,106.5,111.8,67.8,"+.143","-0.67","110.8","111.5","+8.36","193",109.8,112.7,64.6,"+.045","-4.88","108.3","113.2","-2.64",146.5,-1.5,"2026-01-31","Hit"
"cc55f1a2e4179a1f5926ba6364898d17","Charleston","Northeastern",84,89,108.8,116.1,70,"-.047","-1.09","109.3","110.4","+0.05","165",108.4,108.5,68.1,"+.095","-1.07","109.9","111.0","-0.11",160.5,4.5,"2026-01-31","Hit"
"23b3ad38e2006e2fa2a03ac510aa5857","New Mexico","San Jose St.",80,90,107.6,115.2,63.8,"-.006","+5.77","111.7","105.9","+1.61","42",115.3,97.5,70.2,"-.003","+3.34","110.6","107.3","+1.17",148.5,14.5,"2026-01-31","Loss"
"79b41dcac7c09766de999416a8190449","James Madison","Southern Miss",73,65,103.3,111,68.1,"+.015","-4.14","106.7","110.9","+2.85","216",110.7,114.7,65.4,"+.025","-2.28","108.1","110.4","-2.37",145.5,1.5,"2026-01-31","Hit"
"90a764c2b1a7555e62094850ca141494","Radford","Presbyterian",84,93,104.5,113.2,63.8,"-.020","-3.85","107.4","111.2","-1.62","245",107.9,114.9,71,"-.017","-6.48","106.7","113.1","-5.96",151.5,-3.5,"2026-01-31","Loss"
"9a96b54f25c6fabb309021fbe4675d41","Stonehill","Le Moyne",54,65,105.2,114.5,68.5,"+.016","-7.24","105.2","112.4","-1.80","340",92.6,110.1,65.9,"+.035","-8.30","104.2","112.5","-1.49",134.5,-4.5,"2026-01-31","Loss"
"372b8c6ea536c36903580583b4c419ef","Montana","Sacramento St.",86,79,104.6,114.2,71.6,"+.024","+2.72","111.6","108.9","+7.83","144",109,107.1,69.1,"+.036","-0.08","110.8","110.9","+4.77",157.5,4.5,"2026-01-31","Hit"
"34f838761e686c0839e1f1a3d3058d87","High Point","Longwood",59,71,103.7,113.2,68,"-.004","-7.74","104.8","112.5","-9.08","100",119.4,112,69.4,"+.022","-8.57","103.9","112.5","-8.72",156.5,10.5,"2026-01-31","Hit"
"3a9a9d55ee4a9e07c00ac0598e608cca","Old Dominion","Texas St.",81,64,101.1,111.3,66.5,"+.081","-6.76","104.9","111.7","-8.67","226",105.1,110.2,68.6,"-.069","+1.74","110.6","108.9","+7.93",143.5,-1.5,"2026-01-31","Hit"
"b2b126f64fee5d22e9fef9980d32928e","Florida Gulf Coast","Jacksonville",49,68,102.7,113.1,62.9,"+.011","-0.74","109.8","110.5","+4.92","231",109.8,115.6,67.5,"-.067","-3.02","108.5","111.5","-0.03",139.5,1.5,"2026-01-31","Hit"
"f4b274e6de86a1cc189902459d41ef46","LIU","Central Connecticut",59,80,105.7,116.2,64.7,"+.064","-7.33","103.9","111.3","-1.38","205",106.7,110.2,68.3,"+.117","-4.94","106.5","111.4","+2.28",142.5,4.5,"2026-01-31","Hit"
"7f0fb0375bb1db9a4e0e57e0f4af4666","Delaware","UTEP",70,55,101.6,112.5,64.8,"+.027","+0.13","107.5","107.4","+3.76","282",102.7,112.9,62.7,"-.030","-3.65","106.9","110.6","-6.10",128.5,-4.5,"2026-01-31","Hit"
"c4b078e1980c15eb151c5261609cb95d","Queens","Bellarmine",78,75,113,124.1,64.8,"+.001","-2.64","109.9","112.5","+3.69","186",115.3,117.6,68.9,"+.032","-3.48","109.9","113.4","+6.54",165.5,5.5,"2026-01-31","Hit"
"7b22a80be1bf47f3c63f9f3279fc8e9c","Lindenwood","Morehead St.",78,79,105.8,117.7,65.4,"+.153","-4.77","105.3","110.1","+7.44","234",102.5,108.5,72.6,"+.039","-7.08","103.9","111.0","+4.02",150.5,2.5,"2026-01-31","Loss"
"22e8de71a206d1493104f18d28e687fc","Colgate","Lehigh",77,76,100.7,113.1,67.2,"+.025","-6.88","105.4","112.3","-1.02","208",109.4,112.9,66.5,"+.081","-4.42","107.7","112.1","+4.76",145.5,2.5,"2026-01-31","Hit"
"827846996254706cb30b9f8c20c743b2","North Alabama","Stetson",66,68,102.3,116.2,67.2,"+.035","-1.08","109.1","110.2","+3.35","334",101.9,118.2,65.7,"+.040","-3.02","109.4","112.4","+3.20",144.5,-2.5,"2026-01-31","Loss"
"b8d827c2f2064088309c8392c968368e","Maine","UMass Lowell",91,77,101.2,115.9,69.1,"-.028","-4.35","106.0","110.3","+2.34","346",92,110.6,63.9,"-.042","-5.82","105.6","111.5","-1.41",136.5,-5.5,"2026-01-31","Hit"
"56c43e877adbf6d4a74418655f8bd29d","Boston University","Bucknell",103,97,99.1,114.3,66.3,"-.018","-4.22","107.9","112.1","+1.62","294",108.9,120.1,63.4,"-.039","-6.46","105.3","111.8","-3.70",140.5,1.5,"2026-01-31","Hit"
"fe6e9704093ae6aa7f88c9239cfda766","Fairleigh Dickinson","Wagner",75,72,103.6,119,64.9,"-.105","-6.89","104.5","111.4","+4.48","339",101.2,118.6,65.3,"-.027","-5.34","105.5","110.8","+4.98",136.5,1.5,"2026-01-31","Hit"
"89fc1d8d28ec749e6d45ad465a1b5208","Holy Cross","Army",69,68,103.5,120.3,66.1,"+.079","-6.22","106.4","112.6","-2.81","327",101.4,116.6,64.7,"+.027","-3.13","107.5","110.7","+0.80",144.5,-2.5,"2026-01-31","Hit"
"ae0dd9a26d9ddd692ec4346f688832f5","Lipscomb","North Florida",94,100,109.4,127.6,70.6,"-.018","-0.91","109.1","110.0","+7.54","157",108.7,108.2,69.7,"+.063","-3.76","108.2","111.9","+5.15",166.5,11.5,"2026-01-31","Loss"
"74d88219742bdb3fa8e6dca4a7d8d724","Fresno St.","Air Force",62,79,95.4,114,64.7,"+.002","+2.03","110.9","108.9","-5.56","140",105.7,103.4,67.7,"-.063","+2.74","110.7","108.0","-3.76",136.5,9.5,"2026-01-31","Hit"
"3bcc4f59bc9b0b234b9a1d1be7051dc0","UNC Greensboro","The Citadel",71,66,100.6,120.2,64,"-.025","-4.51","108.1","112.6","-1.92","307",107.3,120.4,67.2,"+.044","-2.99","109.0","112.0","-0.13",145.5,2.5,"2026-01-31","Hit"
"22e26cf45399d1a0bcfc42cbf1739980","Mercyhurst","Chicago St.",78,74,96.8,119.4,66.3,"-.055","+0.70","108.7","108.0","+11.65","291",99.6,110.5,63.3,"+.003","-8.44","104.5","112.9","+0.36",128.5,5.5,"2026-01-31","Hit"
"8bb323e767f33e52c802ea72e1406028","Alabama","Florida",100,77,124.3,93.9,69.8,"-.088","+12.46","117.3","104.8","+7.03","16",128.1,102.5,73.3,"-.026","+14.83","118.3","103.4","+12.53",175.5,-7.5,"2026-02-01","Hit"
"d156b641e99cecf961cd1b1e2db4dab3","Illinois","Nebraska",69,78,123,94.2,66.9,"+.056","+8.16","114.0","105.8","-5.01","6",130.3,99.3,65.8,"+.024","+9.55","115.0","105.5","+3.65",150.5,-1.5,"2026-02-01","Loss"
"c013a46cba79bf94678e01deded68a94","Wichita St.","Tulsa",93,83,122.8,109.6,68.1,"+.046","-0.87","108.3","109.2","-3.12","93",113.9,105.9,65.1,"-.096","-0.57","108.5","109.1","-2.67",151.5,-6.5,"2026-02-01","Hit"
"5004d481e36ad0d76f77140ea8498c68","TCU","Colorado",87,61,118.7,109.1,68.9,"-.008","+6.02","112.9","106.9","-1.42","49",114,98.1,68.1,"-.085","+6.30","112.8","106.5","-6.81",151.5,1.5,"2026-02-01","Hit"
"7b3b68f93b7be8945306c2825622912a","Iowa St.","Kansas St.",61,95,115,105.9,71.5,"-.081","+8.70","114.8","106.2","+0.47","4",125.5,93.6,67.5,"+.027","+6.10","112.3","106.2","-2.70",153.5,11.5,"2026-02-01","Hit"
"35d46c598c630bb835d186883b104813","Tulane","Memphis",76,78,107.2,99.3,69.3,"-.034","+6.30","113.2","106.9","+9.32","200",108.8,111.8,66.5,"+.088","-2.45","107.0","109.5","-4.55",146.5,-9.5,"2026-02-01","Loss"
"86002aa316e0f58838142f1ebad8965e","Iowa","Oregon",66,84,113.2,105.8,65.5,"-.066","+10.59","114.7","104.1","+1.64","22",120.7,96.8,63.8,"-.031","+4.52","111.6","107.1","-7.63",133.5,9.5,"2026-02-01","Hit"
"557e86ebcfc2108ebc0e2f8570e5e068","Northern Kentucky","Oakland",76,65,118,113.9,70.4,"+.065","+3.42","111.9","108.5","+17.32","184",110.1,111.7,69.8,"-.013","-4.99","109.5","114.5","-3.80",166.5,-5.5,"2026-02-01","Hit"
"314ab95143a72f50c06d40a84ffcf6f1","Purdue","Maryland",63,93,110.7,107,67.5,"+.018","+11.78","115.9","104.1","-0.13","10",128.8,99.3,65.1,"+.011","+12.18","116.7","104.5","+7.61",148.5,14.5,"2026-02-01","Hit"
"08726d168a8c5b496311f3f4ff6b9cd4","Rhode Island","Duquesne",76,61,111.1,107.9,70.6,"-.096","-0.20","109.9","110.1","-5.61","105",110.3,103.4,65.5,"-.027","-0.69","109.5","110.2","-4.83",144.5,-1.5,"2026-02-01","Hit"
"2a969f75364e95b623dddef45365347c","Minnesota","Penn St.",77,75,115.3,112.3,67.2,"-.033","+6.71","114.3","107.6","-8.15","79",112.2,102.2,63.2,"-.085","+7.98","115.2","107.2","-9.46",142.5,1.5,"2026-02-01","Hit"
"4567703f53dcde1b73013d99e413a072","Kansas City","St. Thomas",99,64,112.1,109.4,68.3,"+.036","-4.73","108.7","113.5","-2.20","352",96,115.7,69,"-.012","-0.24","111.2","111.4","+5.17",151.5,-18.5,"2026-02-01","Hit"
"ec4b54ed8c1a0ee0123cd7b6dbad290b","Chattanooga","Furman",75,70,108.4,109.2,66.4,"+.037","-5.16","108.8","114.0","-0.55","289",104,114.9,66.3,"-.014","-4.81","109.0","113.8","-3.00",144.5,-7.5,"2026-02-01","Hit"
"7078fe9d3bc3f00803977cad7e4507a1","East Tennessee St.","Wofford",72,86,110.7,113.5,67.7,"+.131","-5.08","109.6","114.7","-3.45","136",111.4,108.8,66.1,"-.048","-8.32","106.1","114.4","-4.92",149.5,2.5,"2026-02-01","Hit"
"1cdcc9eeab0c5136172b3fc407a92214","Sacred Heart","Merrimack",75,58,105.6,109.6,63.5,"+.143","-3.06","107.5","110.5","+2.97","279",108.3,118,68.7,"-.002","-6.33","105.2","111.5","-1.29",146.5,-6.5,"2026-02-01","Hit"
"fcee5229d01591afc2eb61f6b80934de","Cleveland St.","Milwaukee",88,90,106.5,113.7,68.1,"+.019","+0.11","111.5","111.4","+7.18","305",109.4,122.7,69,"+.033","-1.12","110.7","111.9","+3.94",161.5,-7.5,"2026-02-01","Loss"
"f1b7fd14c937d11316201abd560ccafd","Samford","Western Carolina",74,88,109.3,117.1,68.1,"-.003","+1.22","110.4","109.1","+9.21","250",109.2,116.5,66,"-.000","-3.41","109.3","112.7","+0.09",154.5,-1.5,"2026-02-01","Loss"
"b6783c570193e547a51cc9727f071219","Siena","Canisius",63,78,96.6,114.3,64,"+.044","-6.00","106.0","112.0","-2.69","180",108.4,109.8,64.5,"-.001","-9.78","103.4","113.2","-6.59",131.5,8.5,"2026-02-01","Hit"
"cd0da93a3edd243850e6e63df3efe6bb","Kansas","Texas Tech",61,64,125.8,100.9,67.5,"+.043","+12.78","118.3","105.5","+7.81","14",122.8,95.4,66.8,"+.005","+14.01","116.8","102.8","+11.24",154.5,-4.5,"2026-02-02","Loss"
"1b6742ce1d9318ed59c4e28efca8dc32","Syracuse","North Carolina",87,77,123.6,102.1,67.9,"+.039","+6.36","112.6","106.2","+0.83","70",115.1,103.2,67.9,"-.042","+4.52","110.1","105.6","-3.03",156.5,-11.5,"2026-02-02","Hit"
"86fc7d1a36abd3b2a2fbcd8951bc5d36","McNeese","Stephen F. Austin",67,60,112.2,103.9,65.6,"-.020","-5.29","105.6","110.9","-4.91","68",117.1,105.1,65.7,"+.079","-1.03","108.2","109.2","+10.48",141.5,1.5,"2026-02-02","Hit"
"f00519d0975a2bb424aeea9e76216f89","Idaho St.","Portland St.",88,65,103.2,101.8,67.7,"+.026","-1.87","110.0","111.9","+1.54","206",111.1,114.6,64,"-.067","+0.13","109.5","109.4","+3.33",137.5,-6.5,"2026-02-02","Hit"
"e47a4fac81ec2a72c0ae972d70cf3953","Houston Christian","UT Rio Grande Valley",74,57,107.7,107.9,66.7,"-.050","-0.44","108.6","109.1","+7.95","302",106.7,118.8,63.9,"+.016","-3.30","107.1","110.4","-1.92",138.5,-8.5,"2026-02-02","Hit"
"5e671dfbf08175ff23eb8a6a51568152","Incarnate Word","Texas A&M Corpus Chris",69,71,102.4,104.9,65.7,"+.028","+1.50","110.5","109.0","+17.53","257",107.3,115.3,66.9,"-.044","-1.70","108.4","110.1","+6.05",137.5,-5.5,"2026-02-02","Loss"
"d7298f49662cd0294dd3d64039dd455a","Southeastern Louisiana","Lamar",73,54,106.2,109.2,65,"-.040","-2.57","107.4","110.0","+0.44","270",99.5,108.7,65.8,"-.009","+0.88","109.4","108.5","+5.90",133.5,-5.5,"2026-02-02","Hit"
"c858d92958b45d48455454a7e70fb62f","Gardner Webb","Charleston Southern",NA,NA,104.6,110.6,71.5,"-.116","-5.83","106.8","112.6","-4.72","363",96,123.3,69.6,"+.004","+1.21","110.3","109.1","+5.57",158.5,-17.5,"2026-02-02","FALSE"
"ffb1ad475b71de5c63eaae1b26c37d6f","Tennessee Tech","Tennessee St.",85,90,106.7,113,70.7,"+.131","-5.45","105.1","110.5","+5.53","331",100.7,116.5,67.5,"-.047","-6.16","105.0","111.2","+3.13",152.5,-9.5,"2026-02-02","Loss"
"9977dd86d00d46f8d7d87ee2f9a27a43","Weber St.","Sacramento St.",104,90,105.8,114.2,71.5,"+.038","+2.70","111.5","108.8","+8.32","204",110.2,113.6,69.2,"-.057","-2.84","107.7","110.5","-1.49",165.5,1.5,"2026-02-02","Hit"
"b0d197acc52393cc4bb0eb9b8224b909","Nicholls","Northwestern St.",58,61,107.2,116.8,65.5,"-.024","+2.04","109.5","107.5","+8.85","246",105.7,112.5,68.6,"+.042","+0.96","109.7","108.7","+10.60",146.5,1.5,"2026-02-02","Hit"
"91053b4306b13a0bbf170800c55edc4e","Bethune Cookman","Alabama A&M",62,80,102.9,114,65.4,"+.074","-9.06","103.8","112.9","-1.18","231",104.6,110.4,68.2,"+.057","-1.36","108.2","109.6","+14.35",142.5,1.5,"2026-02-02","Hit"
"403c1d067d08b72730ad398001205a73","New Orleans","East Texas A&M",85,94,99.3,110.7,68.7,"+.021","+0.53","109.1","108.6","+7.16","201",111.2,114.3,69,"+.029","+2.61","109.9","107.3","+14.94",149.5,2.5,"2026-02-02","Hit"
"70aefe50b4ad8affc2b5e0a035c5084a","Florida A&M","Alabama St.",79,66,101.6,115.9,69.7,"-.035","-2.04","106.9","109.0","+8.17","315",99.2,113.2,67.2,"+.055","-3.75","106.5","110.2","+7.64",144.5,-2.5,"2026-02-02","Hit"
"f345165f741712eff5219b829319ee9c","Boston University","Holy Cross",64,72,101,116.2,64.9,"+.008","-3.60","107.6","111.2","+0.87","296",109.7,121.3,63.3,"-.048","-6.64","105.4","112.0","-3.77",138.5,1.5,"2026-02-02","Hit"
"1750087049d79855ce7a0161d72191f0","Grambling St.","Alcorn St.",50,74,100,117.6,67.8,"+.021","+1.65","109.5","107.8","+11.50","281",101.8,111.9,67,"+.056","-4.31","106.0","110.3","+1.09",143.5,4.5,"2026-02-02","Hit"
"d78de2587af8fd0672e5179fc0bfda21","Southern","Jackson St.",91,96,99.3,116.9,69.8,"+.095","+1.03","109.8","108.8","+13.17","271",102.7,112,70.3,"-.026","+0.13","110.0","109.8","+14.18",152.5,4.5,"2026-02-02","Hit"
"33cafcc11e3eed4741b86e57036795f6","Maryland Eastern Shore","North Carolina Central",65,63,100.7,119.3,65.8,"+.018","+0.66","109.6","109.0","+9.50","334",97.6,113.8,62.7,"+.022","-1.96","107.7","109.6","+5.15",135.5,-3.5,"2026-02-02","Hit"
"825d4d547f63f91ea114f8903f851ee1","Howard","Coppin St.",53,72,94.3,125,69,"+.011","-3.62","107.1","110.7","+2.40","253",100.2,108.1,68.9,"-.003","-9.19","103.5","112.7","-2.82",146.5,13.5,"2026-02-02","Hit"
"a884d2d42f58a03371239f08d435da58","Boston College","Duke",67,49,127.6,91.6,66,"+.064","+11.22","115.8","104.5","+6.82","144",103.9,102,65.6,"-.064","+2.33","111.0","108.7","-6.58",139.5,-26.5,"2026-02-03","Hit"
"c5f94f23f25b0469aebc504b676a3994","Xavier","Connecticut",92,60,122.3,92.3,64.7,"+.088","+10.42","115.4","104.9","+8.44","93",114.1,106.3,70.2,"+.035","+7.64","112.4","104.8","+0.54",147.5,-17.5,"2026-02-03","Hit"
"562607e166d27f4b8f98a6a816cb7f63","Pittsburgh","Virginia",67,47,124.8,99.6,65.4,"+.006","+5.65","113.0","107.3","-4.65","101",114.6,107.2,63.8,"-.100","+7.21","113.0","105.8","+0.49",140.5,-13.5,"2026-02-03","Hit"
"51300d4bc7339d1cd551c9638afe4dbf","Mississippi","Tennessee",84,66,121.3,96.2,65.4,"-.021","+11.78","117.9","106.1","+0.30","64",115.1,102.6,64.8,"-.068","+8.38","114.2","105.8","-1.97",138.5,-11.5,"2026-02-03","Hit"
"a5f71eb62cde60fd40149fd861ec284f","South Carolina","Texas",84,75,126.2,105.6,66.6,"-.113","+10.96","115.7","104.8","-4.82","88",114.5,105.7,66,"-.054","+4.93","113.1","108.2","-8.79",149.5,-11.5,"2026-02-03","Hit"
"52102a1529fdec6b41d6defcc3a8a208","N.C. State","SMU",83,84,123.3,104.4,68.7,"+.025","+8.77","114.7","106.0","+1.41","23",123.7,100.3,68.9,"-.043","+8.11","114.0","105.9","+5.13",160.5,2.5,"2026-02-03","Loss"
"17f150fbae4abc7bb40c7b7a16e1ad08","Rutgers","UCLA",98,66,119.6,100.9,65,"-.028","+7.18","114.4","107.2","-3.79","147",110.6,109.1,65.3,"+.029","+9.23","113.9","104.6","-7.41",139.5,-13.5,"2026-02-03","Hit"
"47875433d758e84eb2bdcbbf52066322","Wyoming","San Diego St.",72,63,114.7,96.9,68.7,"+.043","+6.95","113.3","106.3","+5.73","106",113.6,107.4,66.2,"-.016","+1.30","110.4","109.1","-5.27",140.5,-11.5,"2026-02-03","Hit"
"ff5279040f75cf10c5c59c4cf1307667","Indiana","USC",81,75,116.7,101.2,69.6,"+.098","+8.73","114.3","105.5","-0.74","33",122.3,101.5,66.7,"-.018","+7.94","113.6","105.7","-4.47",151.5,1.5,"2026-02-03","Hit"
"dac3fa5c22e5ec022d1f5f72b0be1005","Nevada","Boise St.",91,87,115.6,102.4,66.4,"-.001","+8.58","113.7","105.1","+7.61","56",118.8,105.5,65.1,"+.035","+4.78","111.7","106.9","+3.03",144.5,-5.5,"2026-02-03","Hit"
"0d41964ae2ec95477f9c5945a9eac4ce","Drake","Belmont",103,90,119.6,106.4,68.7,"+.018","-1.20","107.4","108.7","-5.41","176",109.8,110.9,66.7,"-.041","-0.57","109.1","109.7","-4.37",153.5,-9.5,"2026-02-03","Hit"
"3a69a68063877f150f4a10e274c193a0","Air Force","Grand Canyon",81,57,110.6,98.1,67.5,"-.002","+3.83","111.9","108.0","-4.76","345",95.4,114.5,65,"+.000","+1.95","110.9","108.9","-5.35",135.5,-24.5,"2026-02-03","Hit"
"2e7538074af41ec55456cbb48937cb8d","Southern Illinois","Illinois St.",50,54,112.4,102.7,66.3,"-.030","+0.19","109.9","109.7","-2.11","128",106.1,102.8,69.4,"-.148","+3.27","110.9","107.6","+0.91",142.5,-7.5,"2026-02-03","Loss"
"ba80093e5cc878226f0baca61cbf0142","St. Bonaventure","Dayton",72,70,110.6,101.7,67.9,"-.009","+0.93","110.4","109.4","+0.45","150",113.4,112.1,66.8,"+.021","-0.78","109.5","110.3","-4.26",146.5,-8.5,"2026-02-03","Hit"
"5344411396ab9740d62b0d2565330f81","Illinois Chicago","Murray St.",81,74,118.9,111.5,71.8,"+.012","-0.47","109.2","109.7","-3.93","131",109.6,106.6,65.9,"-.040","+0.30","109.2","108.9","-4.02",159.5,-6.5,"2026-02-03","Hit"
"d5d6478c98b6fa3de6099e200b62031c","St. John's","DePaul",56,68,109.2,102.5,66.4,"-.017","+4.32","111.8","107.5","-10.40","21",123.2,98.5,69.8,"-.034","+9.34","115.1","105.7","+7.01",146.5,10.5,"2026-02-03","Hit"
"af72bee7c2b0121cf0508cca6fa5ece2","Saint Louis","Davidson",82,91,111.5,105.5,63.4,"+.048","+2.61","111.0","108.4","+0.47","24",121.3,98.2,71.1,"+.033","-1.03","108.2","109.2","-5.09",147.5,9.5,"2026-02-03","Loss"
"02d19526dad997f40b2b54e566a8bed5","Ball St.","Bowling Green",77,52,109.2,106.3,67.9,"-.129","-2.95","108.9","111.9","-7.84","308",100.2,113.9,63.5,"+.019","-3.14","108.4","111.5","-5.34",137.5,-10.5,"2026-02-03","Hit"
"33ac17402975ecbb0b534539f9e09c7e","UNLV","Fresno St.",98,96,106.2,103.4,68,"-.061","+2.06","110.4","108.4","-3.43","137",112.3,109.6,69.9,"-.017","+4.51","111.4","106.9","+0.54",149.5,-1.5,"2026-02-03","Hit"
"4be6dfdedbceec8bef31d91eed637cd9","Valparaiso","Bradley",72,65,111.9,109.3,67.5,"+.054","-1.30","108.4","109.7","-3.90","152",107.3,106.2,65,"-.019","+1.28","109.5","108.2","-5.60",142.5,-8.5,"2026-02-03","Hit"
"e8d0bddb887d91e4331549bd74fb210d","Kent St.","Toledo",72,75,114.2,113.1,68.4,"-.020","-0.26","110.2","110.5","+2.12","143",111.7,109.7,70.7,"+.147","-2.18","110.7","112.9","-3.50",162.5,-1.5,"2026-02-03","Loss"
"fd0d0b8a5bd8788a168a2359f66a97a1","VCU","Fordham",59,63,105.6,106.7,64,"-.085","-5.04","107.1","112.1","-15.46","47",121.4,105.6,68.6,"-.057","+1.60","110.5","108.9","-1.66",147.5,8.5,"2026-02-03","Loss"
"e40e787d75bd4882e62a8c88ae0c064a","Central Michigan","Massachusetts",95,89,107.6,109.1,70.7,"-.053","-4.98","107.5","112.5","-7.35","292",103.4,114.6,66.8,"-.068","-0.83","109.6","110.4","+1.54",151.5,-10.5,"2026-02-03","Hit"
"cef03c3ac5ee588aaef7686974aa729e","Miami OH","Buffalo",71,73,114.6,116.3,66.3,"-.013","-4.97","107.3","112.3","-8.43","90",118.1,109.4,70.3,"+.110","-7.06","106.3","113.3","-10.77",163.5,5.5,"2026-02-03","Loss"
"275ba4a2d9fda06bce5b37a45b15e829","Little Rock","Tennessee Martin",55,52,105.1,107.2,64.6,"+.107","-7.93","103.4","111.3","-1.90","302",104,116.4,66,"+.024","-4.28","106.0","110.3","+3.24",136.5,-5.5,"2026-02-03","Hit"
"66dc819e4d7670d14195cf225473d272","Western Michigan","Ohio",91,71,107.2,111.8,69.4,"+.082","-0.09","109.7","109.8","+2.12","265",108.8,117.6,67.4,"+.001","-1.78","108.6","110.4","-2.23",155.5,-8.5,"2026-02-03","Hit"
"2a775677a1d2d0ab2c55b47f8683eaba","Akron","Eastern Michigan",64,66,104.6,109.2,65.6,"-.048","-0.28","109.7","109.9","+2.38","52",122.1,107.6,70.4,"-.033","-3.37","109.1","112.5","-2.81",152.5,12.5,"2026-02-03","Loss"
"52d0044de92ee63b19be12befa87f758","SIUE","Lindenwood",72,78,102.9,109,72.6,"+.061","-7.30","104.3","111.6","+3.77","256",99.9,107.8,63.4,"+.010","-10.42","103.4","113.9","-7.65",141.5,-4.5,"2026-02-03","Loss"
"b6be49bfe0933563b97990f0215cb264","Indiana St.","Evansville",63,84,100.8,111.4,67.6,"-.048","+4.03","111.0","107.0","+3.37","210",105.9,109.9,68.7,"-.074","+0.06","108.3","108.3","-6.20",146.5,1.5,"2026-02-03","Hit"
"2a69a98a56813412a1f3d5b1afe0e5cd","La Salle","Loyola Chicago",71,61,104.8,118.5,65.6,"+.050","+0.92","109.7","108.8","-5.23","230",105.5,111.2,64.3,"-.024","+4.71","112.0","107.3","+3.08",138.5,-2.5,"2026-02-03","Hit"
"b2a1249c06a28c55604a6a850815db43","Canisius","Niagara",65,56,98.6,118,62.1,"-.059","-6.56","105.7","112.3","-4.85","343",97.2,115.6,63.8,"+.038","-6.14","106.1","112.2","-2.68",126.5,-2.5,"2026-02-03","Hit"
"faa0528a41e8ea4b04bd69e95d50746e","Northwestern","Illinois",84,44,131.1,99,65.7,"+.030","+10.72","115.9","105.2","+3.72","63",118.1,105.4,65.8,"-.144","+8.63","114.6","105.9","-1.84",150.5,-14.5,"2026-02-04","Hit"
"58f4b89182e9921e13ce2b812c8cffc0","UCF","Houston",79,55,125.9,94.5,63.4,"+.029","+7.52","113.2","105.7","+0.89","44",122.2,104.5,68.8,"+.126","+8.06","114.2","106.2","-1.39",147.5,-15.5,"2026-02-04","Hit"
"60d2682d539cabd262511881a504d68f","Notre Dame","Louisville",76,65,125,99.8,70,"-.016","+9.62","113.5","103.8","+1.76","83",114.6,104.9,65,"-.049","+8.05","113.6","105.5","+0.14",154.5,-17.5,"2026-02-04","Hit"
"0bd880359d256abf0ec65db0112c7dc0","Texas A&M","Alabama",100,97,127.8,103.1,73.3,"-.019","+15.93","119.0","103.0","+12.49","27",121.5,99.8,71,"+.027","+3.98","112.7","108.7","-6.31",179.5,-7.5,"2026-02-04","Hit"
"7952d5de56f2512c9678c1209600c4c3","Seton Hall","Villanova",72,60,121.9,100.4,63.2,"+.009","+8.41","114.9","106.5","+2.44","50",110.4,94.9,65.6,"-.027","+5.04","112.7","107.6","-4.62",134.5,-7.5,"2026-02-04","Hit"
"76697c93ab92571fc2998ad9728e50bc","Oklahoma","Kentucky",94,78,120.6,99.3,67.4,"+.013","+11.52","116.6","105.1","+1.76","65",119.5,107.3,66.9,"-.132","+7.78","114.0","106.2","-6.35",152.5,-9.5,"2026-02-04","Hit"
"68aeed66b2b6030e6bc5f2a94edd363f","San Diego","Saint Mary's",87,60,119.4,99.9,65.2,"+.024","+3.43","110.2","106.7","+3.07","203",108.2,111.3,70,"+.006","+2.05","110.5","108.4","-1.97",147.5,-19.5,"2026-02-04","Hit"
"df69a40bba6da2cc0c59b5218ceb3ba0","Utah St.","New Mexico",66,86,116.9,99.2,69.9,"+.002","+2.99","110.8","107.8","+1.00","31",121.1,100.2,68,"+.049","+3.89","111.9","108.0","+2.39",156.5,-1.5,"2026-02-04","Loss"
"0d4b0a606f2d1ab3947b2149fe1bf1f6","Iowa","Washington",74,84,118.1,100.6,66.9,"-.079","+11.91","117.0","105.1","-0.81","19",122.2,97.2,63.6,"-.029","+4.92","112.1","107.2","-7.79",139.5,2.5,"2026-02-04","Hit"
"2fb512b5539dbc58c08e22c6e4f54dff","Colorado","Baylor",86,67,121.6,106.1,68.2,"-.049","+10.66","113.5","102.8","-0.57","72",120.1,108.5,68.7,"-.015","+6.42","113.0","106.6","-1.13",158.5,-6.5,"2026-02-04","Hit"
"280d66f27aab4d7590cb924394ad18f0","Georgia Tech","California",90,85,115.4,101.9,66.7,"+.051","+5.16","113.2","108.0","-6.19","135",108.2,105.4,70.4,"-.011","+1.09","108.8","107.7","-9.52",151.5,-7.5,"2026-02-04","Hit"
"eb685f59b1215d79f9c77ec631cb5c1d","BYU","Oklahoma St.",99,92,118.3,105.1,72.1,"+.060","+6.26","112.8","106.5","-2.16","15",125.9,99.8,70,"-.002","+8.94","114.2","105.3","+3.52",169.5,6.5,"2026-02-04","Hit"
"816ac6050f7980a1ae5ef64b61fc113d","UTSA","South Florida",109,88,116.9,104.8,72.4,"-.074","+3.87","112.3","108.4","+4.14","345",97.9,116.9,68.4,"+.008","+0.76","110.0","109.2","+0.62",161.5,-25.5,"2026-02-04","Hit"
"bad01f58ccc851cfe1c8ba58588ecead","Butler","Providence",97,87,122.6,110.7,72.3,"-.152","+9.98","114.5","104.5","-0.19","73",117.9,106.4,69.1,"-.008","+7.55","113.4","105.8","-2.31",169.5,-3.5,"2026-02-04","Hit"
"1cc7960c51b4df37d50654eb056e731d","Duquesne","George Mason",65,71,115.4,104.4,64.5,"+.062","-2.30","109.2","111.5","-6.95","122",111.7,107.4,70.3,"-.088","-0.10","110.0","110.1","-5.74",146.5,-7.5,"2026-02-04","Loss"
"68f2a53acbc64d3e34538f2372cd9fbe","Clemson","Stanford",64,66,114.5,104.6,67.3,"+.079","+6.98","112.6","105.6","-0.99","32",117.3,96.4,64.2,"+.025","+6.13","112.7","106.6","+0.99",136.5,3.5,"2026-02-04","Loss"
"bb959dbb348a60698e99f20c9e4f52df","Michigan St.","Minnesota",76,73,112.6,102.8,63.2,"-.103","+8.05","115.5","107.5","-9.65","10",120.4,90.2,65.6,"-.009","+9.43","116.1","106.6","+3.05",132.5,8.5,"2026-02-04","Hit"
"70c4e1994cd1ce19d506e23a91e06562","Creighton","Georgetown",76,68,115.3,105.8,65.4,"-.032","+6.79","112.8","106.0","-5.87","74",118.7,107.3,66.2,"+.015","+9.47","114.8","105.3","+3.59",145.5,-1.5,"2026-02-04","Hit"
"0387341c88ad1077bf339350751631fa","Charlotte","Wichita St.",74,64,114.1,106.4,65.4,"-.103","+0.29","109.5","109.2","-2.81","161",114.3,114.4,62.9,"+.029","-1.50","109.1","110.6","-0.58",141.5,-8.5,"2026-02-04","Hit"
"249384a2c934257bd128a22fb82ef38d","Charleston Southern","High Point",80,55,119.3,111.8,69,"+.026","-8.55","104.1","112.7","-8.91","235",104.8,110.9,71.6,"-.116","-5.95","106.8","112.8","-4.94",162.5,-13.5,"2026-02-04","Hit"
"0361f98e9344c5f8018c7f1061890358","Loyola Marymount","San Francisco",75,84,114.6,107.1,65.2,"-.034","+3.10","110.5","107.4","+1.14","167",104.6,105.1,67.6,"-.033","+0.88","110.3","109.4","-5.49",143.5,-7.5,"2026-02-04","Loss"
"110c51b5eb0659acfcff22ecda1c6d7b","UTEP","Sam Houston St.",70,66,114.5,107.3,70.2,"-.013","+1.52","110.6","109.1","+5.45","283",101.8,112.2,64.8,"+.003","-0.95","107.4","108.3","+3.46",144.5,-11.5,"2026-02-04","Hit"
"0d0d20cc99840c04f37f36556c222650","Tulsa","Florida Atlantic",76,78,112.9,107.1,70.3,"-.014","+2.81","110.6","107.8","+4.05","55",123.4,110,68.5,"+.051","-0.81","108.6","109.4","-3.28",163.5,2.5,"2026-02-04","Loss"
"2f65436dab145707c941f6a0902e9f4a","Santa Clara","Pacific",56,71,112.8,107,64.6,"+.003","+0.18","108.8","108.6","+0.58","41",121.1,102.6,69.7,"-.001","+2.90","110.4","107.5","+3.93",149.5,7.5,"2026-02-04","Hit"
"a505c65f6d984b22f699f20db81b8f12","Arizona St.","Utah",63,71,116.4,111.8,67.7,"-.002","+8.04","114.3","106.2","-0.21","77",118.1,107.3,69.6,"+.022","+12.06","116.0","104.0","+5.75",159.5,-1.5,"2026-02-04","Loss"
"189fd0134b90dc02a21e96fabb90ffe0","Pepperdine","Seattle",83,81,102.6,98.9,67.8,"+.022","+1.14","111.0","109.8","-4.96","273",101.5,110.8,66.5,"-.049","+2.81","111.3","108.5","-2.94",136.5,-12.5,"2026-02-04","Hit"
"0f6e35d053b433e565dc04e8dc2d7682","Furman","East Tennessee St.",75,71,112.6,109.1,65.9,"-.041","-7.87","106.5","114.4","-4.91","178",108.5,109.7,66.4,"+.049","-5.79","108.5","114.3","-0.64",143.5,-5.5,"2026-02-04","Hit"
"4a8a9cb6bd3c0e3b11edfe28c38f6acf","George Washington","Saint Joseph's",76,73,106.4,105.1,68,"+.090","-0.08","109.2","109.2","-4.73","78",118.8,108.5,69.8,"-.133","-0.54","108.9","109.4","-3.11",153.5,2.5,"2026-02-04","Hit"
"fbccdf91c2a9e6af11b5c2fdfe226185","Southern Miss","Marshall",81,77,110.2,110,68.9,"+.019","-3.57","107.9","111.5","-0.87","246",103.6,110.5,68.2,"+.026","-4.00","107.3","111.3","+3.35",148.5,-8.5,"2026-02-04","Hit"
"edb5bda3213e31ff5894728cd18caf03","Lipscomb","Austin Peay",87,76,105.9,106.1,69.3,"+.049","-4.77","108.5","113.3","+2.15","160",109.7,109.5,69.8,"+.077","-4.37","108.5","112.9","+5.26",154.5,-3.5,"2026-02-04","Hit"
"a81c87c5a4b0421d218a4e89de630588","FIU","Middle Tennessee",84,88,107.1,108,64.8,"+.013","+3.36","111.4","108.0","+11.88","196",107.9,110.3,72.5,"-.057","-0.62","109.6","110.2","+0.65",150.5,-6.5,"2026-02-04","Loss"
"54cd3d340fca27a2ce09c109d090e652","South Alabama","Appalachian St.",65,57,105.6,107,62.5,"+.044","-4.50","107.5","112.0","-0.94","212",105.2,109.3,64.5,"+.119","-7.27","105.3","112.5","-5.45",128.5,-4.5,"2026-02-04","Hit"
"53017bd74d83e48ba7a9b084672ac565","Green Bay","Northern Kentucky",84,87,108.9,110.5,70,"-.024","-4.19","110.5","114.7","-3.75","239",112.1,118.5,63,"+.071","-1.11","111.3","112.4","+6.23",151.5,-7.5,"2026-02-04","Loss"
"4578d380478d793047ec18d9b6d639ce","North Alabama","Central Arkansas",81,60,108.4,110.5,68.1,"-.017","-3.99","109.5","113.5","+5.00","332",102.4,118.5,65.5,"+.066","-3.49","109.1","112.6","+3.01",146.5,-10.5,"2026-02-04","Hit"
"be9935c26500993c50404d2c82d64f1d","St. Thomas","South Dakota St.",62,77,109.7,111.8,68,"-.120","-2.46","107.9","110.3","+1.20","131",112.5,109.4,68.5,"+.028","-5.68","108.2","113.9","-2.21",155.5,1.5,"2026-02-04","Hit"
"b00b22c7a32161052f9460d2de0585c1","Wright St.","Robert Morris",72,66,109.7,113.4,64.8,"+.037","-4.71","108.6","113.3","-2.90","133",113.1,110.2,66.3,"-.015","-2.58","110.4","113.0","+1.65",147.5,2.5,"2026-02-04","Hit"
"9b4d61505debd443087a0fd684462e6c","Army","Colgate",69,55,109.5,113.3,66.4,"+.056","-4.52","107.8","112.3","+5.17","338",103.2,120.2,66.4,"+.102","-7.08","106.2","113.3","-2.98",149.5,-10.5,"2026-02-04","Hit"
"115479a898f3e15913617e501132a278","Washington St.","Oregon St.",74,64,107.5,111.4,65.3,"+.109","+1.20","109.3","108.1","-2.27","128",115.3,111.8,67.2,"-.070","+3.71","110.5","106.8","+4.77",147.5,2.5,"2026-02-04","Hit"
"9a41bfbcc5e1deeab4c8153498733935","Gonzaga","Portland",87,80,106,110.2,69,"+.028","+3.11","111.8","108.7","-0.63","11",123.2,94,69.7,"+.108","+4.51","112.2","107.7","+6.55",152.5,22.5,"2026-02-04","Hit"
"fc42e15e0224a3e7bfe9f98a177227d3","Youngstown St.","Purdue Fort Wayne",61,90,107.1,111.7,68.1,"+.144","-1.22","110.9","112.1","+8.08","224",106.3,111,66.8,"-.111","-5.08","109.0","114.1","-2.78",148.5,-3.5,"2026-02-04","Loss"
"ac737ede15acb61e27e34f45787caecf","Louisiana","James Madison",61,64,110.5,115.2,65.5,"+.014","-2.43","108.1","110.5","-2.33","317",98.8,112.9,62.1,"+.014","-5.16","105.9","111.0","-0.99",131.5,-8.5,"2026-02-04","Loss"
"f2e5c259d6ca04a9011310cd8700843a","USC Upstate","UNC Asheville",76,67,106.1,110.9,65.2,"-.090","-2.14","109.7","111.8","-0.05","293",99.8,111.1,67.7,"+.033","-4.30","107.6","111.9","-2.21",140.5,-6.5,"2026-02-04","Hit"
"cc9ee1fe8770e6343fbee69fed6556b7","Bucknell","American",59,60,104.8,110.6,67.5,"+.056","-6.24","106.7","112.9","+0.13","324",100.6,115.4,66.3,"+.002","-4.79","108.0","112.8","+1.71",139.5,-8.5,"2026-02-04","Loss"
"2913e6c06f9a3a4eac60e18423fe7f69","Arkansas St.","Coastal Carolina",66,70,103.6,109.6,67.1,"+.112","-4.36","106.3","110.6","-0.77","171",110.6,111.5,71.5,"+.037","-1.10","108.6","109.7","+3.58",155.5,3.5,"2026-02-04","Hit"
"7d748c155c7316569f077e7fb4f2fd4c","New Mexico St.","Louisiana Tech",63,72,102,108.1,63.1,"+.051","-3.91","107.1","111.0","-7.01","175",110.6,111.6,66.1,"-.123","-0.99","108.5","109.5","+0.51",137.5,-1.5,"2026-02-04","Loss"
"587284d949c81a59ccfb70a8be44b8ae","North Texas","Rice",86,83,108.9,115.1,65.2,"-.008","-0.42","109.6","110.0","-2.69","153",102.1,101.2,64.5,"-.004","+0.31","110.2","109.9","-2.68",133.5,2.5,"2026-02-04","Hit"
"c20aec6eba610a0e860536eafc429838","Winthrop","Radford",78,80,108,114.7,70.9,"-.001","-6.44","107.1","113.5","-5.97","120",115,110.7,68.3,"-.007","-2.82","108.7","111.5","+2.39",160.5,3.5,"2026-02-04","Loss"
"cbb2b03b7edffb1e3f10ddd3b69c1c06","Louisiana Monroe","Old Dominion",79,85,104.5,111.5,68.7,"-.066","+0.77","110.2","109.4","+6.89","356",98.5,120.5,70.6,"-.115","-4.39","106.1","110.5","+1.75",152.5,-13.5,"2026-02-04","Loss"
"0d492ad9142ec7dfb5df8cf5c2467589","Detroit Mercy","Milwaukee",63,76,106.9,114.8,68,"+.002","-0.60","111.4","112.0","+7.06","264",107.6,116.3,69.1,"+.023","-2.24","109.4","111.7","+7.02",159.5,-4.5,"2026-02-04","Loss"
"7cb7c94e12937484a3ea0b23b7f54455","Arkansas Pine Bluff","Grambling St.",64,67,102.4,110.8,66.8,"+.031","-4.86","105.9","110.7","+1.28","308",103.6,117.1,69.9,"+.072","+1.95","110.2","108.2","+13.90",145.5,-5.5,"2026-02-04","Loss"
"0ce1596f563d0a5009c9acc6e87f3eef","Texas St.","Georgia Southern",71,77,108,116.5,70.4,"+.071","-7.57","104.8","112.4","-7.31","271",101.8,111.1,66.7,"+.075","-7.11","105.0","112.1","-8.74",151.5,-3.5,"2026-02-04","Loss"
"3e22d0a781680265108ad05df84c1725","Troy","Georgia St.",63,74,102.1,111.4,67.7,"-.010","-1.50","108.1","109.6","+2.08","147",111.8,110.2,66,"+.026","-2.23","107.8","110.1","+3.62",145.5,5.5,"2026-02-04","Hit"
"74410f033fdd1f8adad5213178a1a8ab","East Texas A&M","Northwestern St.",68,74,106.4,116.2,65.3,"-.037","+1.43","109.3","107.9","+8.88","294",99.7,111.2,69.2,"+.010","+0.21","109.2","109.0","+7.19",142.5,-3.5,"2026-02-04","Loss"
"5cc0efe1d01a9fdabd1eb89f134ad0d2","Liberty","Delaware",69,75,102.3,113.5,62.8,"-.031","-3.77","107.0","110.8","-5.98","85",119,109.6,63.5,"+.155","-1.16","108.2","109.3","+0.90",132.5,12.5,"2026-02-04","Loss"
"747647ebdfd6e84e84c107513ba9333f","Oakland","Cleveland St.",91,78,110.7,123.2,68.9,"+.058","-1.09","110.8","111.9","+4.23","117",117.2,112.7,70.5,"+.074","+3.00","111.9","108.9","+17.52",170.5,6.5,"2026-02-04","Hit"
"70a309c07c3a0caab8542214a7133306","Navy","Lafayette",50,65,102.3,115.7,67,"-.050","-5.47","106.7","112.2","-1.51","174",105.1,106.1,65.3,"+.057","-11.86","103.8","115.7","-8.72",136.5,4.5,"2026-02-04","Hit"
"9a1edf7a6e81e3666ff754cb378dd2b6","Western Carolina","UNC Greensboro",81,78,106.7,120.5,67,"+.030","-3.68","108.9","112.6","-0.27","266",108.7,117.6,68.4,"-.009","+0.44","110.4","109.9","+9.16",156.5,1.5,"2026-02-04","Hit"
"dacafc74d594c14d42db2a2109ec61e5","Lehigh","Loyola MD",89,84,104.2,119.2,68.2,"-.040","-8.37","104.3","112.7","-6.30","300",101,113.1,67,"+.049","-7.02","105.8","112.8","-1.09",148.5,-1.5,"2026-02-04","Hit"
"ac292c25db5773568d637e5b777f1bad","South Dakota","Kansas City",75,82,95.7,116.3,69.1,"-.013","+0.03","111.5","111.5","+4.79","286",107.7,118.3,70.5,"+.050","-4.99","107.3","112.3","-4.40",156.5,2.5,"2026-02-04","Hit"
"cb556896b94415ccf16e514243805e34","Wofford","VMI",67,81,100.4,123.3,66.4,"-.006","-4.29","108.6","112.9","-1.33","207",110.9,114.6,67.5,"+.119","-4.98","109.7","114.7","-3.56",150.5,9.5,"2026-02-04","Hit"
"a7ba135c58942f500bf7a9e7ff38dc9f","Maryland Eastern Shore","South Carolina St.",63,54,97,120.9,67.8,"+.014","-3.00","108.0","111.0","+3.63","334",97.5,113.7,62.9,"+.004","-2.73","107.4","110.2","+5.12",135.5,3.5,"2026-02-04","Hit"
"9cc6d941655cadfab877956af9a88e08","Longwood","Gardner Webb",66,86,96.1,123.5,69.7,"+.004","+1.15","110.4","109.2","+5.49","282",103.1,113.2,67.7,"-.009","-7.36","105.6","113.0","-9.49",147.5,11.5,"2026-02-04","Hit"
"4c39604056fc5a080263e18c15c17cd7","Penn St.","Michigan",110,69,125.7,89.8,72.5,"+.045","+12.33","116.1","103.7","+10.36","129",116,112.8,67.2,"-.010","+6.48","113.9","107.4","-8.26",162.5,-24.5,"2026-02-05","Hit"
"a19454f32fe512073d4faaad1d02cebc","West Virginia","Cincinnati",54,59,107,94.1,68.1,"-.077","+8.59","113.6","105.1","-3.03","67",111.8,99.8,62.2,"+.004","+3.40","110.7","107.3","-9.30",127.5,-5.5,"2026-02-05","Loss"
"a84fcf932cb30834688b1cfa54f9d216","Abilene Christian","Utah Valley",68,55,112,103.8,69.6,"+.020","+0.04","108.4","108.4","+2.80","260",102.4,110.8,65.9,"+.064","-1.15","108.0","109.1","+0.91",147.5,-13.5,"2026-02-05","Hit"
"0021ddd73e15eeb18310aa3d10834ebc","William & Mary","UNC Wilmington",78,85,113.5,107.8,64.8,"+.044","-5.99","104.8","110.8","-8.48","141",110.7,108.6,73.2,"+.017","-1.06","108.7","109.7","+0.89",158.5,-4.5,"2026-02-05","Loss"
"290d6ae5f4cdce80a3cef9aea5bb2a9f","Northeastern","Hofstra",80,63,114.5,109.2,65.3,"-.093","+0.69","109.3","108.6","+3.48","255",109.7,117.1,69.8,"-.056","-1.16","109.2","110.4","+0.28",155.5,-10.5,"2026-02-05","Hit"
"a2cb0860a9d2a956243c69cdb81d3f3b","Cal St. Bakersfield","UC Irvine",78,62,104.3,99.1,68,"+.015","-0.84","108.3","109.2","-0.37","314",101.9,115.8,69.5,"+.053","-0.36","108.0","108.4","-0.38",145.5,-16.5,"2026-02-05","Hit"
"637d00acc59a1f938c658441b44a3e3d","Long Beach St.","UC San Diego",77,74,110.2,105.8,67.2,"-.017","-0.97","108.4","109.4","+0.16","233",107.1,113.2,67.5,"-.017","+0.98","108.9","107.9","+4.54",143.5,-9.5,"2026-02-05","Hit"
"b0505f49b4e6a29497c9aec869a4d5db","Tarleton St.","Cal Baptist",56,55,109.5,105.2,65.2,"+.083","-2.12","107.2","109.3","-3.68","213",106.5,110.3,70.3,"-.043","+0.85","108.1","107.2","+2.83",141.5,-10.5,"2026-02-05","Hit"
"1a6712e8c8d1c0c3869ac4e6400ca06f","Memphis","UAB",80,90,111.7,107.7,69.1,"+.011","-1.04","108.8","109.8","-4.95","101",107,100.1,69.2,"-.054","+5.46","112.8","107.4","+9.30",152.5,-1.5,"2026-02-05","Loss"
"aa286a7b927956706a0179ead030387f","Denver","North Dakota St.",71,78,112.5,108.7,65.6,"+.031","-4.72","106.8","111.5","-1.23","267",114.3,123.4,68.3,"+.009","-0.91","109.5","110.5","+6.46",159.5,-11.5,"2026-02-05","Loss"
"e52a22996902d8665b445c3a35f3ea72","Ohio St.","Maryland",62,82,110.3,107.9,67.3,"+.020","+12.54","116.5","104.0","-0.59","42",122.4,104.3,66.8,"-.040","+7.71","113.8","106.1","-4.20",151.5,7.5,"2026-02-05","Hit"
"7a0fbdf970deb9769f9ba94781b66988","Eastern Washington","Montana",74,82,109,107.8,69.1,"+.017","-0.13","110.9","111.0","+4.94","232",109.7,115.6,67.8,"-.121","+2.15","110.8","108.6","+6.37",151.5,-6.5,"2026-02-05","Loss"
"ba5ece8ad1d11760fa0212d80ae17494","Idaho","Montana St.",73,66,109.9,109,65.4,"-.054","+0.20","111.0","110.8","+4.63","185",109.4,110.9,67.2,"+.009","-1.58","109.5","111.1","+0.81",146.5,-3.5,"2026-02-05","Hit"
"bdf3436b90a378ff22f380746c850f6d","Rider","Marist",81,52,100.7,100.9,66.5,"-.003","-8.24","104.5","112.8","-6.13","353",98.6,119.2,65.3,"-.043","-2.97","107.9","110.8","+10.18",135.5,-14.5,"2026-02-05","Hit"
"34dbcd60444685471b7332f148409a43","North Carolina A&T","Charleston",78,62,109,109.2,67.9,"+.106","-1.46","110.0","111.5","-0.59","281",104.6,114.6,69,"-.025","-4.53","106.9","111.5","-8.72",154.5,-11.5,"2026-02-05","Hit"
"48b91826e81f653cd1bab87b829c554d","Jacksonville St.","Western Kentucky",66,71,106.5,106.8,69.1,"+.019","+0.67","110.4","109.7","+0.87","208",105.3,108.9,64.7,"-.005","-2.87","107.6","110.5","-5.52",139.5,-3.5,"2026-02-05","Loss"
"6fdba11bfae25b0bea40e8e5b15341d6","UC Santa Barbara","UC Davis",85,75,109.5,110.1,69.1,"+.054","-1.00","108.3","109.3","+1.76","117",115.2,110.7,63.8,"+.001","-2.80","107.5","110.3","-1.08",148.5,2.5,"2026-02-05","Hit"
"ffe91a6f64ea6487a1202e22e55fc886","Iona","Siena",79,72,109.3,110.2,64.4,"-.002","-9.96","103.1","113.1","-6.61","231",103.5,109.4,69.3,"+.091","-7.33","105.1","112.5","-3.24",140.5,-7.5,"2026-02-05","Hit"
"b1c1af7e76fe8a9905df822eb20db9c2","UC Riverside","Cal St. Fullerton",78,72,107.7,109.5,73.4,"-.028","+2.45","111.2","108.8","+5.78","271",104.2,113.5,67.5,"-.002","+1.19","109.3","108.2","+6.32",155.5,-5.5,"2026-02-05","Hit"
"c46a65ce6d2417cc07c7be1438e94fac","Canisius","Quinnipiac",75,60,106.6,108.8,70,"+.061","-5.66","105.6","111.3","+0.61","345",96.7,115.7,63.9,"+.029","-6.41","105.6","112.0","-2.51",141.5,-13.5,"2026-02-05","Hit"
"f2f6fbf8e16ce03ae949b82d6cd52b76","New Haven","LIU",60,55,107.4,109.7,68.2,"+.107","-5.16","106.4","111.6","+2.29","337",97,114.1,62.7,"+.062","-5.79","104.5","110.3","+3.71",150.5,-9.5,"2026-02-05","Hit"
"a2e9d1ba5817f5baddbad6d1ec969901","Southern Indiana","Tennessee Martin",76,54,103.7,106.1,64.6,"+.120","-8.38","103.0","111.4","-1.79","335",93.7,110.1,68.3,"-.156","-7.87","104.3","112.2","-1.73",133.5,-10.5,"2026-02-05","Hit"
"d7cbfb010252bd46cc9fdf9022351a60","UT Arlington","Utah Tech",87,84,107.7,110.5,66.3,"+.066","+0.64","108.7","108.1","+3.52","148",103.9,102.3,65.7,"+.074","-1.14","108.1","109.2","+1.79",139.5,-1.5,"2026-02-05","Hit"
"641787b81ada49c1619247843e28c082","Jacksonville","Queens",93,84,115.1,117.9,68.7,"+.011","-3.60","110.1","113.7","+6.58","297",100.9,112.7,62.9,"+.009","-1.26","109.8","111.1","+5.12",147.5,-8.5,"2026-02-05","Hit"
"a5951c4ce3b97919a92b8da41115ab7a","Monmouth","Stony Brook",75,76,106.4,110.5,64.9,"+.112","-2.20","107.8","110.0","-3.36","225",103.2,108,66,"-.015","-3.68","107.0","110.7","-3.76",135.5,-3.5,"2026-02-05","Loss"
"ed2558cd403bc0d9543d72a8654b7d14","Drexel","Campbell",81,60,110.9,115,70.3,"+.021","+2.64","111.1","108.5","+6.61","217",103.1,107.4,63.4,"-.035","-6.12","104.9","111.1","-8.65",143.5,-4.5,"2026-02-05","Hit"
"e8d867bcf89836e2ae7cd76b27bbdc69","Northern Colorado","Weber St.",74,88,110.4,114.6,69.5,"-.059","-2.74","107.7","110.4","-1.46","186",111.3,112.9,68.5,"-.022","-2.19","109.3","111.5","-0.93",162.5,1.5,"2026-02-05","Hit"
"762ed5e4d2aa783ae3c41d0e26274809","Northern Arizona","Idaho St.",73,79,111.3,115.9,63.9,"-.054","+0.56","109.4","108.8","+3.11","315",105.1,119,64.1,"+.032","-1.75","109.3","111.0","-0.22",142.5,-8.5,"2026-02-05","Loss"
"62df358e881a594fef01b478b863becb","The Citadel","Samford",78,64,109.5,115.8,66.2,"+.006","-3.48","109.3","112.8","+0.34","348",99.9,119.3,63.8,"-.001","-5.51","108.0","113.5","-1.94",143.5,-13.5,"2026-02-05","Hit"
"e052dd7b66fc17add2cc07caa669c2d6","Morehead St.","Southeast Missouri",82,70,104.1,110.4,69.5,"+.010","-6.90","104.7","111.6","+4.61","298",106,117.8,65.5,"+.125","-5.09","105.3","110.4","+7.10",146.5,-8.5,"2026-02-05","Hit"
"8458d176a8a3634746249c8fdff7d509","CSUN","Cal Poly",96,97,107.7,114.6,73.6,"+.014","+0.94","109.6","108.7","+4.95","188",108,109.8,73.7,"+.065","-0.15","108.7","108.9","+0.33",175.5,1.5,"2026-02-05","Loss"
"9490ad0d7da68b94eadc5a2f6d7f5ee5","Eastern Illinois","Tennessee St.",77,68,107.1,114.5,70.6,"+.107","-6.24","104.7","111.0","+5.33","322",96,110.5,65.2,"+.036","-3.51","106.5","110.0","+12.46",145.5,-10.5,"2026-02-05","Hit"
"29668e9115842bec8e167e19221bba5b","Binghamton","UMBC",79,62,105.3,113.3,65.7,"+.042","-11.52","103.0","114.6","-6.99","362",96.2,122.1,65.1,"-.036","-10.35","102.8","113.2","-7.83",138.5,-12.5,"2026-02-05","Hit"
"02fd2112f2bc061b157a539aaf2c664d","Elon","Hampton",87,79,102.5,110.9,65,"-.019","-4.24","105.5","109.8","-6.85","179",114.3,115.5,67.3,"-.008","-2.61","108.9","111.5","-1.35",142.5,1.5,"2026-02-05","Hit"
"7bed16324c9dbb1faaa2ec03246ffd5b","Florida Gulf Coast","Eastern Kentucky",76,74,109.7,118.6,67.3,"-.076","-1.31","109.5","110.8","+3.73","220",109.3,113.8,67.6,"-.066","-3.22","108.5","111.7","+0.06",153.5,-1.5,"2026-02-05","Hit"
"764477e5847bdd9e344e0f38e84537b4","Nebraska Omaha","North Dakota",76,73,107.5,116.8,67.3,"+.098","-3.70","107.8","111.4","-0.04","256",105.8,113.4,67,"+.024","-3.12","108.8","111.9","+3.17",149.5,-2.5,"2026-02-05","Hit"
"a6f738c6ca945b31de4da19beed05929","Fairfield","Sacred Heart",87,92,107.7,118.1,68.6,"-.002","-5.82","105.4","111.2","-1.10","266",107.1,116.1,66.7,"+.052","-9.58","103.1","112.6","-7.78",154.5,-1.5,"2026-02-05","Loss"
"36b63e8822c855233eaf4dc41fba113e","Stetson","Bellarmine",92,71,113,123.8,64.6,"+.024","-3.24","110.0","113.2","+3.26","324",101.6,116.2,67,"+.016","-2.21","109.0","111.2","+3.01",150.5,-5.5,"2026-02-05","Hit"
"cfd4d0200de431d14e868eeed66d26c1","Mercer","Chattanooga",79,75,104,115,66.2,"-.026","-4.50","109.0","113.5","-3.30","143",114.3,112.2,70,"-.001","-2.67","109.7","112.4","+6.18",155.5,5.5,"2026-02-05","Hit"
"81541fdb65868bf879c0c08eb7b4dc2a","Saint Francis","Mercyhurst",98,89,100.1,111.3,63.5,"-.015","-8.70","104.3","113.0","+0.63","358",97.7,119.9,69.1,"+.032","-4.10","107.1","111.2","+6.07",136.5,-9.5,"2026-02-05","Hit"
"ebb5b45f7caced459e13b961ffa8e34e","Chicago St.","Central Connecticut",78,67,105.1,116.8,64.8,"+.066","-7.28","104.1","111.4","-1.46","355",98,119.8,66.5,"-.031","-0.11","108.2","108.3","+11.77",138.5,-9.5,"2026-02-05","Hit"
"cd02335c6023b714f834c1c311feae13","Merrimack","Mount St. Mary's",70,87,98.9,110.8,67.7,"+.051","-5.61","105.1","110.7","-0.31","207",105.5,108.9,63.4,"+.137","-3.81","107.3","111.1","+2.83",135.5,3.5,"2026-02-05","Hit"
"f730b8d07374c76b7f2c32c623fef9af","Lindenwood","Little Rock",74,79,103,115.1,66,"+.007","-3.87","105.7","109.6","+3.32","243",102.6,109.3,72.9,"+.041","-7.55","103.7","111.2","+3.62",151.5,-1.5,"2026-02-05","Loss"
"b56eed6c4bf0b5321f07ff950da07221","UMass Lowell","NJIT",81,56,99.1,113.6,68.4,"+.122","-5.24","105.8","111.0","+0.50","316",102.2,116.3,69.4,"-.017","-5.41","105.6","111.1","+2.40",148.5,-1.5,"2026-02-05","Hit"
"6c49bc9beca98f37acf059d1e6bfaabb","Western Illinois","Tennessee Tech",97,72,102.2,117,67.4,"-.023","-5.97","105.1","111.1","+3.06","361",94.2,118.2,66,"-.096","-5.57","105.2","110.8","-0.99",142.5,-8.5,"2026-02-05","Hit"
"920bedb8f114b9ab16a7e8002f7970fc","North Florida","West Georgia",73,81,102.3,117.3,68.4,"+.102","-5.17","108.6","113.8","-0.05","342",110.5,128.4,70.5,"-.028","-1.27","109.1","110.4","+7.33",168.5,-6.5,"2026-02-05","Loss"
"23448a7f06176c47686d5508eca4e37e","Le Moyne","Wagner",79,78,103.6,119.1,64.8,"-.072","-7.92","104.0","111.9","+4.72","285",103.9,114.4,68.7,"+.005","-7.97","104.5","112.4","-1.96",141.5,2.5,"2026-02-05","Hit"
"07ec0e6dc383db498b375f80cd71636a","Saint Peter's","Manhattan",75,80,105.4,121.7,68.1,"+.068","-6.49","104.6","111.1","-2.54","241",103.6,110.2,65.6,"+.062","-8.03","103.6","111.6","-0.49",146.5,4.5,"2026-02-05","Hit"
"5e178c5de80f61f4562fa884dee7c9ea","Stonehill","Fairleigh Dickinson",74,58,101.3,118.4,65.1,"-.041","-5.33","105.7","111.1","+5.77","333",92.2,108.4,66.1,"+.039","-8.18","104.6","112.8","-1.52",128.5,-1.5,"2026-02-05","Hit"
"f76fda2a57c57b1106668f1ce8bc9231","Vermont","Maine",76,70,92.4,111.8,64.2,"-.041","-6.05","105.7","111.8","-1.49","222",109,113.6,64.6,"+.005","-6.65","105.3","112.0","-1.20",129.5,7.5,"2026-02-05","Hit"
"575f85c58b8780bd16ce87ccd5a552c4","Albany","Bryant",63,65,97.5,117,64.1,"+.031","-4.24","105.2","109.4","+3.58","310",102.5,116.2,65.6,"-.105","-3.07","107.8","110.8","+4.98",134.5,1.5,"2026-02-05","Hit"
"bf1b137f14d5f4e0f31fe87cb2af1901","Connecticut","St. John's",81,72,122.3,97.3,69.8,"-.029","+9.43","114.5","105.0","+7.17","8",122.3,91.7,64.8,"+.082","+9.88","114.5","104.7","+8.45",144.5,2.5,"2026-02-06","Hit"
"f96502f8fd238717d3a563f89d6f50c4","Dayton","VCU",99,73,120.1,104.5,68.7,"-.043","+1.83","110.2","108.3","-1.78","90",110.1,101.8,67.7,"+.008","+0.70","109.7","109.0","+0.34",149.5,-7.5,"2026-02-06","Hit"
"a681699939192074ed6c2b1adc315c93","Brown","Yale",81,69,121.9,110.7,65,"+.053","-0.97","109.2","110.2","+1.37","282",97.1,107.1,65.8,"-.078","-5.25","107.4","112.7","-7.24",139.5,-15.5,"2026-02-06","Hit"
"dbe064881741a8368f71a8a612ac15a2","Drake","Illinois St.",86,76,110.4,101.2,66.4,"-.050","+0.38","109.2","108.8","-1.88","178",110.3,111.5,66.8,"-.047","+0.31","109.3","109.0","-4.30",143.5,-9.5,"2026-02-06","Hit"
"a699887bdfe543c75828467fcca2ed00","Loyola Chicago","Davidson",84,64,112.1,105.8,63.6,"+.030","+3.64","110.9","107.3","+0.69","308",104,117.1,66,"+.051","+0.32","109.0","108.7","-5.14",139.5,-10.5,"2026-02-06","Hit"
"42cab152ddbc83793369dc8c23c3c429","Bradley","Northern Iowa",61,49,104.2,98.3,61.7,"-.041","+0.64","109.0","108.3","-0.83","139",111.3,108.7,67.6,"+.064","-1.49","107.8","109.3","-4.09",131.5,-3.5,"2026-02-06","Hit"
"8d056da7d81d1011af17a88f316d8bb7","Murray St.","Southern Illinois",81,91,104.9,100.7,69.4,"-.125","+3.80","110.5","106.7","+0.92","98",118,110.5,72.1,"+.022","-0.57","108.7","109.3","-4.02",158.5,1.5,"2026-02-06","Hit"
"90b9e67c1e8aa2594714f7bfae1bb93e","Belmont","Illinois Chicago",62,68,109,105.8,66.3,"-.052","+1.15","109.3","108.2","-3.66","59",120.4,107.1,68.9,"+.016","-1.45","106.9","108.4","-5.55",150.5,3.5,"2026-02-06","Hit"
"d04881ff6dd42d92c412351a8b106ce2","Evansville","Valparaiso",70,63,106.8,105.6,65.1,"-.032","+1.76","109.3","107.6","-5.71","300",100.2,112.5,67.3,"-.042","+3.39","110.2","106.8","+3.15",136.5,-9.5,"2026-02-06","Hit"
"b795d839679eb0e990970c168c74ecea","Oklahoma St.","Arizona",84,47,126.7,90.5,71.2,"+.039","+8.79","114.2","105.4","+3.63","54",118.7,104.8,72.4,"+.068","+7.00","112.9","105.9","-2.25",167.5,-19.5,"2026-02-07","Hit"
"4c3ef0ea4438aa312ece6667de143f20","Baylor","Iowa St.",72,69,126.1,92.5,67.4,"+.022","+6.92","112.4","105.5","-2.54","48",121.4,105,68.2,"-.042","+10.48","113.3","102.8","-0.48",151.5,-14.5,"2026-02-07","Hit"
"0eccb4820c6a4cfd6fd8f77c651f486f","Oregon","Purdue",68,64,129.2,98.7,65,"+.007","+11.92","116.3","104.4","+7.44","106",113.1,106.6,65.4,"-.064","+10.95","114.8","103.8","+1.81",143.5,-19.5,"2026-02-07","Hit"
"e55fe92eb9e7aafeda738586c97aa100","Illinois","Michigan St.",85,82,120.1,91,65.8,"-.029","+9.62","115.7","106.1","+2.96","5",130.6,97.4,65.7,"+.027","+10.38","115.4","105.0","+3.66",143.5,-1.5,"2026-02-07","Hit"
"1594b0f2a86e7f69f91f04eaa3f159ac","Utah","Kansas",71,59,121.6,93.5,67,"+.019","+14.86","117.2","102.3","+11.39","123",114.8,111.2,67.5,"-.009","+7.69","113.9","106.2","-0.57",150.5,-18.5,"2026-02-07","Hit"
"55c28c166569884c7e10db4371ad49f7","Oklahoma","Vanderbilt",91,92,124.4,96.6,70.1,"+.056","+9.60","115.0","105.4","+1.64","71",119.6,108,66.9,"-.132","+8.90","114.2","105.3","-6.35",159.5,-12.5,"2026-02-07","Loss"
"c8e5cae75fbe1aeb358b29584737e571","Syracuse","Virginia",72,59,123.6,98.2,65.5,"+.003","+5.14","112.3","107.1","-5.19","68",114.9,103,68.2,"-.054","+5.70","110.6","104.9","-3.14",147.5,-12.5,"2026-02-07","Hit"
"2ca4a32f096ca4f8166140df3da0da94","Houston","BYU",66,77,125.6,100.5,70.3,"-.020","+9.43","113.9","104.5","+3.46","6",125.8,93.6,63.4,"+.025","+7.71","113.0","105.3","+0.64",149.5,1.5,"2026-02-07","Hit"
"6e36f5b3640371ce3ca4be9b8c42818a","Virginia Tech","N.C. State",82,73,123.5,100,69,"-.024","+8.88","114.1","105.2","+5.06","60",115.3,102.3,67.6,"+.042","+6.75","113.5","106.7","-0.67",152.5,-10.5,"2026-02-07","Hit"
"cfbae1e2736d33b33d83d9bc1d3c851f","La Salle","Saint Louis",82,58,121.9,98.6,71.3,"+.038","-0.49","108.1","108.5","-5.24","244",103.9,110.5,64.7,"-.031","+3.97","111.2","107.3","+3.09",152.5,-23.5,"2026-02-07","Hit"
"3c0591ad4a57370f5696ccbbebeabb48","Alabama","Auburn",92,96,125.1,103,67.5,"+.011","+15.11","118.1","103.0","+9.04","22",127.7,103.2,73.5,"-.002","+15.91","118.7","102.8","+12.25",176.5,-2.5,"2026-02-07","Loss"
"32fac721be49bb15a73c8852ee91d24c","Florida","Texas A&M",67,86,121.6,99.8,71.2,"+.002","+5.24","113.3","108.1","-6.44","7",124.4,93.2,69.9,"-.085","+12.92","117.5","104.6","+6.90",168.5,6.5,"2026-02-07","Hit"
"db87a1599ce94ebb1c3e8118da0733e1","Duke","North Carolina",71,68,123.5,101.9,68.2,"+.045","+6.57","112.3","105.7","+1.10","3",126.5,90.9,66,"+.060","+10.36","114.6","104.3","+6.78",152.5,5.5,"2026-02-07","Hit"
"b160c5dd80729492143e7504aac249d7","Tennessee","Kentucky",74,71,121.1,99.6,67.4,"+.019","+11.11","116.2","105.1","+1.78","17",121.5,96,65.6,"-.018","+11.43","117.1","105.7","+0.16",147.5,-1.5,"2026-02-07","Hit"
"8a187d3b8022a78cce69cce1b6c85767","Mississippi","Texas",79,68,125.7,105.3,66.9,"-.098","+10.46","115.0","104.6","-4.91","66",114.7,102.6,65.1,"-.063","+9.69","114.5","104.8","-1.78",146.5,-9.5,"2026-02-07","Hit"
"7ccb8c4c268bdedfcc38285c67ce911d","San Francisco","Saint Mary's",79,54,119.6,99.3,65,"+.020","+3.15","109.7","106.5","+3.34","108",114,107.7,65.4,"-.042","+2.78","109.8","107.1","+1.00",142.5,-11.5,"2026-02-07","Hit"
"958d25abf5ffc5080af9723790b96414","Wisconsin","Indiana",78,77,121,100.8,67.1,"-.037","+8.58","113.8","105.2","-4.63","40",121.1,102.4,69.7,"+.055","+7.33","113.6","106.2","-2.00",155.5,-3.5,"2026-02-07","Hit"
"df38349b3a858c2e73a1553e440000ac","Washington","UCLA",77,73,120.1,100.8,65.1,"-.031","+6.34","113.5","107.2","-3.60","44",118.4,101.6,66.9,"-.086","+12.27","116.7","104.4","-0.96",144.5,-5.5,"2026-02-07","Hit"
"c11be15f853116a8d2332926837e23e1","Boise St.","New Mexico",90,91,115.8,99.2,70.1,"+.014","+3.95","110.9","106.9","+1.26","58",115.7,102.3,66.6,"+.016","+8.72","113.3","104.6","+7.89",151.5,-5.5,"2026-02-07","Loss"
"a4bafaf0db4c6b2b9d84e41d3aaa7c98","Georgia","LSU",71,83,120.7,104.8,66.7,"-.043","+5.16","111.7","106.6","-4.72","42",120.9,102.3,73.2,"-.011","+5.01","112.3","107.3","-7.27",163.5,1.5,"2026-02-07","Hit"
"6ae23ddca5ae9db6540b256b170b7bb4","Kansas St.","TCU",84,82,112.9,98.9,67.9,"-.065","+7.18","113.2","106.0","-6.78","90",114.4,106.1,71.5,"-.067","+9.77","115.1","105.3","+0.62",153.5,-9.5,"2026-02-07","Hit"
"209473e8631dd0b53e6139441e9ee0c4","Fresno St.","Nevada",69,59,118.8,105.5,65.3,"+.014","+5.43","111.5","106.1","+2.96","133",106.6,103.7,68.5,"-.037","+1.92","110.0","108.0","-3.31",144.5,-10.5,"2026-02-07","Hit"
"e6c90cc78c857a548fe93f975d2edf7d","Clemson","California",55,77,115.3,102.3,67.2,"+.063","+4.62","112.2","107.6","-6.38","32",116.7,96,64.1,"+.038","+6.59","112.5","105.9","+0.75",135.5,3.5,"2026-02-07","Hit"
"6196471c3a5010d303eebe8f1c1ae8d1","DePaul","Providence",90,72,122.3,110.2,71.8,"-.136","+9.65","114.0","104.4","-0.26","104",108.2,101.6,66.3,"-.026","+5.27","111.8","106.5","-10.28",155.5,-5.5,"2026-02-07","Hit"
"8fc7ca3e09ee744cbf8c763a626cf30c","Incarnate Word","McNeese",81,64,115.8,104,66.2,"+.058","-0.07","108.3","108.3","+10.52","249",107.6,114.9,67,"-.017","-1.28","108.0","109.2","+6.25",145.5,-15.5,"2026-02-07","Hit"
"89a455c18976ad5b650861d3b8d2ffc9","Seton Hall","Creighton",69,68,117.3,106.3,66.8,"-.002","+9.79","114.5","104.7","+3.66","51",110,94.6,65.8,"-.025","+6.01","112.8","106.8","-4.52",138.5,-1.5,"2026-02-07","Hit"
"0bb8be6374a786981e64b88a11960f30","Arizona St.","Colorado",78,70,119.1,108.3,68.8,"-.010","+7.17","113.2","106.0","-0.94","72",117.4,106.2,69.4,"+.033","+11.62","115.6","103.9","+5.65",157.5,-3.5,"2026-02-07","Hit"
"f78b278a6192a17271e8ac974bf946ba","Louisville","Wake Forest",80,88,114.3,104.1,69,"-.046","+9.50","115.1","105.6","+0.20","20",123.9,98.9,70.1,"-.006","+9.27","112.9","103.6","+1.75",160.5,9.5,"2026-02-07","Loss"
"d418ad5c389d7acf79600fca589dcd00","Georgia Tech","Stanford",95,72,114.1,104,67.2,"+.056","+7.41","112.4","104.9","-0.89","130",108.3,105.3,70.9,"-.026","+2.06","108.8","106.8","-9.66",151.5,-7.5,"2026-02-07","Hit"
"93c50f571c070e5926455d0ac7c027d2","Florida St.","Notre Dame",79,82,113.8,104,65.2,"-.056","+9.19","113.9","104.7","+0.17","97",113.7,106,71.5,"-.065","+8.22","113.3","105.0","-3.23",152.5,-2.5,"2026-02-07","Loss"
"095f534f48d02af3e709856f81a4427d","Villanova","Georgetown",73,80,114.2,104.5,66,"-.021","+6.58","112.4","105.9","-6.14","28",121.7,99.8,63.3,"+.011","+8.48","114.2","105.7","+2.40",138.5,3.5,"2026-02-07","Hit"
"857b392d98150870ae1bcb854ce09695","Arkansas","Mississippi St.",68,88,112.3,102.6,68.9,"+.003","+10.04","115.3","105.3","+1.95","25",125.7,102.7,70.9,"+.008","+11.56","116.3","104.8","+3.87",163.5,5.5,"2026-02-07","Hit"
"71cd8af633d1f12dd26db910a37c2602","Missouri St.","Liberty",79,76,118.7,109.8,63.6,"+.161","-1.56","107.4","109.0","+0.60","200",107.7,110.5,65.1,"+.050","-2.05","107.3","109.3","-1.83",139.5,-9.5,"2026-02-07","Hit"
"85877ac42ed084915f9a916677b07a57","Missouri","South Carolina",59,78,114.1,105.2,66.3,"-.066","+6.00","113.4","107.4","-8.98","57",118.1,104.7,66.5,"+.068","+5.05","112.6","107.6","-7.82",146.5,1.5,"2026-02-07","Hit"
"166fce80b1385ddfb4e884674561ef73","Radford","High Point",86,77,118.6,110.4,68.9,"+.023","-8.74","103.5","112.3","-8.94","241",107.4,113.9,71,"-.021","-6.05","107.1","113.1","-5.85",163.5,-13.5,"2026-02-07","Hit"
"983658825b32ad8e170cda7640b581cf","UC San Diego","Hawaii",72,67,107.6,99.6,69.6,"-.011","-5.14","105.9","111.1","-11.54","118",109.4,105.4,67.6,"-.001","-1.42","108.0","109.4","+0.10",146.5,-6.5,"2026-02-07","Hit"
"b2c99a34da99368f03efde51ddc20d03","San Jose St.","Colorado St.",65,57,118.3,110.6,61.4,"-.028","+4.52","111.9","107.3","-3.34","253",108.8,116.2,63.6,"-.012","+6.15","111.7","105.6","+1.37",135.5,-14.5,"2026-02-07","Hit"
"a5fbc33da95703644a6c5f9d311377ab","SMU","Pittsburgh",67,86,113.3,106.2,63.9,"-.099","+8.46","113.3","104.8","+0.89","39",123.2,104.2,68.8,"-.001","+9.55","114.5","105.0","+1.73",147.5,4.5,"2026-02-07","Hit"
"e0c38cb295c1f28b5912f980ef86f207","Utah St.","Wyoming",83,85,113,106.4,66.3,"-.031","+2.51","110.4","107.9","-4.87","26",121.2,98.6,68.2,"+.047","+4.90","111.9","107.0","+2.56",146.5,8.5,"2026-02-07","Loss"
"1a999d4b31bc0d49d1cfc4287b3c222e","Richmond","Rhode Island",82,77,109.3,103.7,65.3,"-.027","-0.40","109.3","109.7","-5.24","142",111.8,109.8,67.2,"-.031","-1.42","108.7","110.1","-8.58",139.5,-5.5,"2026-02-07","Hit"
"96117bb97b5ecef73f9fc1a478e413d7","Butler","Marquette",70,55,111.7,106.3,69.1,"-.103","+8.74","113.7","105.0","+0.27","73",117.3,106.1,68.6,"-.022","+8.08","113.5","105.4","-2.43",156.5,-2.5,"2026-02-07","Hit"
"cc0bfdf3c160924c05e7eb1770f4a221","George Washington","Duquesne",88,86,111.5,106.2,70.2,"-.071","+0.78","110.1","109.3","-5.68","82",117.9,108.1,69.9,"-.150","-0.23","108.6","108.8","-3.18",160.5,-0.5,"2026-02-07","Hit"
"de9afa57238ada6239ef0c067e7a97b8","Oral Roberts","St. Thomas",92,75,113,108.5,68.2,"+.027","-5.06","107.9","112.9","-1.77","333",100.3,116.4,67.2,"-.017","+1.23","111.6","110.3","+5.05",150.5,-17.5,"2026-02-07","Hit"
"293225061de6c9794898602b3f7b60a5","Longwood","Winthrop",79,74,114.4,110.4,68.4,"+.010","-2.88","108.1","111.0","+2.09","280",102.9,112.7,67.8,"-.013","-8.40","104.7","113.1","-9.75",151.5,-10.5,"2026-02-07","Hit"
"8bfb8f6c3a8c8dbe8d6ad1e2302781a3","Abilene Christian","Cal Baptist",65,63,108,104.1,65.2,"+.096","-2.33","106.9","109.2","-3.59","260",101.5,109.8,66.1,"+.056","-0.20","108.1","108.3","+1.05",135.5,-9.5,"2026-02-07","Hit"
"e9b3876ad53d63f93ccab47f381ab955","UC Irvine","UC Santa Barbara",84,79,115.2,111.5,63.8,"-.009","-2.32","107.4","109.8","-1.07","115",103.9,98.9,68.2,"+.014","-1.69","107.5","109.1","-0.53",138.5,-1.5,"2026-02-07","Hit"
"016c79443daae9bae618590610dcb9bb","Santa Clara","Washington St.",92,96,114.1,111.1,67.3,"-.075","+3.72","110.2","106.5","+4.83","37",120.4,101.1,69.7,"-.000","+3.43","110.4","107.0","+3.95",159.5,8.5,"2026-02-07","Loss"
"31958f589dce3f56b6532d053575253d","Nebraska Omaha","North Dakota St.",92,84,111,108.2,65.8,"+.017","-5.01","106.9","111.9","-1.23","256",105.4,113.1,67.2,"+.007","-3.03","108.6","111.6","+3.39",144.5,-9.5,"2026-02-07","Hit"
"9e9d6ffc902b01771629af6c7f25e415","Grand Canyon","UNLV",80,78,112.6,109.9,70.5,"-.037","+4.62","110.9","106.2","+0.34","63",109.9,97.5,67.8,"-.005","+2.62","110.8","108.2","-4.97",149.5,3.5,"2026-02-07","Hit"
"28671cb65046c5afd9d089f14be44e0e","Purdue Fort Wayne","Wright St.",73,68,111.8,109.3,66.7,"-.030","-2.32","110.2","112.5","+1.44","246",106.3,113.1,68,"+.146","-1.55","110.1","111.6","+8.04",149.5,-7.5,"2026-02-07","Hit"
"df71e9ab8c8abbeedf927cd86c29a934","Miami FL","Boston College",68,74,103.4,101.1,65.6,"-.055","+3.83","111.2","107.4","-6.38","41",119.7,101,68.6,"-.020","+1.37","109.8","108.4","-6.98",140.5,7.5,"2026-02-07","Loss"
"bcb5c24bf0778126c656fa2a4792d331","Akron","Troy",79,69,111.5,109.6,65.9,"+.031","-2.45","107.2","109.7","+3.72","52",120.4,106.4,70.6,"-.015","-3.18","108.5","111.7","-3.11",155.5,4.5,"2026-02-07","Hit"
"3ead009d6e8ad2e5f9ad00e3ea1d0c23","Eastern Washington","Montana St.",71,72,109.1,107.9,65.9,"-.045","+0.01","110.7","110.7","+4.78","222",110,114.8,67.9,"-.103","+2.37","110.5","108.2","+6.50",147.5,-5.5,"2026-02-07","Loss"
"0b57f4211b031890690236c7f3093139","San Diego","Loyola Marymount",83,63,105.3,104.6,67.8,"-.019","+1.55","110.1","108.6","-5.31","211",107.8,111.5,69.8,"+.013","+2.88","110.4","107.5","-2.11",151.5,-4.5,"2026-02-07","Hit"
"abbf3d140bfd826d5aa13de1f345f428","Nebraska","Rutgers",68,80,110.2,109.8,65.5,"+.034","+10.16","114.0","103.9","-7.52","12",122.4,94.5,66.7,"+.047","+8.93","114.3","105.4","-5.36",142.5,13.5,"2026-02-07","Loss"
"c3f87563204d9fe0a804cf3ac5ece2b0","St. Bonaventure","Fordham",67,70,104.6,105.3,64,"-.101","-4.00","107.3","111.3","-15.16","144",113.5,111.7,66.7,"-.000","+0.07","109.1","109.0","-3.97",139.5,1.5,"2026-02-07","Hit"
"670c120141b6780a96d69351fed399a5","Bowling Green","Arkansas St.",91,54,109.7,110.5,71.5,"+.053","-1.23","108.0","109.3","+3.60","121",109.1,105.3,68,"-.127","-3.62","108.0","111.6","-7.59",155.5,-1.5,"2026-02-07","Hit"
"e04c87143f6b94637dd1bd3955b15aca","FIU","Western Kentucky",80,70,105.5,106.4,69.5,"+.004","+0.25","109.8","109.5","+0.96","188",107.8,109.6,72.7,"-.032","-0.38","109.1","109.4","+0.29",157.5,-4.5,"2026-02-07","Hit"
"375d0d4953d08e9e89859014cfd3e45d","Cornell","Columbia",67,88,109.7,110.7,67.3,"+.076","-4.23","108.0","112.3","-6.21","175",119.4,120.4,72.5,"-.054","-1.06","108.3","109.3","+0.33",170.5,-1.5,"2026-02-07","Loss"
"aa43f4966340ce210e32547712f173e1","Eastern Michigan","Appalachian St.",65,60,105.3,106.6,62.6,"+.053","-4.98","106.7","111.7","-1.01","215",103.3,107.5,65.8,"-.064","+0.12","109.7","109.6","+1.97",129.5,-6.5,"2026-02-07","Hit"
"e4c09f20089b0de83d0b59bba561a71c","Princeton","Penn",61,60,109,110.3,69,"+.001","+0.05","109.4","109.4","-0.31","225",105,110.3,64.1,"-.050","-0.67","109.7","110.3","-0.90",141.5,-3.5,"2026-02-07","Hit"
"974baf541d2d083ce845bb3b34d17faf","Cal St. Bakersfield","Cal St. Fullerton",82,66,107.1,108.7,73.5,"-.009","+1.85","110.7","108.9","+6.11","318",101.3,115.4,69.7,"+.050","+0.14","107.9","107.7","-0.55",156.5,-9.5,"2026-02-07","Hit"
"f0bf33937f3d570eaa761ad0ea901baa","Drexel","Elon",77,82,113.7,115.3,67.2,"-.021","-2.58","108.4","111.0","-1.46","224",102.1,107.3,63.6,"-.031","-5.64","105.2","110.8","-8.63",140.5,-4.5,"2026-02-07","Loss"
"9031d4d2027ae3850f6f0e7ff03d538b","Seattle","Portland",54,53,107,109.2,69.3,"+.043","+4.24","111.8","107.6","-0.11","131",102.1,99.1,68.4,"+.040","+0.35","110.1","109.8","-4.72",140.5,3.5,"2026-02-07","Hit"
"6445c2b43235b2d7493d463307446b24","Niagara","Quinnipiac",56,55,105.5,107.9,70.3,"+.063","-6.59","105.1","111.7","+0.61","345",98.3,117.2,62.2,"-.044","-7.37","104.9","112.2","-4.61",137.5,-13.5,"2026-02-07","Hit"
"3b467c5133c1706094c173a75c5efd92","UT Rio Grande Valley","New Orleans",76,95,111.7,114.2,69.5,"+.043","+2.26","109.2","106.9","+15.09","156",107.6,107,66.8,"-.052","-1.10","108.2","109.3","+8.26",150.5,1.5,"2026-02-07","Hit"
"0d2b150133cd19665654bf31faf7d63b","North Florida","Queens",91,72,115.5,118.3,69.1,"+.025","-4.35","109.3","113.7","+6.55","337",109.8,126.9,70.7,"-.012","-1.91","108.5","110.4","+7.20",176.5,-15.5,"2026-02-07","Hit"
"3584e8e39890d3fd56f56b6fffc5104c","South Dakota","South Dakota St.",67,68,108.9,112,67.7,"-.120","-2.24","107.5","109.8","+1.23","284",107,117.3,70.5,"+.065","-5.47","106.4","111.8","-4.23",157.5,-10.5,"2026-02-07","Loss"
"5f40af0021c3b410fc537601d4b9a95a","Gonzaga","Oregon St.",61,81,107,110.3,65.5,"+.115","+1.03","108.8","107.8","-2.46","14",121.9,94.9,69.9,"+.086","+4.29","111.7","107.4","+6.43",145.5,17.5,"2026-02-07","Hit"
"fbf3c8308c23cceba27a494f0e75cd5b","Northern Arizona","Weber St.",72,53,110,115,69.4,"-.058","-2.70","107.7","110.4","-1.30","307",106,119,64.1,"+.045","-1.71","109.2","110.9","-0.25",152.5,-6.5,"2026-02-07","Hit"
"eee6146d4e10af9a0c8b3f8b1d73f3a4","New Hampshire","Vermont",80,57,108.9,114.4,64.8,"-.007","-7.05","104.6","111.7","-1.25","322",98.4,112.8,67.5,"+.014","-4.54","106.2","110.8","+6.26",137.5,-9.5,"2026-02-07","Hit"
"2a1749d264fbc15f54e9fb5bc7794ef7","Detroit Mercy","Green Bay",76,63,112,117.6,63.1,"+.089","-0.82","111.0","111.8","+6.59","252",107.7,115.1,68.8,"+.025","-2.48","108.9","111.4","+7.03",152.5,-3.5,"2026-02-07","Hit"
"bfb72df1c61f21589725bf395aded9f8","Mount St. Mary's","Iona",76,83,103.4,109.4,69.4,"+.073","-6.88","105.3","112.2","-3.31","306",98.5,111.3,68.1,"+.048","-5.83","104.9","110.7","-0.60",139.5,-4.5,"2026-02-07","Loss"
"03bef744b56ba731d938fe1997ccd076","Massachusetts","Coastal Carolina",94,91,102.4,108.7,67.1,"+.092","-4.59","106.0","110.6","-0.82","186",108.3,109.9,70.8,"-.045","-5.35","106.7","112.0","-7.32",149.5,1.5,"2026-02-07","Hit"
"0edbe2fe83e81cf334da1758e508bab0","Kent St.","Southern Miss",66,65,104.1,110.5,68.1,"+.011","-3.39","107.1","110.5","+3.37","138",111.2,108.6,70.6,"+.157","-1.40","110.7","112.1","-2.96",150.5,5.5,"2026-02-07","Hit"
"a9b2814ff086f76873e99f798f3207d8","Siena","Saint Peter's",70,65,104.1,110.6,65.4,"+.076","-8.36","103.5","111.9","-0.49","173",109.4,110.2,64.4,"+.006","-10.09","102.9","112.9","-6.69",137.5,1.5,"2026-02-07","Hit"
"8fabd19aae55f8268a22cfc8c840dc2c","Sam Houston St.","Louisiana Tech",87,78,101.2,108.2,63.2,"+.035","-4.13","106.6","110.7","-7.07","105",113.3,106.8,70.3,"+.003","+0.62","109.6","108.9","+5.36",141.5,3.5,"2026-02-07","Hit"
"88972e6c0ba0a38d9388d72b9dd0511f","Portland St.","Sacramento St.",73,74,106.6,113.9,71.9,"+.036","+2.02","111.2","109.2","+8.43","137",104.2,101.6,67.7,"+.014","-2.38","109.8","112.1","+1.50",152.5,4.5,"2026-02-07","Loss"
"0f010c6fbef057f15f03cb0977dd8119","William & Mary","Hampton",77,74,102.1,110,64.9,"-.003","-4.41","105.5","109.9","-6.84","127",111.6,108.4,73.1,"+.028","-0.51","108.7","109.2","+0.91",152.5,4.5,"2026-02-07","Hit"
"4900c86ba870f161dfd24e56a7046f87","Ohio","Old Dominion",78,72,103.6,112.1,68.9,"-.073","-0.55","109.1","109.6","+6.59","213",107.4,111.2,69.5,"+.073","-0.66","109.0","109.7","+2.21",154.5,2.5,"2026-02-07","Hit"
"e285f065bf9b90d3e499b553605b527a","Temple","East Carolina",73,81,100.7,109.3,68.6,"-.010","+0.06","109.9","109.8","-2.96","146",112.6,111.1,65.1,"+.020","-2.97","106.6","109.6","-2.81",139.5,3.5,"2026-02-07","Hit"
"d1014adca756b603f6ea74f29a07cf8b","Marist","Fairfield",63,60,107.5,116.1,66.9,"+.065","-9.38","103.2","112.6","-7.69","157",101.2,100.7,66.3,"-.008","-9.14","103.9","113.0","-6.19",138.5,-1.5,"2026-02-07","Hit"
"478a73159675e2882d3df9a8ddce9d7c","Pacific","Pepperdine",59,92,102,110.6,67.1,"-.063","+3.11","110.6","107.5","-2.72","112",111.7,106,64.4,"-.002","+1.14","109.1","107.9","+0.63",139.5,7.5,"2026-02-07","Hit"
"79e5148c5cb046cb84166971fa61c331","Western Michigan","Texas St.",77,61,101.4,110.3,66.8,"+.087","-7.01","104.9","111.9","-8.78","277",108.2,117.9,67.5,"-.002","-1.57","108.2","109.8","-2.37",146.5,-5.5,"2026-02-07","Hit"
"28c76498ecfd6256cfd9d91eb36b7897","Gardner Webb","Presbyterian",68,62,103.9,113.1,63.9,"-.033","-4.15","107.3","111.5","-1.23","363",95.3,123.5,69.8,"+.004","+0.29","109.5","109.2","+5.48",146.5,-16.5,"2026-02-07","Hit"
"595d58b2ac36649460567ac19f349237","Denver","North Dakota",79,98,107.1,116.3,67.4,"+.115","-4.18","107.3","111.5","-0.22","255",114.2,121.9,68.6,"+.023","-0.32","109.6","109.9","+6.67",161.5,-3.5,"2026-02-07","Loss"
"5aa859eace8ba6c4967ab1e39ee350e0","Alabama A&M","Southern",81,68,103.2,112.5,70.4,"-.000","-0.91","108.9","109.8","+14.17","304",101.4,114,65.9,"+.062","-9.34","103.3","112.7","-1.64",144.5,-7.5,"2026-02-07","Hit"
"4222fc6c1eed64ec9c9dcedc2660ea87","Florida Gulf Coast","Bellarmine",81,65,114.2,123.8,64.5,"+.008","-4.12","109.2","113.3","+3.42","220",108.6,113.2,67.8,"-.082","-3.27","108.4","111.7","+0.13",154.5,1.5,"2026-02-07","Hit"
"19fee3f49f71446852e77e79e8f4b249","Tarleton St.","Southern Utah",59,62,104,113.6,70.3,"-.015","+2.40","109.5","107.1","+4.25","207",105.5,108.6,70.3,"-.064","+1.39","108.0","106.6","+2.89",149.5,-1.5,"2026-02-07","Loss"
"a3347ce7f3c839e4203d9dba7dfeab66","New Mexico St.","UTEP",91,88,101.2,110.9,64.9,"-.010","-0.31","107.5","107.8","+3.55","170",110.5,111.1,66.2,"-.105","-1.13","107.8","108.9","+0.32",137.5,1.5,"2026-02-07","Hit"
"b0f03112773aa67d50733d809525e3c8","Northern Illinois","Georgia St.",74,75,101.3,111.1,67.7,"-.015","-1.61","107.8","109.4","+1.93","299",100.6,112.7,67.2,"-.030","-0.62","108.9","109.5","+3.05",143.5,-5.5,"2026-02-07","Loss"
"7d818971960108f21d5a9a0cbc7a47d4","The Citadel","Chattanooga",71,78,103.8,114.1,66.4,"-.004","-4.35","108.9","113.3","-3.11","350",99.5,119.1,64,"-.005","-5.26","108.0","113.3","-1.84",138.5,-9.5,"2026-02-07","Loss"
"b2266f2ff614be7332be8ee95c3c4902","Campbell","North Carolina A&T",71,79,103.7,114.1,69.2,"-.023","-4.03","106.9","111.0","-8.78","206",110.9,113.9,70.5,"+.018","+2.01","110.4","108.4","+6.57",159.5,3.5,"2026-02-07","Hit"
"b8f9ab06f330a10f35c8d54f60915aec","Saint Francis","Le Moyne",86,84,103.8,114.4,68.9,"-.015","-8.07","104.3","112.4","-1.91","358",98.4,120.6,69.4,"+.021","-4.31","106.6","110.9","+6.02",150.5,-7.5,"2026-02-07","Hit"
"944f04f90fcb73a78794f0167740e579","Northwestern St.","East Texas A&M",52,48,100,110.6,69.1,"+.027","+0.06","108.8","108.7","+7.36","286",105.9,116.4,65.2,"-.044","+0.51","108.3","107.8","+8.49",142.5,-2.5,"2026-02-07","Hit"
"57937afeb88bbc851f3a41c64d9c4d09","Middle Tennessee","Delaware",89,88,102,113,63.1,"-.041","-3.36","107.2","110.5","-6.05","184",106.3,107.8,65,"-.008","+2.62","110.5","107.9","+11.92",129.5,4.5,"2026-02-07","Hit"
"6314f36553768794ebf71e195be9289f","Loyola MD","Boston University",78,69,110,121.1,63.3,"-.040","-6.92","104.8","111.7","-3.93","324",104,118.8,68.2,"-.019","-8.90","103.5","112.4","-6.32",145.5,-3.5,"2026-02-07","Hit"
"1b541efb7bc6142f2960e4c100324c88","Charleston Southern","USC Upstate",100,94,99.4,110.9,68,"+.027","-4.01","107.2","111.2","-2.11","243",103.5,110.2,71.5,"-.103","-4.92","107.1","112.0","-4.81",150.5,1.5,"2026-02-07","Hit"
"904f701a136baa83c64498903acc37a1","Wagner","Central Connecticut",84,67,105.3,116.8,64.7,"+.069","-8.40","103.4","111.8","-1.56","327",103.7,118.8,65,"-.038","-8.44","103.7","112.2","+4.62",137.5,-5.5,"2026-02-07","Hit"
"2c16a9135d740f73f6a32f8112b34a6c","Alcorn St.","Arkansas Pine Bluff",84,77,103,115.6,69.9,"+.094","+1.71","109.6","107.9","+14.04","349",98.2,117.7,67.7,"+.022","+0.71","108.8","108.1","+11.46",145.5,-8.5,"2026-02-07","Hit"
"f55588ebfdb651ffe6f9be28a770cb69","UMass Lowell","Albany",79,89,102.1,115.9,65.6,"-.076","-3.79","107.1","110.9","+4.92","330",100.9,116.7,69.3,"-.015","-5.74","105.1","110.9","+2.21",144.5,-3.5,"2026-02-07","Loss"
"98431249d7f4359c3d11f97587a0b0d6","Cleveland St.","IU Indy",82,74,105.8,120.1,73.4,"-.010","-2.27","109.1","111.4","-0.55","293",110.9,122,69,"+.059","-1.22","110.5","111.7","+4.04",170.5,-1.5,"2026-02-07","Hit"
"bd1305c4ad7edd3f3fe3a0013c6c3956","Jacksonville","West Georgia",87,73,100.6,116.4,68.7,"+.087","-5.92","108.6","114.5","+0.11","297",101.2,113.1,63.3,"-.002","-1.05","110.0","111.0","+5.09",137.5,-1.5,"2026-02-07","Hit"
"85c608ab5732d96cfc3d063f33313b0c","Lehigh","Holy Cross",76,67,100.7,116.6,65,"+.000","-4.31","107.1","111.4","+0.78","301",100.6,112.9,66.9,"+.035","-7.14","105.3","112.5","-1.00",138.5,1.5,"2026-02-07","Hit"
"003627d6a82048d30a57640383af250e","Mercyhurst","Fairleigh Dickinson",55,52,101.7,117.6,65.2,"-.046","-6.23","104.7","111.0","+5.97","294",100.6,111.9,63.7,"+.001","-9.76","103.5","113.3","+0.60",129.5,-1.5,"2026-02-07","Hit"
"4abac8e1c609937e2f1b96a2276ced29","Sacred Heart","Manhattan",80,68,105.7,122.2,67.9,"+.055","-6.76","104.3","111.1","-2.46","289",107.8,118.7,68.8,"-.015","-6.23","105.1","111.3","-1.17",160.5,1.5,"2026-02-07","Hit"
"970217b39e55a286b710f395efbbf6a1","Chicago St.","New Haven",57,63,96.1,112.7,62.8,"+.044","-5.32","104.7","110.0","+3.65","356",97.9,119.9,66.5,"-.033","-0.56","107.9","108.5","+11.73",127.5,-5.5,"2026-02-07","Loss"
"e2595ee9791d1b54de87eaec5a13d43e","Lafayette","Army",60,63,101.9,119.1,66.5,"+.096","-6.49","106.2","112.6","-2.63","315",101,114.9,67,"-.049","-5.43","106.1","111.5","-1.49",143.5,1.5,"2026-02-07","Hit"
"a152668788f018b785d425d7d7ec0144","San Diego St.","Air Force",54,88,95.1,114,65.3,"+.003","+2.94","110.7","107.7","-5.00","43",113.9,96.2,68.8,"+.051","+6.71","112.8","106.1","+5.86",136.5,21.5,"2026-02-07","Hit"
"76a8776d2db7fb6dfdf0be99ed9d52f3","North Texas","UTSA",58,81,98.6,117.7,68.3,"+.010","+1.65","110.0","108.4","+0.60","154",101.5,100.9,64.7,"-.024","+0.38","110.0","109.6","-2.48",138.5,10.5,"2026-02-07","Hit"
"4e019cb0114289e9c1bff3f31037e2ba","Ball St.","Louisiana Monroe",68,73,99,119.6,70.8,"-.093","-4.32","105.8","110.1","+1.74","321",99.3,113.7,63.6,"+.022","-2.38","108.1","110.5","-5.31",140.5,4.5,"2026-02-07","Hit"
"293842e38b7d3a0f02868d860d48f6dc","Merrimack","Rider",47,73,98.1,119.7,65.1,"-.038","-2.39","107.7","110.1","+10.34","199",105.9,108.5,63.8,"+.135","-4.07","106.9","111.0","+2.85",137.5,9.5,"2026-02-07","Hit"
"217dccfe363b12e516b9069e4447baeb","East Tennessee St.","VMI",70,87,99.4,123,66.5,"-.007","-4.75","108.1","112.8","-1.58","125",111.6,108.3,65.9,"-.025","-7.83","106.0","113.9","-4.87",144.5,14.5,"2026-02-07","Hit"
"63fd4a34095bedb3c2ca59fc58a5373f","Jackson St.","Mississippi Valley St.",81,97,88,121,66.6,"-.053","-2.53","107.8","110.3","+5.73","342",99.7,117.6,69.9,"+.077","-0.02","108.8","108.8","+13.11",143.5,8.5,"2026-02-07","Hit"
"6b14adb12bbba2aee9e918fd8fb89735","Northwestern","Iowa",76,70,123.7,98,63.4,"-.020","+6.06","112.8","106.7","-7.91","71",117.2,105.5,65.7,"-.112","+9.77","115.4","105.7","-2.14",140.5,-12.5,"2026-02-08","Hit"
"b0bc6839ab23fe05c984f3302d9615f7","Michigan","Ohio St.",61,82,123.4,104.1,66.5,"-.040","+7.76","114.0","106.2","-4.21","2",126.4,89.7,72.5,"+.041","+11.82","116.4","104.6","+10.54",159.5,9.5,"2026-02-08","Hit"
"ac3542b6a4d08086c99b620d64b9ffa4","Texas Tech","West Virginia",63,70,112.3,99.3,62.1,"+.018","+4.49","111.1","106.6","-9.22","21",124.7,100.2,67.7,"+.019","+13.31","118.5","105.2","+7.62",136.5,4.5,"2026-02-08","Hit"
"433431ee3d14c36b289778979b234b6e","UCF","Cincinnati",92,72,106.8,94.5,68,"-.091","+8.74","113.7","104.9","-3.07","46",121.8,105.3,68.6,"+.140","+8.89","114.4","105.5","-2.23",145.5,-3.5,"2026-02-08","Hit"
"c49bdac95a0575b07541ac104eb6e78d","Tulsa","South Florida",80,74,117.9,106,72.1,"-.071","+2.69","111.5","108.8","+4.03","54",123.1,109.4,68.3,"+.065","+0.17","109.2","109.0","-2.67",171.5,-3.5,"2026-02-08","Hit"
"e7a7321147c77050f911c9997982e42c","Maryland","Minnesota",62,67,114.1,103.1,63.3,"-.081","+9.27","115.9","106.6","-8.94","149",110.2,108.7,67.1,"+.016","+12.84","117.2","104.3","-0.28",138.5,-8.5,"2026-02-08","Loss"
"74aef849b3deb40d70287c6ad7ec4a7f","Charlotte","Memphis",77,54,107.5,100.2,69.6,"-.041","+5.55","113.1","107.6","+9.06","165",113.8,113.9,63.2,"+.021","-0.68","109.6","110.2","-0.46",144.5,-8.5,"2026-02-08","Hit"
"60ae73fe8be3bc2fa0994c3f44784b34","Rice","UAB",71,65,111.7,108.4,69.5,"-.004","-0.79","108.9","109.7","-4.89","230",109.6,115.2,65.1,"+.016","-0.42","108.9","109.3","-2.35",152.5,-8.5,"2026-02-08","Hit"
"7f3a979131db946a0b3a6d4c3db25e83","USC","Penn St.",75,77,116.3,113.6,67.1,"-.002","+8.01","114.7","106.7","-8.11","49",116.5,100.7,69.9,"+.107","+9.12","114.7","105.6","-0.65",155.5,3.5,"2026-02-08","Loss"
"8860c1811da28a12a5d204c313ab5302","UNC Greensboro","Furman",64,67,108.4,109.4,66.2,"+.027","-5.03","108.6","113.7","-0.44","311",107,120.7,66.8,"+.051","-4.30","108.7","113.0","-0.03",150.5,-12.5,"2026-02-08","Loss"
"93f20eb01b8761e8b5ca8ddf8e32d2f5","Wichita St.","Tulane",61,75,110,111.9,66.4,"+.106","-1.44","107.4","108.9","-3.87","94",113.8,105.9,65.6,"-.092","+0.01","109.7","109.6","-2.85",146.5,3.5,"2026-02-08","Hit"
"7030f28cdeb54fbd95dfc13725bb710f","Arizona","Kansas",82,78,120.5,93,66.9,"+.022","+14.06","116.8","102.7","+11.52","2",126.1,89,71,"+.036","+8.89","114.2","105.3","+3.88",151.5,2.5,"2026-02-09","Hit"
"c495ba66d7c26d04ae2d33c198b70e7a","Xavier","St. John's",87,82,122.7,97.2,69.8,"-.022","+10.12","114.4","104.3","+7.20","101",113.5,106.1,70.2,"+.045","+8.82","112.4","103.6","+0.92",162.5,-14.5,"2026-02-09","Hit"
"5e1aa928201fd5c2d87346ed74e4d0c4","N.C. State","Louisville",118,77,124.2,99.1,69.9,"+.006","+9.68","113.0","103.3","+1.86","24",123.1,99.7,69,"-.015","+8.87","113.9","105.0","+5.09",161.5,-6.5,"2026-02-09","Hit"
"5d17e60236b71d564241ca0944a82f0c","Oregon","Indiana",92,74,120.8,100.8,66.5,"-.019","+8.96","113.9","105.0","-4.65","99",112.8,105.3,65.5,"-.078","+12.17","115.4","103.3","+2.00",142.5,-11.5,"2026-02-09","Hit"
"3cd43d525d3ec74dd7e5340908b88891","Houston Christian","McNeese",73,69,115.8,103.8,65.8,"+.056","-0.61","108.1","108.8","+10.50","302",105.2,117.8,63.5,"+.013","-2.37","106.9","109.2","-1.29",139.5,-18.5,"2026-02-09","Hit"
"720b5f750b813d58610fe1904e537cca","East Texas A&M","Stephen F. Austin",74,70,112,102.7,66.2,"-.012","-4.50","105.5","110.0","-4.20","282",98.3,108.7,68.9,"+.046","-0.60","108.5","109.1","+7.43",141.5,-15.5,"2026-02-09","Hit"
"6580bad1b1a5df95e9b57c63a1aec078","Northern Iowa","Murray St.",60,89,118.7,110.5,72,"+.027","-0.24","108.6","108.8","-3.97","107",103.9,97.6,61.6,"-.037","+0.38","108.6","108.2","-0.86",142.5,-4.5,"2026-02-09","Loss"
"41ebe0bb482d21b76fc0b72fb9ba69cc","Belmont","Bradley",95,84,110.4,108.4,67.4,"+.055","-1.01","107.7","108.7","-4.23","58",119.8,106.5,68.6,"+.021","-1.18","107.0","108.2","-5.69",154.5,2.5,"2026-02-09","Hit"
"cdda07a8325f953c25abce8eab6ab988","UNC Wilmington","Charleston",64,76,108.5,108.5,67.9,"+.101","-2.22","109.1","111.3","-0.77","115",113.4,108.5,64.6,"+.032","-5.69","104.5","110.2","-8.48",149.5,-1.5,"2026-02-09","Loss"
"33cc21cd8951ab80e32e7269e2a1e7b7","Valparaiso","Drake",76,81,110.4,111.7,67.1,"-.056","+0.86","109.3","108.4","-4.46","155",106.2,105.3,64.9,"-.017","+0.84","108.6","107.7","-5.93",143.5,-2.5,"2026-02-09","Loss"
"04459d9e0e0db9a14f824ad9d8f707b4","Northwestern St.","Lamar",68,70,107.2,109.1,65.1,"-.053","-2.18","106.7","108.9","+0.37","285",103.9,114.6,65,"-.054","+0.13","108.0","107.9","+8.11",136.5,-8.5,"2026-02-09","Loss"
"4afdb0df12052859783d2c5a346162ea","Southern Illinois","Indiana St.",65,80,106.6,109.4,68.4,"-.085","-0.60","107.2","107.8","-6.47","122",104.9,101.4,69.2,"-.128","+3.73","110.5","106.7","+0.80",145.5,-1.5,"2026-02-09","Loss"
"7acc87605c27043da237397bd7ada3cb","Texas A&M Corpus Chris","New Orleans",84,78,111.5,115.1,69.6,"+.039","+1.97","108.6","106.7","+14.80","192",103.2,105.4,65.8,"+.020","+0.90","109.4","108.5","+17.85",148.5,1.5,"2026-02-09","Hit"
"315aacd12d99ac1fccfdc3cb66c9a966","Texas Southern","Bethune Cookman",79,69,104.1,109,68.7,"+.081","-3.14","106.8","109.9","+14.37","308",102.6,115.9,69,"-.073","-4.26","106.0","110.3","+12.78",149.5,-7.5,"2026-02-09","Hit"
"e5fd69a1f7038b43548ffcc63ad37a14","UT Rio Grande Valley","Nicholls",72,92,105.4,112.3,68.4,"+.049","+0.50","108.6","108.1","+10.82","145",108.2,106.3,67,"-.051","-0.84","108.4","109.3","+8.70",145.5,1.5,"2026-02-09","Hit"
"bd865c79996e9695c5d8b33e2665e179","Yale","Howard",81,87,99.9,106.8,68.8,"-.008","-11.37","101.9","113.2","-2.77","75",122,111.1,65.2,"+.056","-1.78","108.2","110.0","+1.20",147.5,8.5,"2026-02-09","Loss"
"6f8e0c0f66ffd89ca900da48ce897172","Alabama A&M","Grambling St.",58,66,100.1,108.7,66.4,"+.020","-6.30","104.7","111.0","+1.25","309",101.2,114.4,65.6,"+.050","-9.14","103.5","112.6","-1.90",135.5,-4.5,"2026-02-09","Loss"
"e751c80a9736a2a2145849f22bb708b1","Alabama St.","Southern",69,68,104,112.7,70.1,"+.008","-1.83","108.1","109.9","+14.63","317",100,114.1,69.5,"-.029","-3.05","105.7","108.8","+8.23",151.5,-7.5,"2026-02-09","Hit"
"5ced6df07a8d42d0c5f1cd7d2b67c7c7","Incarnate Word","Southeastern Louisiana",74,62,98.1,107.8,65.3,"-.001","+0.38","108.8","108.4","+5.57","254",107.7,115.1,66.7,"-.015","-0.23","108.3","108.6","+5.84",138.5,-1.5,"2026-02-09","Hit"
"af81c651b77df25f8746eb68af96c7dd","Illinois St.","Evansville",88,80,99.7,111.9,67.1,"-.048","+3.41","110.0","106.6","+2.85","87",110.3,101.3,66.7,"-.040","-0.03","109.0","109.0","-1.88",138.5,9.5,"2026-02-09","Hit"
"eb23a44bdf173b22dfcdd6bfaedb960c","Jackson St.","Arkansas Pine Bluff",84,63,103.8,116.1,69.6,"+.107","+0.58","108.9","108.3","+14.31","338",100.6,118.1,70.1,"+.083","-1.41","107.8","109.2","+13.13",157.5,-6.5,"2026-02-09","Hit"
"c43b3359273f53a5789c055ef2709ba8","Navy","Bucknell",60,76,99.1,114.3,66.2,"+.022","-4.89","107.3","112.2","+1.44","166",105.3,105.5,65.2,"+.066","-11.81","103.0","114.8","-8.86",134.5,7.5,"2026-02-09","Hit"
"f148ba7834596747b5dc84c7f5298d5d","Prairie View A&M","Florida A&M",100,96,96.6,112.4,67.1,"+.029","-5.32","105.6","110.9","+7.16","322",100,114.8,72.6,"-.000","-4.34","106.5","110.8","+9.29",147.5,-2.5,"2026-02-09","Hit"
"8589ec2198f46e55ff1b9b77c5e78918","Central Arkansas","North Alabama",65,72,101.4,119.3,65.1,"+.065","-2.55","108.8","111.3","+3.09","165",108.8,109,68.1,"+.004","-4.09","108.8","112.8","+5.73",149.5,7.5,"2026-02-09","Loss"
"d10035d9f46a6ebcfd33bc6f6b23fe5c","Delaware St.","North Carolina Central",72,63,99.7,118.3,66.2,"+.034","-1.85","107.5","109.3","+9.39","360",88,112.1,66.6,"-.040","-8.44","103.3","111.8","+0.32",134.5,-7.5,"2026-02-09","Hit"
"4b884b7909ec80756fc09db4223867b4","Saint Francis","Chicago St.",80,75,98.1,119.3,66.2,"-.018","-1.49","107.1","108.6","+11.15","356",98.6,120.2,69.6,"+.003","-4.37","106.6","110.9","+6.38",145.5,-2.5,"2026-02-09","Hit"
"c9bc6c74a39a82436636610d09754453","Alcorn St.","Mississippi Valley St.",66,74,88.6,122,66.8,"-.054","-3.48","107.0","110.5","+5.82","349",99,118.4,67.4,"+.011","+0.42","108.5","108.1","+11.81",141.5,7.5,"2026-02-09","Hit"
"61761f773057dd16787bf9a9179c70bc","Wisconsin","Illinois",90,92,130.6,97.3,65.5,"+.004","+11.75","115.5","103.7","+4.18","40",120.7,101.8,69.1,"+.028","+8.21","113.6","105.4","-1.75",155.5,-11.5,"2026-02-10","Loss"
"07f42219e9fef5484a656d6b23a4d341","Purdue","Nebraska",77,80,121.6,93.7,66.8,"+.047","+8.72","114.0","105.3","-5.52","10",127.4,97.9,65.1,"+.019","+11.40","115.6","104.2","+7.44",148.5,-1.5,"2026-02-10","Loss"
"692fd5cbb5f2ed0afb60dcab3935315c","Washington St.","Gonzaga",83,53,122.7,94.9,69.2,"+.082","+4.33","111.2","106.8","+6.88","126",114.8,111.5,67.3,"-.087","+4.29","110.0","105.7","+4.88",156.5,-20.5,"2026-02-10","Hit"
"67d953054b3954d8338c2d0e0222c117","Fresno St.","Utah St.",91,78,121.3,99,68,"+.061","+5.29","111.6","106.4","+2.30","128",105.8,102.6,68.1,"-.042","+2.85","110.2","107.4","-3.33",149.5,-18.5,"2026-02-10","Hit"
"b6fc8657d9ab49b56b0aafb574e8ef80","Marquette","Villanova",77,74,121.3,99.2,63.6,"+.019","+8.83","113.9","105.0","+2.37","106",110.8,104.4,68.8,"-.094","+8.66","113.4","104.7","+0.51",145.5,-9.5,"2026-02-10","Hit"
"0dd35434632eb878faa3d79338acf8f9","Vanderbilt","Auburn",76,84,125,103.1,67.4,"-.011","+15.57","118.0","102.4","+8.91","14",123.9,97,70.2,"+.028","+9.60","114.8","105.2","+1.96",162.5,-3.5,"2026-02-10","Loss"
"53c82d64d9fee3128730f3f1e0d77b1f","Notre Dame","SMU",89,81,123.4,103.5,68.7,"-.001","+9.62","114.0","104.4","+1.79","82",113.4,103.8,65.2,"-.072","+9.06","113.3","104.2","+0.42",154.5,-11.5,"2026-02-10","Hit"
"f9f88ff2ea980bba02d9ca1f01b06325","North Carolina","Miami FL",75,66,118.9,100.4,68.6,"-.008","+1.50","109.2","107.7","-7.36","25",123.2,100.8,67.8,"+.056","+7.74","112.6","104.8","+1.40",156.5,0.5,"2026-02-10","Hit"
"20f50fca14d9bdade26c32c0d4dc96bd","BYU","Baylor",94,99,121.4,104.1,67.8,"-.062","+11.96","113.7","101.7","+0.12","22",125.3,100.9,69.7,"-.025","+10.51","114.0","103.5","+3.74",161.5,3.5,"2026-02-10","Hit"
"a71ee5a69ce1536df83ded23cf2aa871","Arkansas","LSU",62,91,120,105,66.2,"-.051","+5.70","111.7","106.0","-4.76","23",125.8,101.7,70.7,"+.009","+11.90","115.9","104.0","+4.38",161.5,5.5,"2026-02-10","Hit"
"2f6463d2739cf0dc856b01fcea5ad127","Iowa St.","TCU",62,55,112.7,99.1,67.7,"-.046","+7.02","112.7","105.6","-7.03","6",125.3,92.7,67.1,"+.034","+7.16","112.1","104.9","-2.56",147.5,6.5,"2026-02-10","Hit"
"459a8bebd3973213c942a7d254d8ebf0","Oklahoma St.","Arizona St.",85,76,116.6,105.5,69,"+.021","+12.03","115.6","103.5","+5.80","58",117.2,104,72.2,"+.103","+8.15","113.1","105.0","-2.31",163.5,-2.5,"2026-02-10","Hit"
"9553c659015212001d837cd86ff2e4b8","Rhode Island","George Washington",75,70,118,108.6,69.5,"-.166","+0.18","108.4","108.2","-3.46","114",109.2,103.7,65.3,"-.013","-0.64","108.8","109.5","-5.44",150.5,-4.5,"2026-02-10","Hit"
"f8a1c815dae7076ea0205a4cbaa27b79","Virginia","Florida St.",58,61,113.5,105.4,71.6,"-.043","+8.60","113.1","104.5","-3.42","16",123,97.3,65.1,"+.005","+5.24","111.9","106.7","-5.19",152.5,8.5,"2026-02-10","Loss"
"42d29a42babbc2928a9b5d2985226bf8","Duke","Pittsburgh",54,70,112.5,106.3,63.7,"-.099","+8.70","113.0","104.3","+0.53","3",125.6,90.2,65.6,"+.036","+11.57","114.9","103.3","+6.91",137.5,16.5,"2026-02-10","Loss"
"6e0cb367f080305c00b5bd6a82a040b3","Houston","Utah",52,66,114.1,110.2,67.3,"-.011","+8.61","113.7","105.1","-0.62","5",126.2,93,62.8,"+.027","+8.79","113.5","104.7","+0.34",142.5,16.5,"2026-02-10","Loss"
"63b91223282b548daba34512b8dc8e03","San Jose St.","UNLV",82,75,112.6,109.5,70.4,"-.014","+5.04","110.4","105.3","+0.53","250",107.1,114,63.9,"-.020","+6.72","112.1","105.4","+1.52",152.5,-12.5,"2026-02-10","Hit"
"b92b372a05599d66fc3458da68b24fca","George Mason","Richmond",82,70,111.6,109.7,67.2,"-.047","-0.96","108.4","109.4","-8.75","80",113.2,103.3,64,"+.049","-2.35","108.1","110.5","-7.25",141.5,4.5,"2026-02-10","Hit"
"34f33672fa0b7d2cd9d2c2d38998683d","Fordham","Saint Joseph's",64,68,105,103.3,67.7,"+.090","+1.08","109.0","107.9","-4.76","174",103.9,105,63.8,"-.116","-4.03","107.0","111.1","-15.38",134.5,-5.5,"2026-02-10","Loss"
"ed03bc09ae782d3baf7766a569b206d8","Milwaukee","IU Indy",88,92,105,118.9,73.3,"-.002","-3.01","108.3","111.3","-0.74","269",105.2,114.3,67.3,"-.011","-1.16","109.9","111.1","+6.81",162.5,1.5,"2026-02-10","Hit"
"4f3debdc9036596ec9d80b0b8a511085","Colorado St.","Air Force",74,91,94.7,113.8,65.2,"+.006","+3.84","110.4","106.5","-4.48","100",116.5,109.1,61.7,"-.013","+3.86","111.3","107.5","-3.19",134.5,15.5,"2026-02-10","Hit"
"8dc00b873f18a07bf9bfd8658e5d95cd","Eastern Illinois","Western Illinois",79,70,93.6,119.7,65.7,"-.080","-5.71","104.6","110.3","-1.55","316",94.5,108.5,65.1,"+.042","-3.75","106.0","109.8","+12.54",131.5,4.5,"2026-02-10","Hit"
"c65aa660af8547abf095efa913131765","Colorado","Texas Tech",78,44,123.8,99,67.8,"+.027","+13.58","117.4","103.8","+7.69","72",119,107.7,68.4,"-.000","+7.35","112.7","105.4","-0.74",156.5,-13.5,"2026-02-11","Hit"
"7bf4817634e2be7fc42d90d3e25aec1a","Virginia Tech","Clemson",66,76,116.6,94.6,64,"+.034","+7.05","112.4","105.3","+0.66","59",114.6,101.7,67.6,"+.028","+7.54","113.5","106.0","-1.07",137.5,-8.5,"2026-02-11","Loss"
"0eca9e653250e1c78dfb71afa036a390","Pepperdine","Saint Mary's",88,60,119.3,97.9,65,"+.016","+3.32","109.5","106.2","+3.87","280",100.9,110.8,67.4,"-.056","+3.18","110.2","107.0","-2.52",141.5,-24.5,"2026-02-11","Hit"
"5d3d0b10eeafdcdf9404e24a2c990bd5","Missouri","Texas A&M",85,86,120.5,99.8,71,"+.002","+6.27","113.2","106.9","-6.35","52",117.8,103.2,66.4,"+.069","+5.62","112.5","106.9","-7.78",156.5,-7.5,"2026-02-11","Loss"
"ee8076049419276cac3047aedb4f2fd9","Florida","Georgia",66,86,121.3,101.5,72.7,"-.004","+6.11","112.4","106.3","-7.09","5",124.4,92.1,69.7,"-.081","+13.88","117.4","103.5","+7.35",166.5,9.5,"2026-02-11","Hit"
"6c0605c60b07c6bc9b381b4b9c87c8bd","Seattle","Santa Clara",84,72,120.9,101.6,69.7,"+.011","+3.83","110.4","106.6","+4.03","128",101,97.9,67.9,"+.017","+0.80","109.9","109.1","-4.25",145.5,-13.5,"2026-02-11","Hit"
"51b2cacb69ae5a1693799e1d1f8e0c40","USC","Ohio St.",89,82,122,103.5,66.3,"-.029","+8.95","113.6","104.7","-4.35","48",114.9,99.5,70.1,"+.119","+9.04","114.1","105.1","-0.78",151.5,-7.5,"2026-02-11","Hit"
"5e62cfa4d5273a4cf212f71456c1ac7d","Penn St.","Washington",60,63,118.2,101.2,67,"-.100","+13.08","116.7","103.6","-0.60","127",115.2,112.1,67.4,"-.020","+8.32","114.0","105.7","-8.02",154.5,-12.5,"2026-02-11","Loss"
"683575ed2998d3c23efa5b5b4a7e9844","Providence","Seton Hall",87,80,109.5,94.2,65.6,"-.047","+6.63","112.6","106.0","-4.54","61",122.4,109.7,71.7,"-.130","+9.28","113.1","103.8","-0.12",149.5,-4.5,"2026-02-11","Hit"
"03cf07753053424184533f583935d860","UAB","Tulsa",63,68,122.2,108.4,68.1,"+.044","+1.18","108.8","107.6","-2.34","132",110.3,107.3,69.4,"+.009","-1.19","107.9","109.1","-4.88",160.5,-9.5,"2026-02-11","Loss"
"ffdd26f77bb3ac575729b8191765a741","New Mexico","Grand Canyon",64,70,109.4,97.3,67.7,"-.028","+3.07","110.7","107.7","-4.96","47",116.6,100.5,69.9,"-.011","+4.28","110.6","106.3","+0.96",149.5,-1.5,"2026-02-11","Loss"
"5c06473812e892c4c4aec2f8e61c9fb4","Alabama","Mississippi",74,93,114.3,102.3,65,"-.069","+11.02","114.9","103.9","-1.39","20",127.8,102.9,73.5,"+.012","+16.64","118.9","102.2","+12.39",165.5,7.5,"2026-02-11","Hit"
"094419bbb030e3cfa5e88d16ffa62ea1","Michigan","Northwestern",75,87,116.7,104.9,65.8,"-.124","+10.62","115.0","104.3","-2.16","1",126,88.2,72.2,"+.038","+12.44","115.9","103.5","+10.48",152.5,15.5,"2026-02-11","Loss"
"a1ed29d156dfd01d65bac6dfabee8b01","California","Syracuse",107,100,114.5,102.8,67.9,"-.059","+6.89","110.6","103.7","-3.17","69",114.3,102.5,67.1,"+.069","+5.50","111.8","106.3","-6.31",148.5,-5.5,"2026-02-11","Hit"
"176e91432e8da6dbee564ea0163fc318","Connecticut","Butler",70,80,115.6,105.4,68.3,"-.028","+8.35","113.1","104.7","-2.58","8",121.7,91.9,64.9,"+.069","+10.90","114.5","103.6","+8.31",144.5,11.5,"2026-02-11","Loss"
"2a6acf5a871c9272676cab1d33d52698","Tennessee","Mississippi St.",64,73,111.4,102.6,68.7,"+.002","+10.66","115.3","104.6","+1.89","17",120.9,95.4,65.7,"-.039","+12.61","117.2","104.6","+0.09",147.5,7.5,"2026-02-11","Hit"
"606658a3c50109a6e7b2c93000f020b1","South Florida","Wichita St.",58,66,112.5,103.9,66,"-.085","+0.26","108.9","108.7","-2.61","65",117,104.8,71.9,"-.058","+2.99","111.0","108.0","+3.89",159.5,1.5,"2026-02-11","Hit"
"02574a8ab830d94d2459129d7dedec38","Cincinnati","Kansas St.",62,91,114.8,106.4,71.4,"-.085","+9.99","114.4","104.4","+0.34","57",107.2,93.7,68.1,"-.085","+8.96","113.0","104.1","-2.86",148.5,2.5,"2026-02-11","Hit"
"31bc6e8475b3db6a7989f28d5116dc83","Loyola Marymount","Pacific",65,59,111.4,104.8,64.8,"-.008","+0.74","108.6","107.8","+0.46","148",105.7,104.1,67.5,"-.019","+1.29","109.7","108.4","-4.91",139.5,-5.5,"2026-02-11","Hit"
"cb46c91f3e5cbc49cccd6f6acff1e36c","Creighton","DePaul",72,71,107.5,101.8,66.2,"-.029","+5.97","111.9","105.9","-10.25","74",116.8,105.8,66.7,"+.018","+10.03","113.8","103.8","+3.62",141.5,-1.5,"2026-02-11","Hit"
"7e6f2bd3d55fab975b4792c219751b64","Chattanooga","East Tennessee St.",73,61,111.5,108,66.1,"-.022","-8.19","105.2","113.4","-4.40","296",103,114.4,66.6,"-.013","-5.16","107.8","113.0","-3.08",144.5,-10.5,"2026-02-11","Hit"
"6897acacaad46eb87e7e0a1246d6a9f1","Iowa","Maryland",77,70,110.4,108,66.7,"+.035","+13.03","116.2","103.2","-0.16","19",122.9,97.7,63.4,"-.009","+6.09","112.0","105.9","-7.85",141.5,10.5,"2026-02-11","Hit"
"c43f2481542163aecd0b43cac06e7872","Stanford","Boston College",64,70,102.8,100.6,65.6,"-.065","+4.22","111.0","106.8","-6.47","73",114.7,103.7,67.2,"+.049","+7.11","111.5","104.4","-0.73",138.5,2.5,"2026-02-11","Hit"
"a101b780d204348b7685a37932c99966","Eastern Michigan","Kent St.",95,91,110.2,108.1,70.2,"+.128","-1.45","110.0","111.5","-2.29","220",102.3,107,66,"-.076","-0.14","109.0","109.1","+2.10",144.5,-9.5,"2026-02-11","Hit"
"e838643640b79d62f4f02fb2e37f13e5","Wake Forest","Georgia Tech",67,83,107.7,105.7,70.8,"-.019","+2.72","108.7","106.0","-9.74","77",114.4,104.1,68.8,"-.059","+10.47","115.1","104.6","+0.62",158.5,2.5,"2026-02-11","Hit"
"dc99158a113e451d11d4c2653ce8f7ad","Louisiana Monroe","Arkansas St.",103,70,109.9,108.3,71.6,"+.032","-0.90","107.8","108.7","+3.00","352",98.1,118.8,70.8,"-.099","-4.64","105.3","109.9","-0.19",160.5,-19.5,"2026-02-11","Hit"
"68058f5b227bdecedb6bd31f0e966a22","Bellarmine","Central Arkansas",84,76,108.1,108.2,68.2,"+.018","-4.53","108.2","112.8","+5.90","263",113.7,122.1,64.5,"+.010","-4.41","108.7","113.1","+3.37",152.5,-7.5,"2026-02-11","Hit"
"5f0488b44f9a38d8c984b1abc402f6d9","Furman","Mercer",69,64,111,111.2,69.9,"-.017","-2.83","109.0","111.8","+5.87","185",106.6,108.4,66.1,"+.006","-5.52","107.7","113.2","-0.29",151.5,-2.5,"2026-02-11","Hit"
"ce8e4eb677b25424065d90c2c6674542","Liberty","New Mexico St.",75,77,109.9,110.8,66.5,"-.122","-1.23","107.4","108.6","+0.74","92",117.9,109.7,63.8,"+.169","-1.95","106.9","108.8","+0.49",142.5,3.5,"2026-02-11","Loss"
"e58c0b2a029d420d62a5214145834e82","Eastern Kentucky","Lipscomb",75,61,108.7,109.8,69.9,"+.044","-4.08","107.7","111.8","+4.88","264",109.9,118.3,67.6,"-.044","-2.36","108.2","110.6","+3.65",161.5,-6.5,"2026-02-11","Hit"
"875976b1c9a101f324a8d627b8654d51","UTEP","Jacksonville St.",64,69,104.8,106.5,64.8,"-.005","-2.63","107.2","109.8","-5.14","272",100.8,110.3,65.2,"+.014","-0.53","107.3","107.8","+3.66",132.5,-7.5,"2026-02-11","Loss"
"590eb7349f95cfab06d8066ac90884f5","Austin Peay","Queens",87,95,115,117.5,68.8,"+.029","-5.30","108.6","113.9","+6.44","152",106.5,105.3,69,"+.041","-5.78","107.3","113.0","+2.78",161.5,-1.5,"2026-02-11","Loss"
"3aff8a7cf173bc3c67b00f56084136ee","Temple","Tulane",77,66,108,110.7,66.8,"+.096","-1.24","106.7","107.9","-4.02","146",113,111.3,64.8,"+.028","-3.13","105.9","109.0","-2.80",145.5,1.5,"2026-02-11","Hit"
"578133c5c12ff7a76f9dc9bf81cb6e97","Wofford","Samford",97,80,108.5,113.3,66.1,"+.005","-4.41","107.9","112.3","+0.66","212",109.7,113.3,67.6,"+.123","-6.36","107.9","114.3","-3.60",149.5,-4.5,"2026-02-11","Hit"
"6c574fbfe54d86453b819395ccbf7911","Florida Atlantic","Rice",81,73,108.3,113.9,65.1,"+.003","+0.03","108.3","108.3","-2.36","109",111.8,105.9,70.2,"-.035","+3.13","110.2","107.1","+3.80",151.5,3.5,"2026-02-11","Hit"
"f3979d6f769815aef39f2be9fcbf83ce","North Florida","Florida Gulf Coast",90,81,106.7,112.7,67.9,"-.082","-3.33","108.6","111.9","-0.10","337",108.8,126.2,70.4,"-.010","-1.53","108.8","110.3","+7.26",164.5,-12.5,"2026-02-11","Hit"
"475741d9b52ce45ca9df6eda6c13bbe8","VCU","La Salle",68,77,103.3,109.9,64.7,"-.027","+5.10","111.3","106.2","+3.34","46",119.7,103.4,69.3,"-.044","+1.97","109.7","107.7","-1.64",147.5,12.5,"2026-02-11","Loss"
"173f1ef181c15d744347e6d2321c2bb8","Marshall","Old Dominion",79,81,104,111.6,68.5,"-.057","-0.46","108.7","109.1","+5.37","170",109.8,110.4,68.8,"+.029","-3.46","107.1","110.5","-0.62",154.5,2.5,"2026-02-11","Loss"
"5e18d16554d03bda34e32300ba933fab","Troy","Texas St.",74,62,101.5,109.4,66.7,"+.082","-7.07","104.5","111.5","-9.71","124",112,108.5,65.5,"+.035","-1.44","107.5","108.9","+4.26",140.5,5.5,"2026-02-11","Hit"
"078111c4c5dffc4c90dfc3303440d9cf","Appalachian St.","Georgia Southern",65,81,107,115.8,70.3,"+.057","-7.55","103.9","111.4","-7.29","177",104.6,105.8,62.7,"+.065","-5.19","106.1","111.3","-2.42",143.5,2.5,"2026-02-11","Hit"
"137dc5c9e823fc80c087687d8019a6dd","UTSA","East Carolina",88,72,100.8,109.8,68.3,"-.017","-0.04","109.5","109.5","-2.86","350",97.9,117.7,68.4,"+.013","+1.72","109.2","107.4","+1.30",148.5,-11.5,"2026-02-11","Hit"
"6cd7076fc955a0e3350c068bed00826c","North Dakota","South Dakota",71,72,105.8,115.5,70.2,"+.085","-5.02","106.5","111.5","-4.26","284",106.6,117.1,67.1,"+.111","-4.41","107.1","111.6","-0.23",156.5,-1.5,"2026-02-11","Loss"
"767f1df6f8864eda193d94ee54a57501","The Citadel","Western Carolina",87,49,107.2,117,68.3,"-.032","-0.05","109.4","109.5","+9.19","344",99.8,118.3,64.2,"+.013","-5.21","107.3","112.6","-1.74",145.5,-8.5,"2026-02-11","Hit"
"1a7a6d068361154a0ff3dd90cb21dcbd","Toledo","Western Michigan",79,90,107,117.8,67.3,"-.006","-1.82","107.6","109.4","-2.12","160",112.2,111.8,68.3,"-.056","-0.45","109.5","109.9","+2.08",155.5,6.5,"2026-02-11","Hit"
"ac6922fc08f7acc27afef9e13071cb81","Bowling Green","Northern Illinois",52,68,100.2,112,67.4,"-.001","-0.95","108.3","109.2","+2.44","151",106.8,105.3,68,"-.091","-3.34","107.8","111.1","-5.82",143.5,7.5,"2026-02-11","Hit"
"e86c659002d19bb0681c3c2e52f6ad82","VMI","UNC Greensboro",92,71,106.2,119,66.7,"+.069","-3.94","108.0","111.9","-0.01","359",98.9,122.9,66.6,"-.007","-4.86","107.4","112.3","-2.09",149.5,-8.5,"2026-02-11","Hit"
"80433cfc5c28b664ba2c7c4a7be4f6a5","American","Lehigh",90,82,100.2,113.2,66.8,"+.030","-7.29","104.6","111.9","-1.07","243",104.4,111,66.9,"+.019","-6.24","105.2","111.4","-0.00",139.5,1.5,"2026-02-11","Hit"
"ef663029aab86d22d2a86967ab8f32d7","Loyola MD","Lafayette",54,68,99.9,113.7,66.9,"-.027","-5.84","105.4","111.3","-1.61","325",102.8,118.1,68.3,"-.026","-8.84","103.4","112.2","-6.29",146.5,-2.5,"2026-02-11","Loss"
"71ecd007724c796870c3fa0d4c523caa","Buffalo","Ball St.",53,63,98.5,113,63.6,"+.039","-3.35","107.2","110.6","-6.39","192",112.7,115,66.7,"-.035","-4.43","106.7","111.1","-7.55",141.5,1.5,"2026-02-11","Hit"
"c9e7e0c0f4e81a0ae2f6a60dfced8f4a","Colgate","Holy Cross",70,74,100.8,116.2,64.8,"+.011","-4.97","106.1","111.1","+0.74","205",107.8,110.8,66.8,"+.043","-5.93","106.1","112.0","+5.35",142.5,7.5,"2026-02-11","Loss"
"31481fc4fb8d821b57480d609c50d5f8","Jacksonville","Stetson",67,62,102,117.9,67,"+.010","-2.25","108.8","111.0","+3.05","306",101,113.8,63.3,"-.007","-1.53","109.1","110.6","+4.93",137.5,1.5,"2026-02-11","Hit"
"52b2c13a9ef965797a949e5c96cb8bdd","Boston University","Army",68,85,100.7,118,66.4,"+.078","-6.92","105.3","112.2","-2.28","289",109.3,120.3,63.4,"-.031","-7.57","104.1","111.6","-4.10",142.5,3.5,"2026-02-11","Hit"
"7ee2b593a1f5346cb042709ab1bfac4d","West Georgia","North Alabama",73,82,100.8,118.6,65.3,"+.054","-2.55","108.4","110.9","+3.32","320",101.3,116,68.7,"+.087","-6.34","107.8","114.1","+0.27",144.5,-1.5,"2026-02-11","Loss"
"834714bbbc22717050a36141c6d352be","Northern Iowa","Belmont",91,86,119.2,106.6,68.6,"+.020","-0.77","107.1","107.9","-5.60","87",105,96.5,61.6,"-.042","+0.86","108.8","108.0","-0.97",137.5,-5.5,"2026-02-12","Hit"
"c4f5442e60a4d18bc0db8afb9e56827a","Valparaiso","Illinois St.",86,64,110.4,102.7,66.7,"-.052","-0.36","108.5","108.8","-2.00","150",106.5,105.1,65,"-.001","+0.92","108.5","107.6","-6.02",137.5,-8.5,"2026-02-12","Hit"
"df76d9f14c5fef404a7a0eb3f616d018","Elon","UNC Wilmington",65,54,113.1,107.3,64.8,"+.031","-5.06","104.7","109.8","-8.24","191",113.7,116,67.4,"-.036","-3.04","107.2","110.2","-1.53",152.5,-7.5,"2026-02-12","Hit"
"3c21d2f2cab2fd6a506e5f1dd7ac1c62","Oregon St.","San Francisco",63,90,113.1,107.4,65.5,"-.023","+3.83","109.9","106.1","+0.87","210",107.1,110.5,65,"+.113","+1.97","108.9","107.0","-2.46",140.5,-8.5,"2026-02-12","Loss"
"02157cad940f2b085a75da9cbce69574","Evansville","Southern Illinois",86,60,104.6,100.4,69.5,"-.121","+3.46","110.1","106.7","+1.05","290",101.1,112.2,67.2,"-.035","+3.29","109.6","106.3","+2.76",139.5,-11.5,"2026-02-12","Hit"
"8e23735760355b4f0bb3f6fe6989c98a","UC Davis","UC San Diego",68,51,108.8,104.6,67.8,"-.018","-0.70","107.6","108.3","+0.19","157",109,108.5,68.8,"+.067","-1.56","107.7","109.2","+1.64",149.5,-4.5,"2026-02-12","Hit"
"f71af3d5df97207fbb07411e823601d9","Youngstown St.","Oakland",82,86,115.7,112.6,70.5,"+.063","+2.28","110.9","108.6","+17.44","205",106.8,109.9,66.7,"-.136","-5.15","107.9","113.1","-2.83",155.5,-5.5,"2026-02-12","Loss"
"99517ede2497f2de9ea7b54ffaefc981","Detroit Mercy","Wright St.",74,77,111.4,109.2,66.4,"-.017","-2.84","109.4","112.3","+1.16","260",106.4,114.5,68.9,"+.020","-2.39","108.7","111.1","+6.87",152.5,-10.5,"2026-02-12","Loss"
"a85e9a0efd3d63d613008158a6c99642","Memphis","North Texas",76,69,101.8,100.2,64.8,"-.030","-0.12","108.9","109.1","-1.93","92",106.6,98.5,69.8,"-.044","+5.02","112.0","107.0","+9.34",137.5,1.5,"2026-02-12","Hit"
"e30824143a9b77c6a422cae62be0c9fe","Sacramento St.","Northern Colorado",95,79,111.3,111,68.4,"-.022","-1.83","108.8","110.7","-0.73","250",106.8,113.7,71.6,"+.016","+1.98","110.3","108.3","+8.55",164.5,-7.5,"2026-02-12","Hit"
"3a1b46326b1e26ce60a7a8ea63d2e4e5","Middle Tennessee","Kennesaw St.",87,90,108.7,109.3,71.9,"+.008","-2.48","107.2","109.7","-5.88","184",106.9,108.8,64.9,"-.029","+2.03","109.8","107.7","+11.51",149.5,-3.5,"2026-02-12","Loss"
"c72f1dd59f82512a8abab3417efc8519","Hofstra","Charleston",62,66,107.4,108.2,68.2,"+.093","-2.14","108.9","111.1","-0.98","104",113.9,107.4,65.2,"-.094","-0.49","108.0","108.5","+2.96",147.5,1.5,"2026-02-12","Hit"
"6dc0b02edbccf945bed94a11bc943e2c","Stony Brook","Towson",69,57,103.9,104.8,63.7,"+.013","+0.22","109.7","109.4","+3.66","213",105,108.8,65.3,"+.086","-3.07","106.8","109.8","-3.47",134.5,-5.5,"2026-02-12","Hit"
"2de8892b84f746fcd8a65a9289fac707","Marist","Merrimack",81,56,106.1,107.6,63.7,"+.119","-4.62","106.1","110.7","+3.13","164",100.4,100.5,66.1,"-.029","-9.01","103.6","112.6","-6.44",130.5,-3.5,"2026-02-12","Hit"
"b1f6804fb8d47e9d326d370a883f1821","Weber St.","Idaho",72,83,107.5,109.1,67.8,"-.023","-0.85","109.0","109.9","+0.59","217",109.7,113.8,69.1,"-.065","-3.26","107.2","110.4","-1.15",158.5,-6.5,"2026-02-12","Loss"
"41264ed06ad09735976f456721e0bb01","Illinois Chicago","Drake",70,80,110.1,112.1,67.3,"-.068","+0.31","108.7","108.4","-4.64","132",107.8,104.8,66.1,"-.061","+1.47","109.4","108.0","-3.72",147.5,-1.5,"2026-02-12","Loss"
"83470677926140683bff91dc490723ac","Louisiana Tech","Missouri St.",78,79,107.6,109.7,65.3,"+.028","-1.07","107.8","108.9","-1.09","238",101.1,107.3,63.6,"+.050","-4.00","106.6","110.6","-7.44",134.5,-5.5,"2026-02-12","Loss"
"b5c0bd3f43724097248bf20e365f4998","Utah Valley","Utah Tech",81,77,108.2,110.6,66.3,"+.083","+0.62","107.4","106.8","+3.63","84",112.5,103.2,69.2,"+.021","-0.63","106.7","107.3","+2.83",150.5,7.5,"2026-02-12","Hit"
"08f4b47a7d2de84e444140b98aff4cb2","Delaware","FIU",66,68,107.3,109.7,72.2,"-.038","-0.31","108.5","108.8","-0.26","287",102.8,113.6,62.9,"-.014","-3.66","106.6","110.3","-6.33",147.5,-7.5,"2026-02-12","Loss"
"91cfae6e34bbb621e1c9b0bcf7ec9247","Murray St.","Indiana St.",72,74,105.4,109.1,68.7,"-.085","-0.65","107.0","107.6","-6.57","107",117.6,111.5,72,"+.053","-0.08","108.2","108.3","-4.29",163.5,3.5,"2026-02-12","Loss"
"9ea58884c56029ba651ea35f943dac69","Idaho St.","Eastern Washington",88,75,110.1,114.1,67.8,"-.075","+2.78","110.2","107.4","+6.87","231",110,115.7,64,"-.069","-0.15","108.7","108.8","+3.63",147.5,-3.5,"2026-02-12","Hit"
"bc3e48db694cd8c66e18172887747f20","Monmouth","Drexel",73,93,102.4,106.8,63.7,"-.015","-5.13","105.3","110.4","-8.38","222",103,107.5,66.4,"+.007","-3.36","106.3","109.6","-4.09",131.5,-2.5,"2026-02-12","Loss"
"431f03d796257e44d375b284e90b6339","Purdue Fort Wayne","Green Bay",76,59,111.4,116.5,63.2,"+.092","-1.45","110.2","111.6","+6.41","244",106.1,112.8,67.7,"+.126","-1.22","109.7","111.0","+7.67",143.5,-1.5,"2026-02-12","Hit"
"314688769ab25770221227369cf8fb89","Georgia St.","James Madison",81,79,109,114.4,65.4,"+.017","-3.11","106.9","110.1","-2.87","281",101,110.9,67.8,"-.032","-2.01","106.9","108.9","+0.24",144.5,-6.5,"2026-02-12","Hit"
"12df794ef81a9f6ba82da77c6883b965","Cal St. Fullerton","Long Beach St.",82,86,106.4,112.2,67.8,"-.030","+1.38","108.3","106.9","+4.53","177",106.7,107.9,73.3,"-.004","+1.14","109.8","108.7","+6.25",155.5,-1.5,"2026-02-12","Loss"
"9e9ed9f432e9be2dec2da0cc81432b94","South Alabama","Southern Miss",78,84,103.7,109.7,67.8,"+.031","-3.15","106.7","109.8","+2.07","209",104.6,107.9,64.7,"+.104","-6.26","105.2","111.4","-5.54",137.5,-1.5,"2026-02-12","Loss"
"f94e98cf278a90bc293e1387bc6a41a6","South Dakota St.","Denver",79,61,115.3,121.4,68.5,"+.013","-0.58","109.0","109.6","+6.72","211",107.2,110.8,67.5,"-.137","-2.70","107.2","109.9","+1.63",158.5,-1.5,"2026-02-12","Hit"
"67427936c94fc3eba130f913cee32aa6","Tennessee Martin","Lindenwood",75,74,102.5,108.9,72.7,"+.056","-7.69","103.0","110.7","+3.77","202",102.4,105.2,64.4,"+.090","-9.60","101.8","111.4","-1.60",146.5,-1.5,"2026-02-12","Hit"
"aa7c873b8135181304993999608ace7e","Southeast Missouri","SIUE",74,56,99.3,106.1,64,"+.026","-10.16","102.8","112.9","-8.15","230",104.4,109.9,69.5,"+.008","-8.39","103.2","111.6","+4.64",138.5,1.5,"2026-02-12","Hit"
"ed89384ff483c6715dad5409d9366e10","UC Irvine","Cal Poly",79,73,106.8,113.7,73.3,"-.011","+0.93","108.8","107.9","+4.98","116",104,99.1,68.4,"-.003","-1.02","107.5","108.5","-0.23",155.5,7.5,"2026-02-12","Hit"
"1d39f572219783fb4c8ca97bb2c1c42b","Presbyterian","Charleston Southern",84,67,104.2,111.3,71.2,"-.114","-5.14","106.2","111.4","-5.04","278",102.9,112.7,63.6,"-.014","-5.27","106.4","111.6","-1.31",146.5,-2.5,"2026-02-12","Hit"
"7a5f36bef7d80585cde6ea0a510da64f","UT Arlington","Abilene Christian",67,63,101.1,108.6,66.3,"+.035","+0.45","108.0","107.5","+0.99","151",104.4,103.3,65.1,"+.063","+0.48","108.0","107.5","+2.86",136.5,1.5,"2026-02-12","Hit"
"e3103fcfea00e14bd9ced92dae24b6a9","St. Thomas","Nebraska Omaha",98,94,106,113.8,67.2,"-.001","-2.57","108.3","110.8","+3.13","117",112.8,108.3,68.5,"+.026","-5.68","106.9","112.5","-1.56",154.5,4.5,"2026-02-12","Hit"
"158ac74d61371992aadb24e0cafe13f9","William & Mary","Northeastern",67,94,107.5,115.9,69.7,"-.048","-0.44","108.9","109.4","+0.59","136",111,108.1,73,"+.006","-0.48","108.1","108.5","+1.04",168.5,5.5,"2026-02-12","Hit"
"77eac269457cb180dcdb55c7cc112f1a","Cal Baptist","Southern Utah",66,83,102.5,111.9,70.1,"-.030","+2.17","109.0","106.8","+4.54","125",106.9,103.4,65.5,"+.107","-2.65","106.3","109.0","-3.58",145.5,5.5,"2026-02-12","Hit"
"a6c57fcfaa141fffb56f0a212563282a","UC Santa Barbara","UC Riverside",68,76,103.3,112.8,67.6,"-.018","+1.41","108.8","107.3","+6.09","119",115.7,111.5,64.2,"+.005","-1.96","106.7","108.6","-0.66",144.5,6.5,"2026-02-12","Hit"
"4e2afd5da0de0b109a9e0be397384ca8","UNC Asheville","Longwood",74,79,101.9,111.5,68.2,"-.028","-7.74","104.8","112.5","-10.07","223",105.6,110.2,65.2,"-.074","-2.77","108.1","110.9","+0.29",142.5,-1.5,"2026-02-12","Loss"
"0b361556e9569df522a45b7d98f3669f","High Point","USC Upstate",70,95,100.5,111.5,67.7,"+.040","-4.41","106.4","110.8","-1.84","96",117.4,109.7,69.2,"+.031","-8.88","103.1","112.0","-8.93",153.5,12.5,"2026-02-12","Hit"
"4b89078980cbb2e02a0658d0e431b094","Tennessee Tech","Morehead St.",73,66,105.1,116.2,65.5,"+.125","-4.55","104.8","109.4","+6.96","319",102.1,116.7,67.2,"-.048","-7.76","103.3","111.1","+3.11",144.5,-4.5,"2026-02-12","Hit"
"8d3b51b1c0c86b521f78b523064e4b92","Mercyhurst","Le Moyne",58,57,103.3,114.5,69.2,"+.006","-9.08","103.2","112.3","-2.18","297",99.7,111.3,63.3,"-.016","-9.85","103.1","113.0","+0.55",137.5,-3.5,"2026-02-12","Hit"
"baac955c0f74b3ad61fddbb0154a21fc","Robert Morris","Cleveland St.",68,85,109.5,121.1,69,"+.048","-1.66","109.9","111.5","+4.22","201",108.6,111.3,65.1,"+.058","-4.50","107.9","112.4","-3.05",152.5,3.5,"2026-02-12","Hit"
"0072cebb9a218115cf24ae6510a1b61c","Coastal Carolina","Louisiana",65,69,99.7,112.5,62.1,"+.048","-5.05","105.4","110.4","-2.27","233",102.3,108.3,66.7,"+.107","-4.51","105.7","110.2","-1.83",130.5,1.5,"2026-02-12","Hit"
"00a6f12a97001f36887f26ce54a3040a","Portland St.","Northern Arizona",68,77,105,118.8,63.8,"+.046","-1.53","108.8","110.3","-0.40","139",104.1,101.6,67.4,"+.034","-2.27","109.1","111.4","+1.52",134.5,7.5,"2026-02-12","Hit"
"9f4db347a70596d5aa88e8ad13308f0f","Northern Kentucky","IU Indy",81,84,105.1,119.1,73.6,"-.012","-3.51","108.2","111.7","-0.81","190",107.6,109.7,69.6,"-.027","-4.85","109.2","114.0","-3.59",162.5,5.5,"2026-02-12","Loss"
"42f200211551653d621622d8757e7592","Hawaii","Cal St. Bakersfield",74,89,100.3,114.8,69.5,"+.048","+0.35","107.6","107.3","-0.73","93",106.7,98.6,69.8,"+.004","-4.68","105.6","110.3","-11.20",150.5,12.5,"2026-02-12","Hit"
"84aec3965a331966564dfdf278698d1d","Bryant","UMass Lowell",88,69,101.4,116.6,69.4,"-.000","-6.19","104.6","110.8","+2.06","349",96.5,116.5,64.4,"+.031","-6.32","103.5","109.9","+3.27",142.5,-5.5,"2026-02-12","Hit"
"b5bdfd25ea3e49c73ee5469f5950bf27","NJIT","New Hampshire",70,76,97.1,112.5,67.6,"+.015","-4.19","106.1","110.3","+6.31","308",98.6,111.8,68.3,"+.124","-7.22","104.3","111.5","+0.72",141.5,-2.5,"2026-02-12","Loss"
"e9c45b5e72b72792f03da8aa5185e64c","Saint Francis","Fairleigh Dickinson",66,59,101.1,116.8,64.8,"-.022","-6.89","103.8","110.7","+5.96","356",98.3,120.1,69.8,"-.009","-5.11","105.8","110.9","+6.31",145.5,-6.5,"2026-02-12","Hit"
"b6303c439a457568ecae6636e92fdfa7","LIU","Wagner",57,67,103,119,65.1,"-.032","-8.16","103.7","111.8","+5.08","203",105.5,108.4,67.9,"+.122","-6.66","104.7","111.3","+2.25",138.5,6.5,"2026-02-12","Hit"
"b507e200d087536f24f0140d601f72b0","Kansas City","Oral Roberts",69,60,99.8,116,67.5,"-.014","+1.54","111.2","109.7","+4.84","352",94.1,114.9,69.2,"-.021","-0.44","110.5","111.0","+4.98",146.5,-6.5,"2026-02-12","Hit"
"710b2e42c4b6b8f93795385a8f005a17","Central Connecticut","New Haven",76,81,95.1,112.6,62.6,"+.030","-6.43","103.8","110.2","+3.66","288",105.4,116.3,64.9,"+.064","-9.31","102.5","111.9","-1.92",128.5,2.5,"2026-02-12","Hit"
"49c3df376c82d0197a4f8f5ccceb4733","Tennessee St.","Southern Indiana",71,73,92.8,111,68.2,"-.134","-7.15","103.8","110.9","-2.31","252",106.5,113.6,70.6,"+.090","-8.17","102.8","111.0","+5.19",149.5,5.5,"2026-02-12","Loss"
"a224fa78eb5ee154bfd52f5c233c28ab","UMBC","Maine",62,78,92.7,111.7,64.5,"-.033","-6.76","104.7","111.5","-1.46","259",104.6,112.7,65.8,"+.042","-13.01","101.6","114.6","-7.42",135.5,3.5,"2026-02-12","Hit"
"332621390a4a316608a36426d27b232f","Stonehill","Chicago St.",68,55,97.9,119,66.5,"+.000","-2.66","106.4","109.0","+11.00","335",90.9,108.1,65.8,"+.030","-7.92","103.9","111.9","-1.93",130.5,1.5,"2026-02-12","Hit"
"bae627a72867965a57f8f1998386f165","Little Rock","Western Illinois",58,77,94.2,119.6,66.2,"-.065","-6.41","104.0","110.4","-1.54","307",102.1,115,66.1,"-.014","-4.30","104.6","108.9","+4.07",141.5,6.5,"2026-02-12","Hit"
"adf6a76e0c18f6568d47694e2133d141","Vermont","Binghamton",65,73,95,121.6,65.2,"-.034","-10.09","102.3","112.4","-8.06","226",108.4,113.4,64.8,"-.017","-7.92","103.7","111.6","-1.50",138.5,11.5,"2026-02-12","Loss"
"807a75ef0e64ad954b61a995289651d7","Winthrop","Gardner Webb",85,103,94.6,122.4,69.5,"-.006","-0.02","108.9","108.9","+5.49","126",113.3,109.9,68.8,"+.023","-3.70","107.0","110.7","+1.71",153.5,20.5,"2026-02-12","Loss"
"f84bef145e05b0803ad0126bd84accf2","Michigan St.","Wisconsin",92,71,121.7,101.8,69.1,"+.043","+9.61","114.4","104.8","-1.50","10",120.4,90.9,65.8,"-.015","+10.73","115.8","105.0","+3.41",145.5,1.5,"2026-02-13","Hit"
"748c1bbe127e06c99373cfdd21fc7f87","UNLV","Boise St.",83,86,116.8,102.9,66.4,"+.035","+9.50","113.3","103.8","+8.13","134",112.5,109.5,70.6,"+.002","+4.33","110.3","106.0","+0.53",156.5,-9.5,"2026-02-13","Loss"
"00d8cab3603e5266f75ff6e8b23719b4","Massachusetts","Akron",99,92,119.2,106.8,70.4,"-.021","-3.03","108.2","111.3","-2.26","187",107.9,109.8,70.3,"-.060","-5.28","106.1","111.4","-6.47",160.5,-13.5,"2026-02-13","Hit"
"45e5f27bb453941e60c4e05d3196e42f","George Mason","George Washington",72,53,117.9,108.4,69.7,"-.147","+0.41","108.5","108.0","-3.24","84",112.6,103.7,64.5,"+.053","-1.93","108.4","110.3","-7.38",148.5,-2.5,"2026-02-13","Hit"
"4cb3f6e6065cafae55154f237483d8b6","Ohio","Miami OH",90,74,117,107.7,70.3,"+.111","-6.18","106.2","112.3","-9.00","221",107,111.5,69.2,"+.057","-1.01","108.3","109.3","+1.90",163.5,-10.5,"2026-02-13","Hit"
"539b5f59c0c2eeaf8a5602681f257792","Brown","Harvard",56,53,108.8,108.5,63.1,"+.007","-3.49","107.1","110.6","-3.92","282",96.8,106.9,66,"-.078","-4.34","107.7","112.1","-7.43",132.5,-8.5,"2026-02-13","Hit"
"073941696f38ec95e3095cbb3b033369","Quinnipiac","Siena",62,74,108.1,109.5,64.7,"-.010","-9.79","102.6","112.4","-6.92","209",103.9,107.1,70.1,"+.078","-7.28","104.4","111.7","+0.70",143.5,-3.5,"2026-02-13","Loss"
"5171153f1e742b310d4883bf97a95483","Columbia","Penn",76,67,108.2,109.8,68.6,"+.025","-0.46","108.6","109.0","-0.20","200",108.3,110.9,67,"+.073","-4.14","108.1","112.3","-6.12",149.5,-2.5,"2026-02-13","Hit"
"6bf083b72100e79363dc4e96a5fc06c2","Cornell","Princeton",65,89,104.4,109.6,63.9,"-.066","-0.50","109.3","109.8","-0.91","159",119.7,119.3,72.2,"-.053","-1.15","107.7","108.9","+0.05",156.5,2.5,"2026-02-13","Hit"
"0fd17916b8c86722b274e6cb2a835884","Yale","Dartmouth",70,83,105.2,111.7,69.5,"+.007","-2.51","107.8","110.3","-3.68","76",122.2,111.4,65.2,"+.065","-1.77","107.5","109.3","+1.01",152.5,9.5,"2026-02-13","Hit"
"4af903c24764cae6775cd4bcece121ea","North Carolina A&T","Hampton",71,70,102.1,109.5,64.9,"+.017","-4.15","105.0","109.1","-6.83","286",103,113.6,69,"-.030","-4.10","106.5","110.6","-8.62",139.5,-3.5,"2026-02-13","Hit"
"b8b6387ac85f510db00d4d73d034deb5","Saint Peter's","Sacred Heart",78,71,106.3,118,68.9,"-.021","-6.32","104.8","111.1","-0.90","235",103.3,109.3,65.9,"+.089","-8.02","103.5","111.5","-0.24",147.5,1.5,"2026-02-13","Hit"
"4288e6790e8c3fd9c12cb256049a793e","Saint Louis","Loyola Chicago",59,86,103.6,117.2,66,"+.052","+0.86","108.8","107.9","-4.94","24",120.8,97.6,71.5,"+.034","-1.10","107.5","108.6","-5.60",155.5,18.5,"2026-02-13","Hit"
"dfb5c7b121980cb90f2c583d3a5d35d2","Manhattan","Niagara",69,76,97.7,115.9,61.9,"-.059","-6.99","104.4","111.4","-4.55","332",104.8,120.8,68.1,"+.059","-7.45","103.8","111.2","-2.79",137.5,-1.5,"2026-02-13","Loss"
"c55f3f8e3bf3ecf359385de915f828af","Iona","Canisius",63,69,95.3,114.6,64.3,"+.023","-6.16","105.0","111.2","-2.74","248",103.7,110.5,69.2,"+.057","-7.09","104.5","111.6","-2.74",138.5,5.5,"2026-02-13","Hit"
"a5f21ba252e472b5e065ec86a15a59ec","Mount St. Mary's","Rider",55,65,97,119.9,64.9,"-.033","-2.59","106.9","109.5","+10.50","299",99.7,111.5,67.7,"+.059","-5.49","104.5","109.9","-0.19",141.5,5.5,"2026-02-13","Hit"
"a5f8479201e3d2e580b7d73a379e70e6","UCLA","Michigan",86,56,125.9,88.2,72.6,"+.041","+12.83","116.2","103.3","+10.60","39",120,100.6,65.2,"-.018","+6.88","113.3","106.4","-3.57",152.5,-15.5,"2026-02-14","Hit"
"76c61c44537e02fb6faf6f4ad29fb27d","Texas Tech","Arizona",75,78,125.9,89.1,71.4,"+.014","+10.15","114.4","104.3","+4.02","16",123.7,97.9,67.8,"+.022","+13.15","117.4","104.2","+7.81",157.5,-9.5,"2026-02-14","Loss"
"7d90abf33214521d8b050ca1859ec3ac","Clemson","Duke",67,54,125.5,89.9,65.9,"+.035","+11.74","115.0","103.2","+7.23","33",116.2,95.5,64.3,"+.024","+7.12","112.4","105.3","+0.74",132.5,-12.5,"2026-02-14","Hit"
"fe1014e2d4f1445535b3493af0f2dbdf","Kansas St.","Houston",78,64,125.9,92.2,62.9,"+.027","+9.25","113.9","104.7","+0.52","105",114.3,107.7,71.5,"-.078","+9.95","114.0","104.0","+0.17",146.5,-22.5,"2026-02-14","Hit"
"00bd16ace7742e16b44af8bb89c5f3ce","Kentucky","Florida",92,83,124.3,91,70,"-.078","+14.52","117.8","103.3","+7.56","27",120.7,98.9,67.5,"+.033","+11.82","116.1","104.3","+1.70",153.5,-12.5,"2026-02-14","Hit"
"a3eafb161c8348d33bd2ec17b334c774","Kansas","Iowa St.",74,56,123.3,92.1,67.3,"+.017","+7.57","112.4","104.8","-2.87","11",120.6,92.7,67.3,"+.033","+14.82","116.8","102.0","+11.48",145.5,-6.5,"2026-02-14","Hit"
"859212ba3d6d2ee947d9cd1f4b131722","Georgetown","Connecticut",79,75,122.5,92.5,64.8,"+.069","+11.16","114.9","103.7","+8.34","81",113.8,104.1,66.4,"-.032","+7.31","112.4","105.1","-5.72",138.5,-16.5,"2026-02-14","Hit"
"ea20c7cfb0720a9dad9556d867ea37ef","Texas A&M","Vanderbilt",82,69,124.9,97.3,70.1,"+.035","+10.38","115.4","105.0","+1.97","36",121.4,101.3,70.9,"-.022","+6.51","113.3","106.8","-6.38",166.5,-6.5,"2026-02-14","Hit"
"5c6aeecdcdfd0206dadc0d892938616d","Northwestern","Nebraska",68,49,120.9,93.4,67.2,"+.025","+9.45","114.7","105.2","-5.82","66",116.8,104.9,66.2,"-.130","+11.65","115.4","103.8","-2.23",143.5,-12.5,"2026-02-14","Hit"
"246b43a22107f0831d88f5e598acced2","South Carolina","Alabama",89,75,128.2,102.4,73.8,"+.013","+16.62","118.9","102.2","+12.58","98",112.5,105,66.4,"-.068","+6.18","113.3","107.1","-9.17",168.5,-17.5,"2026-02-14","Hit"
"870a7bf0665958978d18ac193032589c","LSU","Tennessee",73,63,120.6,95,66,"-.029","+12.59","117.0","104.4","+0.18","55",118.8,105.1,66.7,"-.040","+6.47","112.4","105.9","-4.91",144.5,-14.5,"2026-02-14","Hit"
"d513190b89e339bed96079aa57b72d2d","Auburn","Arkansas",88,75,125.9,100.4,71.2,"+.007","+12.19","116.2","104.0","+4.47","31",125.4,104,67.3,"-.025","+16.11","118.3","102.2","+8.91",165.5,-8.5,"2026-02-14","Hit"
"724364f594dd8b386fe575f515ac1d80","Colorado","BYU",90,86,126.4,101.5,70.2,"-.013","+11.35","114.6","103.2","+4.21","78",118.1,107.7,68.4,"+.025","+8.27","113.3","105.0","-0.88",163.5,-14.5,"2026-02-14","Hit"
"c5a217a161ef7b4dcface9dbbe4407f6","Purdue","Iowa",57,78,122.7,98.9,63.6,"-.024","+6.20","112.2","106.0","-7.88","9",127.2,97.3,65.5,"+.032","+12.31","116.0","103.7","+7.21",142.5,2.5,"2026-02-14","Hit"
"d6c4b1895aca48947b16ef584e8e87e5","Memphis","Utah St.",99,75,121.9,99.7,68.3,"+.062","+5.13","111.6","106.4","+2.75","99",106.7,99.3,70.1,"-.056","+5.11","111.8","106.7","+9.24",154.5,-13.5,"2026-02-14","Hit"
"f91005860b9a44e7bd8a70f8c0003516","Miami FL","N.C. State",76,77,122.4,100.5,69.7,"+.012","+9.83","114.2","104.4","+5.10","41",118.7,99.6,68.9,"-.001","+2.19","109.7","107.5","-7.61",155.5,-5.5,"2026-02-14","Loss"
"7b6e4a341624e444212132057f6f4cf8","Pittsburgh","North Carolina",79,65,122.3,100.6,68.1,"+.042","+8.52","113.1","104.6","+1.31","109",112.2,106.1,63.9,"-.101","+9.60","113.5","103.9","+0.85",143.5,-10.5,"2026-02-14","Hit"
"70d71f54008cc55a3cd1f5251046264d","Gonzaga","Santa Clara",86,94,121.6,102.2,69.8,"+.014","+3.63","110.0","106.3","+4.12","10",122.3,94.1,69.5,"+.076","+4.13","111.4","107.2","+7.15",158.5,4.5,"2026-02-14","Hit"
"2af5dd9cc92470be266f4c6f519c62de","Virginia","Ohio St.",66,70,122.4,103.7,66.7,"-.017","+9.22","113.7","104.5","-4.27","20",121.5,96.2,65.3,"+.017","+5.72","112.3","106.6","-5.19",147.5,4.5,"2026-02-14","Loss"
"531ff55eb1f66846536613df8c48205d","Nevada","San Diego St.",71,57,113.5,95.1,69,"+.043","+5.94","112.1","106.2","+6.13","56",117.9,104.6,65.2,"+.018","+5.20","111.0","105.8","+3.08",139.5,-8.5,"2026-02-14","Hit"
"5cb5182d7617c99b7b2c6bbae8fb7665","Louisville","Baylor",71,82,122.4,105.3,68.2,"-.079","+12.49","114.0","101.5","-0.11","15",125.2,98.1,70.6,"+.004","+10.46","113.3","102.9","+2.10",163.5,6.5,"2026-02-14","Hit"
"7a7dc69921d6fe9435ab4735ad67ac00","Minnesota","Washington",69,57,116.6,100.7,67.1,"-.115","+12.19","116.4","104.2","-0.54","80",113,102.9,63.1,"-.094","+8.74","115.0","106.2","-8.93",138.5,-6.5,"2026-02-14","Hit"
"0184c58272a0dc70ab0b0ca7937fb114","West Virginia","UCF",67,74,121.2,105.7,68.9,"+.136","+9.63","113.5","103.9","-2.23","61",111.1,98.2,62.5,"+.000","+5.71","111.0","105.3","-9.05",139.5,-3.5,"2026-02-14","Loss"
"b39dd43c278a98263c450a070de72d9b","Texas","Missouri",68,85,119.1,104.1,66.4,"+.084","+6.58","113.0","106.4","-8.07","34",125.5,105.1,67,"-.087","+9.93","114.2","104.2","-5.20",150.5,1.5,"2026-02-14","Hit"
"2cc8faaa4266bd1c29507a1ab21c9573","Florida St.","Virginia Tech",69,92,115.4,101.3,67.8,"+.033","+8.33","113.9","105.5","-1.05","89",112.5,104,71.8,"-.060","+9.37","113.6","104.3","-3.53",155.5,-7.5,"2026-02-14","Loss"
"219dd061831f232064861559eed41115","Georgia","Oklahoma",94,78,120.3,107.4,67.3,"-.109","+10.45","114.7","104.3","-5.90","40",120.5,101.4,73,"-.007","+7.23","113.0","105.7","-7.02",164.5,-1.5,"2026-02-14","Hit"
"9ec045c1333babba3aeeb01dc959b28c","St. John's","Providence",69,79,123.1,110.4,71.9,"-.137","+10.03","113.2","103.2","+0.17","22",121.5,96.8,70.1,"-.010","+9.81","114.1","104.3","+7.27",166.5,7.5,"2026-02-14","Hit"
"bcd02ee25dc37042e0a81b53d1f804a1","TCU","Oklahoma St.",92,95,116.8,104.2,72.5,"+.086","+8.56","113.3","104.8","-2.26","53",112.2,97.4,68,"-.033","+8.18","113.4","105.2","-6.86",156.5,-1.5,"2026-02-14","Loss"
"c6f981dc999306357ba18e8e6b92283d","SMU","Syracuse",79,78,114.8,103.2,68.3,"-.044","+6.74","110.6","103.9","-3.27","37",124,104.2,69.1,"+.008","+9.34","113.9","104.5","+1.75",156.5,2.5,"2026-02-14","Hit"
"2790734c4901a3a7610d0002d3f0ac47","Mississippi St.","Mississippi",78,90,113.8,102.6,65.2,"-.067","+11.50","115.5","104.0","-1.62","90",110.6,102.3,69.1,"-.010","+10.85","115.5","104.6","+1.25",144.5,-3.5,"2026-02-14","Loss"
"da0911493d600bf7f22b881323cd5997","Stanford","Wake Forest",68,63,115.2,104,68.7,"-.052","+10.15","114.9","104.8","+0.40","74",114.6,103.5,67.6,"+.059","+6.98","111.2","104.2","-0.78",149.5,-3.5,"2026-02-14","Hit"
"eb72995ea4a26fdbcabd287decfff5eb","Villanova","Creighton",69,80,117.1,106.3,66.8,"-.002","+10.00","113.7","103.7","+3.37","29",120.9,99.3,64.1,"+.031","+8.61","114.0","105.4","+2.47",144.5,3.5,"2026-02-14","Hit"
"1e9cc196da9690a7c1416f5744412380","Georgia Tech","Notre Dame",89,74,114.1,104.4,65.6,"-.080","+9.90","113.8","103.9","+0.34","153",107.4,106.6,70.7,"-.019","+2.73","108.9","106.1","-10.06",151.5,-7.5,"2026-02-14","Hit"
"3bd086607191dcd6c051f7ff56d21fb6","Tulsa","Wichita St.",81,77,111.3,103.2,66.1,"-.093","+0.66","109.3","108.6","-2.83","58",121.1,108.1,68.1,"+.024","+1.17","108.8","107.6","-2.37",150.5,-1.5,"2026-02-14","Hit"
"6cc2da19cbe36eb77ea7f373544c419b","Marquette","Xavier",96,88,113,105.1,70.5,"+.027","+9.73","112.7","103.0","+0.83","101",111,103.9,69.3,"-.106","+9.60","114.1","104.5","+0.85",155.5,-2.5,"2026-02-14","Hit"
"a67745e62a00cc324beae0619df7b735","Wyoming","Colorado St.",79,68,117.5,109.8,62.2,"-.007","+3.08","110.8","107.7","-3.03","100",113.7,106.5,66.5,"-.051","+3.49","110.5","107.0","-4.62",138.5,-4.5,"2026-02-14","Hit"
"dc354b65dae8ad8a4953767407ef3b85","Penn St.","Oregon",83,72,112.8,105.9,65.8,"-.077","+12.76","115.5","102.8","+2.08","121",114.6,110.5,67.4,"-.000","+9.19","114.6","105.4","-7.88",146.5,-6.5,"2026-02-14","Hit"
"8221f60b95854b96a55b807b00fbc740","Saint Mary's","Pacific",61,72,111.2,104.4,64.9,"+.005","+0.50","108.4","107.9","+0.20","32",119.1,97.8,65.5,"+.012","+2.31","109.1","106.8","+3.77",135.5,8.5,"2026-02-14","Hit"
"e5ed282f1522e7715ba03837638b9ae3","Hofstra","UNC Wilmington",70,66,112.4,106.4,64.7,"+.029","-5.21","105.0","110.2","-8.36","102",113.3,106.4,65.5,"-.080","-0.03","108.2","108.2","+3.17",139.5,-2.5,"2026-02-14","Hit"
"ab15594547b94878b3885dba3fdc1d3e","Fordham","Rhode Island",66,70,109.1,103.7,65.6,"-.029","-0.01","109.3","109.3","-5.66","166",104.7,104.9,64,"-.095","-3.43","107.1","110.5","-15.26",132.5,-5.5,"2026-02-14","Loss"
"2b9b4fc9dfd5a90f4649704f8b4e829d","Cal St. Fullerton","UC Irvine",86,65,103.2,98.9,68.8,"-.019","-0.97","107.8","108.7","-0.12","174",107.2,108,73.5,"+.014","+1.15","109.8","108.7","+6.40",152.5,-7.5,"2026-02-14","Hit"
"071f09d20549ddee8ce5cb35bf81003c","Elon","William & Mary",78,81,111.9,107.7,72.9,"-.002","-0.58","108.1","108.6","+1.26","198",112.9,115.5,67.3,"-.039","-2.46","107.5","110.0","-1.49",165.5,-7.5,"2026-02-14","Loss"
"78e3dab4fbe5d6ba79f6d0e6f3fc5096","Air Force","Fresno St.",93,63,106.4,103,68.4,"-.044","+3.93","111.0","107.1","-3.32","345",95.5,114.8,65.8,"+.006","+3.89","110.7","106.8","-4.20",142.5,-16.5,"2026-02-14","Hit"
"381f9bb5fc9bd5c826edbb22e32f5728","Samford","East Tennessee St.",72,82,111,107.7,66.3,"-.017","-8.77","105.0","113.8","-4.65","216",109.4,113.3,66.6,"+.008","-4.58","107.9","112.5","+0.85",146.5,-6.5,"2026-02-14","Loss"
"3521362819692134c1d617ab70a07191","VCU","Richmond",67,78,112.1,109.2,67.8,"-.038","-0.51","108.7","109.2","-8.54","46",119.8,103.6,69.4,"-.038","+1.80","109.5","107.7","-1.49",156.5,7.5,"2026-02-14","Hit"
"01eba2ac1574a7e397271e25c923ef5b","South Alabama","Arkansas St.",88,92,110.5,108.4,71.7,"+.020","-1.79","107.3","109.1","+3.01","204",105,107.9,65.3,"+.110","-5.97","105.2","111.2","-5.40",150.5,-7.5,"2026-02-14","Loss"
"c51b4872a004e0f2fdc32c2806b6c932","Toledo","Bowling Green",80,70,106.1,104.1,68.4,"-.082","-3.47","107.7","111.2","-5.64","158",112.6,111.8,68.5,"-.049","-0.75","109.7","110.4","+2.08",150.5,-4.5,"2026-02-14","Hit"
"cbe3b47737cfdd1a8ea292d78e86546d","Duquesne","St. Bonaventure",73,78,113.4,111.5,66.7,"+.016","+0.20","108.5","108.3","-4.11","113",112.1,106.7,70.1,"-.050","+0.98","109.8","108.8","-5.78",152.5,-2.5,"2026-02-14","Loss"
"fec60664b55117d55aeecc7dc46e6b0b","California","Boston College",75,86,102.4,100.6,65.9,"-.074","+4.12","111.0","106.8","-6.61","70",114.4,103,67.5,"+.049","+5.86","112.1","106.2","-6.61",140.5,3.5,"2026-02-14","Hit"
"a7aed963b995a903954ee61bb92e5cff","Southern Utah","UT Arlington",73,78,104,103.2,65.4,"+.043","+0.52","108.0","107.5","+2.93","278",102.5,112.4,70.2,"-.030","+2.35","109.1","106.8","+5.02",144.5,-8.5,"2026-02-14","Loss"
"96ec08f16406ee364d9280a3b5aa43f6","Montana St.","Montana",71,82,107.2,106.7,69.5,"+.019","-0.72","110.2","110.9","+4.94","151",108.4,107.4,65.9,"-.064","+0.01","110.5","110.5","+5.29",144.5,-1.5,"2026-02-14","Loss"
"8cad6bbd4eb9d2012535bbb3313c9813","West Georgia","Central Arkansas",79,62,108.4,108.5,68.4,"+.030","-5.10","108.3","113.4","+6.10","317",102,116.4,68.8,"+.095","-7.09","107.4","114.5","-0.42",153.5,-11.5,"2026-02-14","Hit"
"8926170ceaab39c9dbd37c1573e5dae4","Yale","Harvard",75,76,108,108.2,63.1,"+.024","-4.06","106.5","110.6","-3.92","73",122.4,111.2,65.3,"+.066","-1.73","107.5","109.2","+1.07",142.5,5.5,"2026-02-14","Loss"
"0b5aea2638734481908f855c79b5d627","Middle Tennessee","Western Kentucky",82,80,105.4,106.1,69.2,"+.009","-0.36","109.1","109.5","+0.90","180",108.2,109.5,65.1,"-.006","+2.20","109.9","107.7","+11.76",143.5,-3.5,"2026-02-14","Hit"
"a793221c453a20fa21c6d96268e8e099","Sam Houston St.","Kennesaw St.",79,83,109.5,110.6,72,"-.012","-2.62","107.1","109.7","-5.81","111",112.6,106.9,70.9,"-.009","+0.56","108.9","108.3","+5.50",165.5,-1.5,"2026-02-14","Loss"
"90417180db93d2e26614828637509ba3","Hawaii","CSUN",84,60,108.5,109.9,73.8,"+.087","-0.67","107.7","108.4","+0.41","91",107.4,99.1,69.9,"+.008","-4.86","105.5","110.3","-10.94",162.5,3.5,"2026-02-14","Hit"
"68935d88d3e8aba48236a732527959b4","Delaware","Missouri St.",67,76,106.8,109.3,65.9,"+.004","-1.52","107.4","108.9","-1.04","281",102.8,112.8,63,"+.008","-3.29","106.8","110.1","-6.26",134.5,-7.5,"2026-02-14","Loss"
"61cb514788e1424f8564a51530934372","New Mexico St.","Jacksonville St.",70,79,104.8,107.4,64.8,"-.018","-3.26","106.7","110.0","-5.17","173",110,110.8,66.9,"-.137","-0.96","107.7","108.6","+0.89",138.5,-1.5,"2026-02-14","Loss"
"12c29a3de842e837002c797c334c23cf","Louisiana Tech","FIU",77,64,106.5,109.7,72.3,"-.056","-1.03","108.2","109.2","-0.24","229",100.6,106.3,64.2,"+.071","-3.51","106.9","110.4","-7.36",145.5,-3.5,"2026-02-14","Hit"
"53da9b3a061076920ba908eed642a762","Navy","Colgate",80,84,107.4,110.7,67.1,"+.056","-6.37","106.0","112.4","+5.07","160",105,104.7,65.6,"+.067","-11.74","102.7","114.4","-8.68",138.5,1.5,"2026-02-14","Hit"
"ec84293a66ebf7cf122b0fa698a13346","Western Michigan","Eastern Michigan",62,76,103.6,108,66.2,"-.088","+0.25","109.4","109.1","+2.23","290",107.4,118.5,67.5,"-.014","-1.82","107.8","109.6","-2.02",145.5,-6.5,"2026-02-14","Loss"
"ad9e041edd984f63421fe5de256ebe38","Presbyterian","UNC Asheville",57,58,105.9,110.4,65.4,"-.054","-2.92","108.1","111.0","+0.28","287",102.7,113.3,63.7,"-.017","-5.02","106.5","111.6","-1.28",135.5,-3.5,"2026-02-14","Loss"
"5b0bd48d1e53eed2a13e27f89a162795","East Carolina","Rice",75,85,108.8,113.5,65.4,"+.017","-0.03","108.3","108.3","-2.31","266",101.4,110.2,68.6,"-.016","-1.03","108.8","109.8","-2.76",145.5,-4.5,"2026-02-14","Loss"
"4bcfe076e7a16424b4f57e5ac2e599aa","Bryant","Vermont",90,63,108,113.4,65.1,"-.009","-8.67","103.5","112.1","-1.59","353",96.6,117.7,64.5,"+.030","-6.76","103.4","110.2","+2.89",134.5,-12.5,"2026-02-14","Hit"
"b1eaa3e71f1aea67343571c9b3c9c70d","Stetson","Florida Gulf Coast",78,76,106.5,112.7,68.2,"-.066","-4.32","108.5","112.8","-0.28","330",101.8,117.4,67.2,"+.028","-2.97","108.4","111.4","+3.14",148.5,-10.5,"2026-02-14","Hit"
"b0c6266d716d3c17a31145299b05fe88","Charleston Southern","Radford",90,80,106.4,112.9,71.3,"-.033","-5.25","107.2","112.4","-6.03","238",104.8,111,71.3,"-.108","-5.64","106.1","111.7","-4.92",162.5,-3.5,"2026-02-14","Hit"
"369c7b1cc914bdf11ac1f5e4b4d52369","Louisiana Monroe","Texas St.",95,84,102,108.8,66.7,"+.084","-6.80","104.8","111.6","-9.38","354",98.2,119.5,70.9,"-.092","-4.18","105.6","109.7","-0.62",149.5,-13.5,"2026-02-14","Hit"
"28f6c28a6288a8b595d278a85fa911bf","Grand Canyon","San Jose St.",79,94,107.3,114.2,64.2,"-.028","+6.77","112.4","105.6","+1.39","67",108.8,97.2,67.9,"-.042","+3.53","110.9","107.4","-5.03",138.5,11.5,"2026-02-14","Hit"
"7ed5e25605830b1eb77c46009da379fe","Army","American",75,63,104.7,111.9,67.4,"+.006","-6.42","105.0","111.4","-0.19","340",100.6,118.8,66.6,"+.076","-7.24","105.5","112.7","-2.18",144.5,-9.5,"2026-02-14","Hit"
"5a9b956f5d23f1fd043325d052cdf6f9","Georgia St.","Old Dominion",78,55,104.1,111.8,68.8,"-.069","-0.64","108.7","109.3","+5.55","277",101,110.8,68,"-.046","-2.03","107.1","109.1","+0.05",147.5,-4.5,"2026-02-14","Hit"
"c17aaf5793a57861a85853a65c7681db","Liberty","UTEP",64,73,102,110.4,65.2,"+.028","-0.21","107.2","107.5","+4.13","92",117.9,109.7,64.2,"+.179","-1.63","107.2","108.8","+0.35",137.5,7.5,"2026-02-14","Hit"
"311d9e20e0d1f5b6ef01211c46f10191","Loyola Marymount","Pepperdine",90,89,100.8,110.8,67.9,"-.051","+4.09","110.7","106.6","-2.39","149",105.3,103.7,67.6,"-.031","+1.73","110.0","108.3","-4.96",145.5,5.5,"2026-02-14","Hit"
"6e3948a9c7aa2a9ca597c638b3eb21f0","USC Upstate","Longwood",82,75,102,112.1,68.4,"-.040","-7.93","104.7","112.7","-10.37","296",100.1,111.6,68.1,"+.044","-3.79","107.0","110.8","-1.66",144.5,-6.5,"2026-02-14","Hit"
"f6a1c94417a9f12e68a9818dd34c216d","Bucknell","Boston University",82,69,110.2,120.3,63.6,"-.041","-7.90","103.9","111.8","-4.16","329",98.6,114.3,66.7,"+.018","-4.78","106.7","111.5","+1.59",141.5,-6.5,"2026-02-14","Hit"
"b9e056249660d48a966f8c72bbc26192","North Dakota St.","North Dakota",66,83,106.4,116.6,67.2,"+.128","-4.49","107.2","111.7","-0.38","133",111.7,108.6,66,"+.022","-4.87","106.6","111.5","-0.77",148.5,6.5,"2026-02-14","Hit"
"8f1ae1ee602b6d556dcd1f2aed55d7b3","Tennessee St.","Morehead St.",94,86,105.2,116.2,65.6,"+.132","-5.28","104.6","109.9","+6.94","254",106.7,114,70.4,"+.106","-8.43","102.5","110.9","+5.40",152.5,1.5,"2026-02-14","Hit"
"c7a38eb38cbdd74ef514c4f218870bf9","Chicago St.","Le Moyne",81,63,102.5,113.7,69.4,"+.026","-9.28","102.9","112.2","-1.98","349",99.2,119.2,66.1,"-.003","-3.49","105.5","109.0","+11.22",144.5,-7.5,"2026-02-14","Hit"
"c456fc3d3ebb4815146d330a9d39c418","Wofford","UNC Greensboro",99,89,106.6,119,67.1,"+.052","-4.94","107.5","112.5","+0.02","221",109.8,114.3,68.1,"+.115","-6.09","107.9","114.0","-3.99",154.5,2.5,"2026-02-14","Hit"
"cb6046b737832fc4b66cd12222a1d815","Kent St.","Ball St.",68,75,97.8,112.6,63.6,"+.035","-3.49","107.3","110.8","-6.48","146",111.4,109.6,70.5,"+.137","-1.82","109.6","111.4","-2.54",142.5,8.5,"2026-02-14","Loss"
"d4fcaf7bf5386dbffe723254420dd517","Central Connecticut","Fairleigh Dickinson",57,63,100.7,116.2,64.8,"-.007","-7.87","103.2","111.1","+5.97","288",106.1,116.9,65.5,"+.078","-9.44","102.2","111.6","-1.83",137.5,-1.5,"2026-02-14","Loss"
"7e6de81d23d06e32bb7f018b8d012bb6","South Dakota St.","Oral Roberts",69,87,99.6,115.6,67.4,"-.011","+0.62","110.7","110.0","+4.89","222",106.1,110.8,67.4,"-.133","-2.49","108.0","110.5","+1.59",146.5,5.5,"2026-02-14","Hit"
"5a01a5220df657733b91b137b65ded7b","UMBC","New Hampshire",63,85,97.2,113.4,67.6,"+.003","-5.26","105.4","110.6","+6.01","256",105,112.4,66.2,"+.045","-13.23","101.2","114.4","-7.36",142.5,4.5,"2026-02-14","Hit"
"a2f3053c3e43c060ecccff93a5c11770","LIU","New Haven",55,52,95.6,113.1,63.2,"+.015","-6.83","103.7","110.5","+3.76","205",104.7,107.5,68.2,"+.126","-6.91","104.6","111.5","+2.11",128.5,7.5,"2026-02-14","Hit"
"3d06e376713c0ee3de61809cf1586f37","Wagner","Stonehill",57,68,91,109.1,65.5,"+.029","-8.17","103.8","112.0","-1.92","333",102.1,118.2,65.5,"-.034","-7.97","103.6","111.6","+5.24",128.5,-3.5,"2026-02-14","Loss"
"080ccd9ee3e2e5b44cd603ea377d6059","Mercer","The Citadel",54,70,98.9,119.1,64.2,"+.015","-5.13","107.5","112.6","-1.82","165",110.7,110.8,69.9,"-.002","-3.11","108.7","111.8","+5.83",147.5,9.5,"2026-02-14","Hit"
"764232402c256cde45e76ac9f304e815","Mercyhurst","Saint Francis",79,94,97.7,119.5,69.9,"-.017","-5.25","105.7","111.0","+6.44","295",98.8,110.2,63.7,"-.034","-9.57","103.2","112.8","+0.51",136.5,2.5,"2026-02-14","Hit"
"3830290a4bbd11e9b6afc7253e885fef","Furman","VMI",72,90,98.8,123.7,67,"-.004","-4.97","107.4","112.3","-1.88","187",106.1,108,66.2,"-.009","-4.98","108.1","113.0","-0.24",145.5,13.5,"2026-02-14","Hit"
"0e8755607b2820e97b18ca2f6c424da2","High Point","Gardner Webb",87,112,95.1,123,69.9,"-.006","-0.13","109.0","109.1","+5.51","88",117.7,109.2,69.6,"+.028","-8.71","103.3","112.0","-8.78",160.5,25.5,"2026-02-14","Loss"
"d50155bda3669751f6a79842bc809e33","Indiana","Illinois",71,51,130.8,98.6,65.7,"-.018","+12.10","115.6","103.5","+4.14","35",121.4,101,66.9,"-.015","+8.71","113.5","104.8","-5.02",152.5,-10.5,"2026-02-15","Hit"
"caa9c3aa585ac28d95f7e5b10b6830f5","Utah","Cincinnati",69,65,108.5,93.3,68.2,"-.086","+9.13","113.1","103.9","-2.81","127",113.6,109.8,67.4,"-.008","+9.60","114.4","104.8","-0.32",142.5,-11.5,"2026-02-15","Hit"
"aac318624cfc35ccd9c5266e5a9a1f79","Seton Hall","Butler",56,63,116.2,106.1,68.4,"-.037","+9.09","113.6","104.5","-2.76","48",110.2,94.6,65.7,"-.038","+6.75","113.1","106.4","-4.25",141.5,2.5,"2026-02-15","Hit"
"d1d09d6aaebffd9802ab173c283ed998","Drake","Northern Iowa",86,62,105.9,97.3,62.2,"-.057","+1.72","109.5","107.8","-0.90","202",110.1,112.7,67.5,"-.074","+0.51","108.8","108.3","-4.32",137.5,-9.5,"2026-02-15","Hit"
"7cfecb0c1701ee5b986e281a08fefcc1","Davidson","Dayton",70,59,109.4,101.6,68.5,"+.013","+2.08","110.0","107.9","+1.05","106",112.3,105.7,63.8,"+.030","+2.58","110.0","107.4","+0.47",139.5,-4.5,"2026-02-15","Hit"
"b2ac8baec5ddb472389709f801582338","Belmont","Murray St.",70,87,117.4,111.2,71.8,"+.065","+0.29","108.8","108.5","-3.77","60",120.1,107.5,69.1,"+.027","-0.51","107.1","107.6","-5.78",167.5,-1.5,"2026-02-15","Loss"
"d600ca0160dfb31f6fb1d2df10c2bc47","Bradley","Southern Illinois",60,70,105,100.1,69.6,"-.128","+3.00","110.0","107.0","+1.38","134",110.4,107.7,67.6,"+.062","-0.56","108.2","108.7","-4.42",144.5,-2.5,"2026-02-15","Loss"
"b5fc96661bb3a5cd2e03f13d569bc5c4","South Florida","Florida Atlantic",81,83,111.3,106.5,70.4,"-.047","+2.69","110.1","107.4","+3.41","59",116.5,103.6,72.1,"-.047","+3.63","111.2","107.6","+4.17",166.5,4.5,"2026-02-15","Loss"
"834cd912b2a835db0873d70322278afa","Tulane","UAB",54,55,110,106,69.5,"+.022","-0.27","108.7","109.0","-4.59","191",108,110,67.2,"+.100","-1.23","107.0","108.3","-3.72",152.5,-6.5,"2026-02-15","Loss"
"78897d4b6c5a9ea84d72acaba42b38f9","Illinois St.","Illinois Chicago",83,56,108.4,104.5,66.3,"-.054","+1.88","110.0","108.1","-3.14","89",111,102.5,67.1,"-.051","-0.38","108.5","108.9","-1.80",138.5,1.5,"2026-02-15","Hit"
"0264a96cf6e89393a11b132fe5a23aaa","Oregon St.","Seattle",60,50,101.5,98.2,68.1,"+.013","+2.04","110.7","108.7","-3.75","179",108.8,110,65.1,"+.094","+2.47","109.5","107.0","-1.91",137.5,-6.5,"2026-02-15","Hit"
"f4fe59fad696480d9613acd6d8701228","Indiana St.","Valparaiso",76,75,106.2,105.5,65.4,"+.003","+1.76","109.2","107.4","-6.00","212",105.5,109,68.4,"-.098","-0.36","107.4","107.8","-6.37",142.5,-4.5,"2026-02-15","Hit"
"49d93f5d9f2bb723d26ec650e29d8513","North Texas","Temple",62,65,112,111.4,65.3,"+.020","-2.97","106.3","109.3","-3.21","143",102.4,100.3,65,"-.017","+0.35","109.1","108.8","-1.17",137.5,-2.5,"2026-02-15","Loss"
"7b864d6a5f95914b4098493bca7a3532","Maryland","Rutgers",68,57,109.7,109.3,65.8,"+.026","+11.17","114.3","103.1","-7.53","124",111.7,107.9,66.9,"+.050","+13.52","116.5","103.0","+0.61",144.5,-2.5,"2026-02-15","Hit"
"7fb1cc638a3428205cbbac503cdc013d","UTSA","Charlotte",79,88,112.2,113.3,63.5,"+.032","-0.12","108.7","108.8","-0.48","348",98.2,118.2,68.6,"+.013","+1.76","109.2","107.4","+2.10",147.5,-14.5,"2026-02-15","Loss"
"008444dae0ae01b8f620d441b2f8ef05","Siena","Marist",63,67,99.9,101.5,66.5,"-.015","-8.45","103.9","112.4","-6.97","200",107.5,109.9,64.7,"-.012","-9.70","102.7","112.4","-6.97",134.5,-1.5,"2026-02-15","Loss"
"bd2d3a30650ecac7e8ddbe85795ecff8","Oakland","Robert Morris",93,69,109.3,111,65.2,"+.052","-4.46","108.3","112.8","-2.79","140",115.6,113.3,70.7,"+.044","+1.65","110.6","109.0","+17.14",156.5,-1.5,"2026-02-15","Hit"
"0ee4a18147d583ed1cea44af817dcf1f","Merrimack","Quinnipiac",49,56,104.4,106.6,70.2,"+.080","-6.77","104.7","111.5","+0.65","169",107,107.4,64,"+.111","-4.81","105.7","110.5","+2.91",142.5,-1.5,"2026-02-15","Loss"
"d8b23554916b6fe0c557f7ae322f63b3","Charleston","Campbell",57,62,110.9,113.1,70.6,"+.033","+2.02","109.8","107.8","+7.20","171",106.7,107.5,68.6,"+.074","-1.85","109.1","110.9","-0.94",157.5,-1.5,"2026-02-15","Loss"
"affa4594e592ff970a05a79655f25c88","Towson","Monmouth",72,71,104.4,107.4,67,"-.001","-3.11","106.4","109.5","-4.00","170",104.2,104.6,63.9,"+.021","+0.02","109.3","109.3","+3.93",136.5,-1.5,"2026-02-15","Hit"
"446049fe26b64ca9e2557a236d184d7d","San Francisco","San Diego",79,92,107.5,111.3,69.2,"+.016","+2.66","109.7","107.1","-2.20","131",112.6,109.3,65.6,"-.007","+3.54","110.0","106.4","+0.87",148.5,4.5,"2026-02-15","Hit"
"2c128b79671429f16d8483e66c331ebc","Fairfield","Saint Peter's",83,74,103.5,110.1,65.9,"+.072","-7.86","103.8","111.6","+0.03","263",107.3,115.7,66.9,"+.078","-9.22","102.5","111.8","-7.57",142.5,-3.5,"2026-02-15","Hit"
"4afd01dfa70e2464b7d3c4a54bed45d7","Denver","Nebraska Omaha",83,76,107.3,114.5,67.7,"+.017","-2.19","108.5","110.7","+3.49","221",115.6,120.5,68.4,"+.006","-0.74","109.1","109.8","+7.16",159.5,-2.5,"2026-02-15","Hit"
"f9e3ccaaa87f46e5f8794f311e68e7a3","Youngstown St.","Detroit Mercy",76,70,106.9,114.3,69.1,"+.040","-2.04","109.1","111.2","+6.81","201",107.4,109.8,67,"-.115","-4.46","108.7","113.1","-2.59",151.5,2.5,"2026-02-15","Hit"
"91f39309326154ee15de0e7153f23725","IU Indy","Purdue Fort Wayne",83,78,105.6,113.2,67.7,"+.121","-0.85","110.2","111.1","+8.01","313",105.5,119.2,73.6,"-.022","-3.45","108.3","111.7","-0.79",160.5,-6.5,"2026-02-15","Hit"
"1dd11ab2c151a75e166c248c3e073da1","Green Bay","Milwaukee",75,72,105.4,114.4,67.9,"+.007","-1.63","110.0","111.6","+6.82","219",111.7,116.1,63.3,"+.088","-1.89","110.1","112.0","+6.51",145.5,-2.5,"2026-02-15","Hit"
"729484ed5e0842ef35b977abb98faea6","Rider","Sacred Heart",86,75,107,118.2,68.9,"-.008","-6.46","104.7","111.2","-0.77","357",96.3,119.5,65,"-.036","-3.21","106.5","109.7","+11.02",148.5,-8.5,"2026-02-15","Hit"
"2c3a8617262e7f7cc7fad0817f7c97d9","Wright St.","Cleveland St.",90,102,109.4,122,69,"+.047","-1.86","109.8","111.6","+3.97","150",111,109.6,66.5,"-.035","-3.17","109.4","112.6","+1.04",158.5,7.5,"2026-02-15","Hit"
"faf971daebea18a4d2c90231f89baf97","Holy Cross","Loyola MD",83,73,102.6,116.8,68.4,"-.025","-8.91","103.5","112.4","-6.34","328",100.5,115.9,65.3,"-.002","-5.25","106.2","111.5","+0.63",145.5,-3.5,"2026-02-15","Hit"
"d866dcc1d1b50494132050f5ee61a0cd","Iona","Niagara",70,68,97.6,116.5,62.1,"-.066","-7.52","104.4","111.9","-4.24","247",103.6,110.6,69.2,"+.068","-7.46","104.3","111.7","-2.80",133.5,5.5,"2026-02-15","Hit"
"7fd6e668ac5ebf7e47d00dacbd4ec619","Eastern Kentucky","North Alabama",84,78,100.8,119.9,65.4,"+.047","-3.78","107.8","111.6","+2.38","272",109,118.2,67.6,"-.043","-2.16","108.6","110.7","+3.38",150.5,4.5,"2026-02-15","Hit"
"49099f3e4864abdf1bd1aea99f34a5d8","Manhattan","Canisius",65,69,95.2,114.7,64.3,"+.012","-6.48","105.0","111.5","-2.80","329",105.4,121,68.3,"+.069","-7.60","103.6","111.2","-2.57",140.5,1.5,"2026-02-15","Hit"
"15b2457a3d50c0ac836f826be9804c00","Syracuse","Duke",101,64,125.3,89.4,65.8,"+.036","+12.12","115.3","103.2","+7.55","69",115.1,103.2,68.1,"-.026","+7.25","111.5","104.2","-3.27",142.5,-19.5,"2026-02-16","Hit"
"b153a59f4be08f235dbe01460f0e5332","Houston","Iowa St.",70,67,123.9,91.7,67.1,"+.017","+8.37","112.7","104.4","-2.87","4",125,91.7,63.3,"+.028","+9.03","114.1","105.1","+0.79",134.5,-2.5,"2026-02-16","Hit"
"dcf2ebf9b86222125d206a3862207e7f","Lamar","UT Rio Grande Valley",70,65,108.5,106,67,"-.058","-0.70","108.4","109.1","+8.28","208",106.1,109.5,65.5,"-.070","-2.43","106.5","108.9","+0.09",141.5,-5.5,"2026-02-16","Hit"
"c809a03befe0edfc342a9866b51bb847","South Alabama","Marshall",84,80,110.2,111.8,69.2,"+.036","-3.44","107.3","110.8","-0.59","191",106.1,108.1,65.2,"+.119","-5.18","105.8","111.0","-5.00",149.5,-3.5,"2026-02-16","Hit"
"ddb286bede9f861743e56bdb9af5dd90","Stephen F. Austin","Texas A&M Corpus Chris",68,78,102.4,104.1,66.6,"+.007","+0.39","109.3","108.9","+17.52","86",111.8,102.4,66.1,"-.001","-4.37","105.4","109.8","-4.03",136.5,6.5,"2026-02-16","Hit"
"f087b7785f87bc95060e99c660c5e97a","Wagner","LIU",83,65,103.9,107.3,68.1,"+.104","-6.97","104.6","111.6","+2.31","324",102.6,117.6,65.6,"-.034","-8.18","103.2","111.4","+5.70",136.5,-9.5,"2026-02-16","Hit"
"73bd8b336bdd373fd97cd5df6189a64f","Abilene Christian","Tarleton St.",65,62,103.5,106.9,70.1,"-.042","+1.37","108.1","106.7","+3.54","232",101.2,107.1,66.6,"+.056","+0.09","108.0","107.9","+1.68",134.5,-1.5,"2026-02-16","Hit"
"c41f8ac8249b7da2c8d63d7cfad4c2cc","Drexel","Stony Brook",72,69,104.9,109.1,65.5,"+.078","-2.71","106.9","109.6","-3.56","227",102.8,108.3,64.2,"-.014","-4.99","105.3","110.3","-8.07",132.5,-3.5,"2026-02-16","Hit"
"83113e53720d200845c59b7cc0426f29","Louisiana","Old Dominion",83,72,104.6,111.2,68.5,"-.086","-1.30","108.5","109.8","+5.48","305",99.6,112.4,62.5,"+.034","-5.01","105.4","110.4","-1.85",135.5,-5.5,"2026-02-16","Hit"
"1c00894f287d458375bf5e37f08ee0f0","New Orleans","Incarnate Word",64,78,108.2,117,66.5,"-.025","-0.72","107.8","108.5","+6.47","209",109.9,113.3,69.9,"+.036","+1.36","108.3","106.9","+15.24",156.5,-1.5,"2026-02-16","Loss"
"f2f8b20a3f953efae02c3257e3256d40","Colgate","Boston University",85,58,110.6,120.4,63.7,"-.039","-8.49","103.8","112.3","-4.24","213",107.9,111.4,67,"+.039","-6.21","106.0","112.3","+5.20",143.5,2.5,"2026-02-16","Hit"
"95db878b9094b46a028b86e2cd489415","McNeese","Northwestern St.",64,75,104.1,114.1,65.3,"-.009","-0.47","107.6","108.1","+7.88","64",115.7,103.4,66.3,"+.060","-1.74","107.5","109.2","+10.19",137.5,14.5,"2026-02-16","Loss"
"2e82bb0d301b75eb04a70a92d860effa","Southeastern Louisiana","East Texas A&M",70,53,98.5,109.3,69.1,"+.034","+0.37","108.8","108.5","+7.05","271",98.8,107.9,65.2,"-.016","-0.55","108.4","108.9","+5.34",134.5,-1.5,"2026-02-16","Hit"
"3c78ded651fc433f8f7704c6b18a4fe0","Nicholls","Houston Christian",72,68,104.4,115.9,63.7,"+.024","-1.86","107.3","109.2","-1.40","252",106.8,114.1,68.4,"+.058","+0.13","108.3","108.1","+10.32",142.5,1.5,"2026-02-16","Hit"
"2a1afce731c08fe7a727dbc68e490f82","Mississippi Valley St.","Alabama St.",92,55,99.8,112.6,69.4,"-.041","-3.79","105.5","109.3","+8.70","365",89.9,122.8,66.6,"-.063","-4.66","106.2","110.9","+5.85",140.5,-14.5,"2026-02-16","Hit"
"a086a893ba2f7cc59b22dabd8c0415f3","Southern","Texas Southern",74,73,103,116,69,"-.054","-4.43","105.6","110.1","+13.04","270",103.8,112.7,70,"+.052","-3.41","107.2","110.6","+15.07",153.5,2.5,"2026-02-16","Hit"
"00fc8f77e61e0b83c0cb729088065e0b","Arkansas Pine Bluff","Alabama A&M",82,70,100.8,113.9,65.9,"+.079","-10.16","102.6","112.7","-2.37","301",103.3,115.5,69.5,"+.089","-1.19","107.9","109.1","+14.44",143.5,-3.5,"2026-02-16","Hit"
"a7254c8d4ec86415b8adcc13080a1698","Grambling St.","Prairie View A&M",68,63,100.6,115.8,73.7,"-.026","-5.51","105.6","111.1","+8.98","277",99.7,109.2,66.7,"-.010","-6.80","104.2","111.0","+1.72",150.5,2.5,"2026-02-16","Hit"
"7edb09a7427b72e6131e3da0da643da2","Bethune Cookman","Jackson St.",91,86,100.3,117.9,69.9,"+.077","-2.87","106.8","109.7","+13.46","228",102.2,107.8,68.5,"+.072","-4.86","106.0","110.8","+14.21",149.5,5.5,"2026-02-16","Hit"
"c2bf5565ff42a9db07e698835569790b","Norfolk St.","Maryland Eastern Shore",66,70,95.5,114.2,63,"-.012","-4.44","105.6","110.1","+4.67","313",99.7,113.2,68.2,"-.017","-8.46","102.7","111.2","+1.00",135.5,1.5,"2026-02-16","Hit"
"b09238bf7ac550d22b74ac9dddfd7714","Florida A&M","Alcorn St.",78,86,99,117.8,66.9,"+.046","-1.14","107.4","108.5","+12.11","334",96.3,113.4,68.2,"+.050","-6.89","104.6","111.5","+6.62",138.5,-1.5,"2026-02-16","Loss"
"84020ba47330aaf5d0b98491eee1ab51","Morgan St.","North Carolina Central",80,76,99.2,118.7,65.7,"+.026","-4.99","105.2","110.2","+9.50","352",99.7,121,70.4,"+.094","-8.90","102.4","111.3","-2.02",154.5,-5.5,"2026-02-16","Hit"
"46d24584bce06f4b29c43fac7f2ab306","Coppin St.","South Carolina St.",57,59,95.5,119.4,68.2,"+.028","-3.75","106.2","110.0","+3.62","364",92.8,121.4,68.4,"+.027","-5.28","105.2","110.5","+3.06",143.5,-4.5,"2026-02-16","Loss"
"14e10005216db03602cbd3799abe3f9a","Howard","Delaware St.",59,91,88.7,113.6,66.2,"-.042","-8.37","103.2","111.5","+0.74","229",100.6,106.3,68.9,"-.030","-11.10","102.2","113.3","-1.83",131.5,11.5,"2026-02-16","Hit"
"46a8b84e814bcfa39dc2d6189e9682b1","South Carolina","Florida",76,62,124.3,91.3,70.3,"-.068","+14.65","118.1","103.5","+7.76","96",112.3,104.8,66.5,"-.075","+7.29","114.1","106.8","-9.29",153.5,-23.5,"2026-02-17","Hit"
"66a984c47de28d4de36aee6afcadcceb","Michigan","Purdue",80,91,128.2,96.7,65.2,"+.028","+12.89","116.5","103.6","+7.04","1",126.6,87.9,72.1,"+.036","+13.01","116.4","103.4","+10.88",156.5,2.5,"2026-02-17","Hit"
"9e8b4942533f665ef5757aa7a045dc60","UCLA","Michigan St.",82,59,120.3,92.4,65.8,"+.002","+11.43","116.4","104.9","+3.27","42",119.7,101.2,64.8,"+.011","+8.34","114.0","105.7","-3.12",139.5,-8.5,"2026-02-17","Hit"
"ea7780fe99a91e917987557769331431","Nebraska","Iowa",57,52,122.2,99.9,63.3,"-.016","+7.22","112.9","105.6","-7.56","11",120.7,92.5,67,"+.021","+9.52","114.8","105.2","-5.87",139.5,-1.5,"2026-02-17","Hit"
"845cb9de00d05e6094e934a50989e91d","Georgia","Kentucky",78,86,121.1,99.2,67.7,"+.016","+13.21","116.9","103.7","+1.69","43",121.1,103.1,72.4,"-.012","+7.86","113.8","105.9","-7.18",161.5,-6.5,"2026-02-17","Loss"
"a6dc038cae4af947c2334d9a41acda9b","LSU","Texas",88,85,126.2,104.5,66.8,"-.082","+10.51","114.8","104.3","-5.38","55",119.2,105.5,66.3,"-.049","+7.54","112.9","105.4","-4.94",151.5,-11.5,"2026-02-17","Hit"
"6eca5f4d74c19c605747c3f2fca9cdf2","North Carolina","N.C. State",82,58,122.7,101.1,69.3,"-.010","+10.07","114.4","104.3","+5.06","28",122.3,100.5,68,"+.043","+8.34","113.1","104.8","+1.40",158.5,-6.5,"2026-02-17","Hit"
"2cf928f4e1171ec0d1cef58f8a5c1118","Virginia Tech","Miami FL",67,66,119.2,99.6,68.4,"+.014","+3.43","110.7","107.2","-7.58","65",115.3,103.1,67.4,"+.046","+8.21","113.9","105.7","-1.25",150.5,-8.5,"2026-02-17","Hit"
"dcea6ccdcbb9724ba8ab1adcaf5c0a88","Louisville","SMU",95,85,124.4,104.8,68.8,"-.015","+9.72","114.1","104.4","+1.59","14",125.1,97.7,70.3,"+.011","+10.81","114.0","103.2","+3.85",166.5,4.5,"2026-02-17","Hit"
"cfd8b8c4d3b8c81d9097b6f3c0dd9264","Wisconsin","Ohio St.",86,69,122.2,103.4,66.6,"-.035","+10.11","114.1","104.0","-1.57","32",123.3,101.7,69.1,"+.041","+10.38","114.6","104.3","-1.47",157.5,1.5,"2026-02-17","Hit"
"fba2ac1b8d8689b928fb134a3c29acba","Grand Canyon","San Diego St.",63,73,113.5,94.6,68.6,"+.045","+6.05","112.5","106.4","+5.91","67",110.2,98.2,67.7,"-.039","+3.26","111.0","107.8","-5.19",138.5,-8.5,"2026-02-17","Loss"
"d24d0e4b2e6fea28ddd5a3cb0d4f6c32","Air Force","New Mexico",98,61,116.6,99.8,69.8,"-.001","+4.99","111.0","106.0","+1.16","347",95.5,115.2,65.8,"+.009","+4.39","111.0","106.6","-3.90",147.5,-27.5,"2026-02-17","Hit"
"e245b8ddb0eac5d67672bd34566275bd","George Washington","VCU",89,75,119.6,103.1,69.3,"-.033","+2.16","109.9","107.7","-1.31","76",118.5,107.8,69.2,"-.143","+0.63","108.6","108.0","-2.86",162.5,-6.5,"2026-02-17","Hit"
"395476c72b82f8e034979c5f18bede1d","TCU","UCF",82,71,120.7,106.1,69,"+.115","+9.53","113.3","103.8","-2.53","50",113.3,98.1,67.6,"-.017","+8.89","113.9","105.0","-6.98",154.5,-2.5,"2026-02-17","Hit"
"f0415f93b38f4f03598cbd79368a4c6d","Texas Tech","Arizona St.",72,67,116.8,105.2,69.2,"+.031","+12.02","115.8","103.8","+6.25","16",124.5,97.5,67.2,"+.034","+14.47","117.9","103.4","+8.14",153.5,8.5,"2026-02-17","Hit"
"5cdf7ad5ad0742cde68a5264eab4b9c9","Boston College","Florida St.",80,72,114.4,103.9,71.3,"-.056","+9.95","114.1","104.1","-3.20","150",103.4,102.1,65.8,"-.075","+4.31","111.0","106.7","-6.52",148.5,-11.5,"2026-02-17","Hit"
"74c82fb23fb57e46926072c4d0d56cd0","Villanova","Xavier",89,92,114,106.2,70.3,"+.039","+9.21","112.6","103.4","+0.75","26",121.2,99,64.2,"+.033","+9.07","114.3","105.2","+2.66",152.5,4.5,"2026-02-17","Loss"
"08bb7e3d200edc45748efb1dc0c1a910","Minnesota","Oregon",44,61,113.3,106.2,65.7,"-.064","+12.00","115.3","103.3","+2.04","84",112.8,103.2,62.9,"-.099","+9.34","115.2","105.9","-9.03",135.5,-3.5,"2026-02-17","Loss"
"bb1321af76b324142bc572f5f62dde5a","Fresno St.","Wyoming",92,82,113.7,106.7,66.4,"-.060","+4.21","111.4","107.2","-4.46","122",106.9,102.9,68.5,"-.058","+3.18","110.6","107.4","-2.78",147.5,-8.5,"2026-02-17","Hit"
"900aa0dab3f0c801711765e352c3374f","Baylor","Kansas St.",90,74,113.8,106.9,71.8,"-.084","+11.14","114.8","103.7","+0.45","45",122.2,105.4,68,"-.088","+13.37","114.6","101.3","+2.17",161.5,4.5,"2026-02-17","Hit"
"e8669a7c2754aa549f5774aff497d59b","Saint Louis","Rhode Island",81,76,108.7,104,65.4,"-.045","-0.21","109.0","109.3","-5.60","23",120.8,97.2,71.5,"+.029","-1.41","107.6","109.0","-5.62",152.5,10.5,"2026-02-17","Hit"
"08fe5da673f6b36d3aa3329c8ab8a4ff","Kent St.","Bowling Green",71,78,106.7,104.4,68,"-.070","-3.58","107.9","111.4","-5.76","147",111,109.5,70.6,"+.141","-2.30","109.2","111.6","-2.59",151.5,-3.5,"2026-02-17","Loss"
"185cc5fe17e5cfa9173c035ea3336871","Miami OH","Massachusetts",77,86,108.7,110.3,70.4,"-.065","-4.56","106.8","111.3","-6.43","85",117.2,107.7,70.1,"+.103","-6.34","106.4","112.7","-9.12",162.5,3.5,"2026-02-17","Hit"
"5621581942c6b80b6498b1f5723d5371","Northern Illinois","Buffalo",70,72,112.5,114.3,66.4,"-.031","-4.61","106.6","111.2","-7.26","316",97.7,112.1,67.6,"+.000","-1.13","108.5","109.6","+2.61",147.5,-8.5,"2026-02-17","Loss"
"489d663c0183761cf515b7887d61ff9b","Southeast Missouri","Tennessee Martin",53,56,103.8,106.2,64.6,"+.073","-8.71","102.3","111.0","-0.95","229",103.5,109.2,69.2,"+.016","-7.66","103.7","111.4","+4.71",140.5,-3.5,"2026-02-17","Loss"
"d7813eb4e5e8d9402e5b026bd5678038","Ball St.","Ohio",69,57,107,111.9,69.1,"+.052","-0.53","108.9","109.4","+1.37","324",97.2,112.2,63.8,"+.026","-3.50","107.6","111.1","-6.45",142.5,-9.5,"2026-02-17","Hit"
"58531bf2b287bec48da2b40b998c6ef2","Central Michigan","Eastern Michigan",66,54,103,108.7,65.9,"-.090","-0.45","109.1","109.6","+1.95","272",106,115.3,67,"-.115","-1.88","107.6","109.5","+1.21",143.5,-4.5,"2026-02-17","Hit"
"7771054bb31f63dc57f933d9916a1392","Gardner Webb","Charleston Southern",75,66,104.8,111.6,71.2,"-.114","-5.48","106.2","111.7","-5.05","363",95.8,123.8,70,"-.005","+0.07","109.3","109.2","+5.48",159.5,-17.5,"2026-02-17","Hit"
"59ded394d77bbd940d0b3093e639da06","Nevada","San Jose St.",87,71,108.4,115.7,64.1,"-.028","+6.89","112.3","105.4","+1.36","59",117.7,104.6,64.8,"+.019","+6.13","111.5","105.4","+3.17",140.5,10.5,"2026-02-17","Hit"
"df71900f3d765d68e0152d6b498b8679","Akron","Western Michigan",73,90,108,117.8,67.3,"-.007","-1.91","107.8","109.7","-2.15","68",119.7,107.8,70.6,"-.011","-3.32","108.1","111.5","-2.48",158.5,14.5,"2026-02-17","Hit"
"2559889cffd8b9ad716155544e57bf75","BYU","Arizona",75,68,125.4,89.8,70.8,"-.007","+10.91","114.9","104.0","+3.97","22",125.8,101.6,70.1,"+.000","+11.28","114.7","103.4","+4.53",165.5,-11.5,"2026-02-18","Hit"
"eed1dd3f0dd54c9065e39b43a93dc34d","Creighton","Connecticut",84,91,122.6,93.6,64.7,"+.077","+10.99","114.9","103.9","+8.52","79",116.8,106.4,66.8,"-.013","+10.51","114.1","103.6","+3.44",142.5,-16.5,"2026-02-18","Loss"
"f61cd2ad2b2a86db3c9dabc0bd6db3bd","Arkansas","Alabama",117,115,128,102.3,73.8,"+.017","+16.15","118.7","102.6","+12.72","16",126.3,100.2,70.8,"+.011","+12.74","117.0","104.2","+4.95",183.5,-3.5,"2026-02-18","Hit"
"e936e34ac1812f7eebb763392c5d19a6","Oklahoma","Tennessee",89,66,120.8,95.3,65.5,"-.022","+12.38","117.2","104.8","+0.12","53",122.1,107.9,66.6,"-.101","+10.86","115.2","104.3","-6.11",149.5,-10.5,"2026-02-18","Hit"
"451961025d2cb0d3bb40fb91f2c45e06","Boise St.","Utah St.",75,56,122.6,100,68.1,"+.057","+5.06","111.6","106.6","+2.58","59",117,103.8,65.9,"+.012","+9.28","113.6","104.3","+8.44",152.5,-9.5,"2026-02-18","Hit"
"db7da50a33bce08a284b083de6bd19af","Mississippi","Texas A&M",80,77,121,100.9,70.6,"-.029","+8.09","114.5","106.4","-6.11","81",113.8,103.7,65.4,"-.072","+11.34","115.7","104.3","-1.48",154.5,-9.5,"2026-02-18","Hit"
"8252ab0dd4e3cdd59c7972e329713102","DePaul","Seton Hall",57,69,109.8,93.7,65.5,"-.030","+7.25","113.5","106.3","-4.05","113",107.9,102.3,66,"-.009","+6.03","112.3","106.2","-10.49",131.5,-8.5,"2026-02-18","Loss"
"a1cfe5157c5687c659bc96fc8584c6bb","Illinois","USC",65,101,115.5,100.1,70.3,"+.100","+9.92","114.8","104.9","-0.50","5",131.1,98.1,65.1,"-.019","+12.27","115.7","103.5","+4.00",151.5,9.5,"2026-02-18","Hit"
"ebce4748bbfba64453bbc766c1ee582c","Vanderbilt","Missouri",81,80,118.7,104.8,66.1,"+.075","+7.56","113.8","106.2","-7.59","12",124.9,96.8,69.7,"+.037","+10.93","115.9","104.9","+2.07",153.5,4.5,"2026-02-18","Hit"
"6a4c1493059a335d14689a5a0fd80b77","Utah","West Virginia",56,61,111.5,97.7,62.5,"+.013","+6.80","111.7","104.9","-8.82","119",114.1,109.8,67,"-.019","+10.32","114.4","104.1","-0.09",131.5,-10.5,"2026-02-18","Loss"
"b2aa8e7c43429e58f0ec1d90b8a8581c","Charlotte","Tulsa",79,74,121.2,108.5,68,"+.004","+1.68","109.2","107.5","-2.14","201",112.2,114.9,63.4,"+.022","-0.94","108.3","109.3","-0.42",150.5,-12.5,"2026-02-18","Hit"
"2ff9a5457dd1d991c64fd9a228c01359","Kansas","Oklahoma St.",69,81,117.6,105.3,72.1,"+.064","+8.95","113.5","104.6","-2.16","14",120.2,93.1,67,"+.039","+15.77","117.4","101.6","+11.34",156.5,5.5,"2026-02-18","Hit"
"490204db375ef02865e8d222334fabca","Maryland","Northwestern",78,74,116.4,104.4,65.9,"-.128","+12.91","116.0","103.1","-1.62","134",110.8,107.8,66.7,"+.039","+13.13","116.3","103.2","+0.60",143.5,-7.5,"2026-02-18","Hit"
"f26bc0b95cdc588929bd1c7f073a2ea1","Clemson","Wake Forest",85,77,115,103.6,68.3,"-.036","+10.26","115.2","104.9","+0.72","33",115.7,95.1,64.1,"+.021","+8.37","113.4","105.0","+1.01",138.5,3.5,"2026-02-18","Hit"
"4a180d59bb203fe3f1772b3861e10eb4","Butler","Georgetown",89,93,114.9,104.4,66.2,"-.046","+8.46","112.9","104.5","-5.26","85",115.4,105.6,68.1,"-.050","+9.33","113.5","104.2","-2.47",145.5,-6.5,"2026-02-18","Loss"
"0c44878b4bf36faebe4582701adfa8ec","Auburn","Mississippi St.",91,85,111.9,102.4,69,"-.001","+11.40","115.9","104.5","+1.71","30",125.5,104.5,66.9,"-.034","+17.02","119.0","102.0","+8.92",154.5,4.5,"2026-02-18","Hit"
"b9ea815b8ab45e07f1a5988750a38a38","Dayton","George Mason",67,82,112.1,104.2,64.1,"+.082","-1.02","109.1","110.2","-7.15","92",109.6,101.5,68.1,"+.019","+2.03","110.1","108.0","+0.98",136.5,-1.5,"2026-02-18","Loss"
"2f659ae8a2987848ba29f7e4c121fd90","Murray St.","Illinois St.",78,61,109.8,102.8,67.2,"-.038","+0.02","108.8","108.8","-2.02","112",116.6,111,71.5,"+.061","+0.75","109.4","108.6","-3.72",156.5,-2.5,"2026-02-18","Hit"
"ebb4661330b6064d23a2ca299f736786","St. John's","Marquette",70,76,111.9,105.2,69,"-.114","+9.94","114.4","104.5","+1.04","21",120.7,96,69.9,"-.004","+10.07","114.7","104.6","+6.83",157.5,9.5,"2026-02-18","Loss"
"0f558db055f0c62c38bb5019fb0f04c6","Richmond","Davidson",65,63,112,106.1,63.4,"+.018","+3.09","110.2","107.1","+0.22","136",111.7,109.1,67.6,"-.046","+0.18","109.3","109.1","-8.57",141.5,-4.5,"2026-02-18","Hit"
"91a96a5c60f0e1d453516f3f0ae60ece","Middle Tennessee","Sam Houston St.",78,70,113.3,107.4,70.2,"+.005","+0.81","109.4","108.6","+5.80","179",108.8,110,65.1,"-.025","+2.39","110.0","107.6","+12.06",152.5,-5.5,"2026-02-18","Hit"
"779c4061539ff65e9a1f7952ffc3fcd5","La Salle","Duquesne",62,61,112.3,106.5,69.9,"-.034","+1.40","110.3","108.9","-5.65","239",103.9,110.1,64.5,"-.033","+5.73","111.6","105.9","+3.84",145.5,-11.5,"2026-02-18","Hit"
"fb88f48aafaaee316979dbe2bf3675d9","Gonzaga","San Francisco",59,80,113.6,109.8,65.4,"-.001","+3.43","109.9","106.5","+1.01","11",122.8,94.4,69.6,"+.082","+5.05","112.1","107.1","+7.06",149.5,14.5,"2026-02-18","Hit"
"9ff940e26341438aded9e17125d55bb3","Colorado St.","UNLV",86,91,113.3,109.5,70,"+.020","+5.09","111.2","106.1","+0.39","93",117.8,109.6,62,"+.002","+3.15","111.3","108.2","-2.96",149.5,-1.5,"2026-02-18","Loss"
"bb37ce13d0a8bae0e489d0421685f562","Rutgers","Penn St.",72,85,115,111.2,67.3,"-.010","+9.42","114.7","105.3","-7.62","153",109.5,108.6,65.5,"+.035","+10.35","113.9","103.6","-7.55",148.5,-4.5,"2026-02-18","Loss"
"150d7c5fe1855b042719b0db9f4d21ef","Saint Mary's","Seattle",70,72,101,97.4,67.8,"+.017","+1.68","110.7","109.0","-3.61","28",119.1,97.5,65.3,"+.014","+2.91","109.7","106.8","+3.87",136.5,10.5,"2026-02-18","Loss"
"03fb20e139d17b3e128a389340b280c6","Pacific","Washington St.",87,70,114.5,111.3,67.4,"-.072","+5.54","110.9","105.4","+5.20","104",110.9,104.4,64.7,"-.005","+1.15","109.0","107.9","+0.03",144.5,-1.5,"2026-02-18","Hit"
"eb55c28951b39bcbf8b02bf3736498f9","Saint Joseph's","St. Bonaventure",65,71,113.3,111.7,66.5,"+.001","+0.45","108.7","108.2","-3.99","154",105,104.2,67.8,"+.070","+0.68","108.7","108.1","-5.27",146.5,-4.5,"2026-02-18","Loss"
"03d9a9cbb2e4a677a348e591911f359c","Lehigh","Navy",72,49,105.6,105.1,65.4,"+.078","-11.09","103.1","114.2","-8.82","300",101.7,113.7,67,"+.040","-7.66","104.6","112.3","-0.76",139.5,-9.5,"2026-02-18","Hit"
"5bb4b0623ff8d3263ead6bdc49664ec8","Loyola Chicago","Fordham",62,59,104.9,104.5,63.8,"-.075","-2.74","107.4","110.1","-15.33","316",103.3,117.2,65.9,"+.053","+1.84","109.6","107.8","-4.66",138.5,-8.5,"2026-02-18","Hit"
"e51bd22f96a09a35e493532a231380c0","Bradley","Valparaiso",79,72,107,106.6,64.9,"+.021","+1.24","109.0","107.7","-6.06","131",110.5,107,67.4,"+.067","-0.06","108.3","108.3","-4.31",142.5,2.5,"2026-02-18","Hit"
"b304e5b2ab3a29ac76f1820c12db3fc3","UAB","Temple",71,76,111.6,111.3,65.1,"+.001","-2.91","106.3","109.2","-3.17","129",108.8,105.2,69,"+.000","-0.47","108.8","109.2","-4.67",145.5,-1.5,"2026-02-18","Loss"
"6eb950d25a21f9ae46da73bc6af30fbe","Virginia","Georgia Tech",68,94,107.4,107.2,70.5,"-.021","+3.36","109.6","106.3","-10.23","20",121,95.6,65.2,"+.027","+6.52","113.1","106.6","-3.23",147.5,13.5,"2026-02-18","Hit"
"ad2efca37ac0255b25fa4fa9341fca69","East Tennessee St.","Furman",69,78,106.5,108.3,66.1,"-.011","-5.55","107.9","113.5","-0.27","138",110,107.7,66.2,"-.028","-8.57","105.5","114.1","-4.30",141.5,-1.5,"2026-02-18","Loss"
"314fde1b961db1fece47274f944008fa","Purdue Fort Wayne","Northern Kentucky",87,71,108,109.9,69.4,"-.010","-4.67","109.5","114.2","-3.34","258",105.5,113.1,67.5,"+.134","-1.41","110.1","111.5","+8.40",150.5,-6.5,"2026-02-18","Hit"
"3c95a9f54afc0be01d7b339783b6bd7b","Pepperdine","Portland",87,95,105.4,107.8,68.4,"+.057","+4.24","111.4","107.1","+0.30","274",102.4,111.9,67.8,"-.026","+3.92","110.5","106.6","-2.07",150.5,-6.5,"2026-02-18","Loss"
"a0cded5dfea68d6677f6cd4e2f093954","Cleveland St.","Youngstown St.",106,82,106.9,109.5,66.8,"-.124","-4.11","109.0","113.1","-2.40","305",110,122.8,69.1,"+.041","-1.74","109.9","111.6","+4.16",156.5,-10.5,"2026-02-18","Hit"
"ff82fc2450a1e576f8548a0d8282f8d3","Southern Illinois","Drake",61,66,110.3,113.5,67.3,"-.066","+1.21","108.9","107.7","-4.09","121",104.4,100.3,69.3,"-.130","+2.80","109.9","107.1","+1.17",149.5,1.5,"2026-02-18","Hit"
"384a50886e3ff4a61eb1c19573244307","Northern Iowa","Indiana St.",60,81,106.6,109.9,67.9,"-.111","-0.21","107.5","107.8","-6.55","87",106.7,97.3,62.1,"-.059","+1.40","109.5","108.1","-0.92",136.5,4.5,"2026-02-18","Hit"
"1d143794cb303ad75a4202924e4826dc","Kennesaw St.","Missouri St.",87,91,106.5,110.3,65.7,"-.005","-2.06","107.4","109.4","-1.39","182",109.8,111.2,71.3,"-.029","-2.45","107.5","110.0","-6.18",153.5,-1.5,"2026-02-18","Loss"
"d34c2cc8a13ae82409732805f2ada1c2","North Dakota St.","South Dakota St.",66,74,107,110.9,67.1,"-.124","-2.69","107.9","110.6","+1.90","123",112.2,108.4,65.8,"+.019","-4.79","106.9","111.7","-0.63",147.5,1.5,"2026-02-18","Hit"
"2a83074109598535d73f91c6857df8ca","VMI","Wofford",82,76,110.4,115.8,68,"+.100","-5.98","108.2","114.1","-3.89","359",98.9,124.3,67.1,"-.003","-4.98","107.4","112.4","-1.86",154.5,-14.5,"2026-02-18","Hit"
"9f913527bbba0a181daf3875a853b7ee","James Madison","Coastal Carolina",65,67,101.8,107.7,66.9,"+.118","-4.46","106.1","110.6","-1.83","222",109,114,65.4,"+.036","-3.61","106.7","110.3","-2.72",141.5,1.5,"2026-02-18","Hit"
"39727871937d3e560bfa43f256a2de7e","Jacksonville St.","Louisiana Tech",77,71,100.3,106.5,63.9,"+.060","-3.01","107.4","110.4","-6.89","211",104.7,108.1,64.7,"-.023","-3.31","107.0","110.3","-5.24",132.5,-2.5,"2026-02-18","Hit"
"35e167cd8cc67f4539f520d00ff817ed","Jacksonville","Florida Gulf Coast",86,84,106.6,113.2,68,"-.044","-4.86","108.3","113.1","-0.11","311",99.9,113.4,62.8,"-.004","-2.93","108.9","111.8","+4.80",136.5,-6.5,"2026-02-18","Hit"
"39b6492f24c22e41cabbbc420ca8c575","Oral Roberts","Nebraska Omaha",80,71,107.7,114.6,67.4,"+.027","-2.58","108.7","111.3","+3.41","335",99.5,116.5,67.2,"-.007","+0.33","110.8","110.5","+4.80",150.5,-9.5,"2026-02-18","Hit"
"0b133a0f5611dfb665786b3cda524090","Wichita St.","East Carolina",89,92,102.6,110.6,68.4,"-.006","-1.12","108.9","110.0","-2.82","91",111.5,103.3,66,"-.078","+0.94","109.8","108.8","-2.78",144.5,7.5,"2026-02-18","Loss"
"d3133401121158017952616fd851cbfb","UNC Greensboro","Western Carolina",91,77,108.2,116.5,68.2,"-.050","-1.56","108.8","110.3","+9.51","298",108.1,119.7,66.9,"+.059","-4.95","107.7","112.6","+0.60",155.5,-5.5,"2026-02-18","Hit"
"34c7503ea22fca30c9d02e277ba06e08","Western Kentucky","Delaware",87,88,103.6,112.5,62.9,"+.018","-2.95","107.3","110.3","-6.13","175",105.5,106.5,69.3,"+.027","-0.70","109.3","110.0","+0.73",141.5,3.5,"2026-02-18","Loss"
"0c08fb614a8b2e90004678d9c27dca96","Lipscomb","Bellarmine",72,75,114.5,124,64.2,"+.001","-3.54","108.9","112.4","+2.91","173",108.1,108.9,70.1,"+.031","-4.02","108.3","112.3","+5.32",158.5,3.5,"2026-02-18","Loss"
"6c288955def078d9de006fab539bebd4","West Georgia","Eastern Kentucky",81,80,108.6,118.3,67.4,"-.051","-2.54","108.4","111.0","+3.43","320",101.7,116.4,68.7,"+.090","-6.36","107.8","114.1","-0.39",155.5,-5.5,"2026-02-18","Hit"
"6e0112b1ba1b977e22ea2b4b3ef7644b","Illinois Chicago","Evansville",46,84,101.1,112.8,67,"-.030","+3.87","110.0","106.1","+3.10","114",108.8,103.5,66.3,"-.063","+1.85","110.0","108.2","-3.07",138.5,8.5,"2026-02-18","Hit"
"a1036fe0b0754b977e1827278c274d44","Army","Loyola MD",77,87,103.4,117.2,68.1,"-.016","-9.35","103.4","112.7","-6.28","340",100.3,118.7,66.3,"+.071","-6.87","105.9","112.7","-1.94",146.5,-5.5,"2026-02-18","Loss"
"f410243c7a824572b0fcf886ad3bbac2","Lafayette","Holy Cross",83,86,100.8,116.7,65,"-.007","-5.47","106.3","111.7","+0.78","326",98.9,114.2,66.6,"-.033","-6.64","105.3","112.0","-1.55",137.5,-1.5,"2026-02-18","Loss"
"476ad1140ed49d18a1cb1bc4f840c915","American","Bucknell",57,75,98.4,114.5,66.6,"+.013","-4.68","107.2","111.9","+1.66","249",104.6,111.7,67.2,"+.014","-7.16","104.9","112.1","+0.07",139.5,2.5,"2026-02-18","Hit"
"e7ec5916076fefe093c83c7ea8c93dd8","Florida Atlantic","UTSA",52,60,100,118.4,68.5,"+.021","+1.81","109.4","107.6","+2.21","116",111.4,106.5,69.9,"-.065","+3.12","110.4","107.2","+3.56",157.5,12.5,"2026-02-18","Loss"
"c84a7b384a440e35aa3161d6ffd3177e","Queens","North Alabama",78,85,100.8,119.3,65.2,"+.061","-4.17","107.9","112.1","+2.63","204",115.1,117.9,69.4,"+.028","-5.12","108.6","113.7","+6.90",155.5,8.5,"2026-02-18","Loss"
"8ab30801fc841279d585a3ed21c64957","Troy","Louisiana Monroe",76,77,99.8,121.1,70.4,"-.091","-3.92","105.8","109.7","-0.55","143",111,108.9,65.5,"+.013","-1.16","107.9","109.0","+4.54",153.5,15.5,"2026-02-18","Loss"
"76fbe1796858322cf6a2802c15bf2f7f","North Carolina Central","South Carolina St.",85,72,93.8,118.5,68,"+.012","-4.85","105.6","110.4","+3.66","346",98.9,118.5,65.8,"+.049","-6.28","104.6","110.9","+9.48",139.5,3.5,"2026-02-18","Hit"
"d2366f2f563a7c531c08d321776b927a","Memphis","South Florida",87,66,116.7,103.7,71.6,"-.031","+3.83","111.2","107.4","+4.19","99",107.3,100.4,70,"-.046","+5.95","112.2","106.2","+11.06",158.5,-8.5,"2026-02-19","Hit"
"eb69aec3838270bd57a84d5c2a40868e","Cal Baptist","Utah Valley",65,46,112.8,104.1,69.2,"-.001","-0.32","107.0","107.3","+2.66","122",107.8,103.6,65.4,"+.084","-2.12","106.6","108.7","-3.18",141.5,-7.5,"2026-02-19","Hit"
"6d80b17ab30bf90edd4f992586f0fc38","FIU","Liberty",90,89,118.1,109.5,64.1,"+.178","-1.59","107.3","108.9","+0.70","200",106.7,109.5,72,"-.051","-1.60","108.0","109.6","-0.09",151.5,-11.5,"2026-02-19","Hit"
"301b670813f218d79c9acc0938038e65","UNC Asheville","High Point",74,48,118.5,110.1,69.6,"+.026","-9.43","102.9","112.3","-8.84","221",105.1,110,65.2,"-.071","-3.44","107.8","111.3","+0.43",151.5,-13.5,"2026-02-19","Hit"
"2301791960d19bbb44234456ceaeddd6","Hampton","Hofstra",79,43,113.5,106.8,65.3,"-.091","+0.35","108.5","108.1","+3.05","256",102.1,109.6,64.8,"-.002","-4.34","105.3","109.7","-6.63",135.5,-11.5,"2026-02-19","Hit"
"f3e5243f040512aad702d7d90d03ceb7","Cal Poly","Hawaii",75,86,106.6,100,69.5,"+.018","-4.10","105.9","110.0","-11.01","223",108.3,113.3,73.4,"+.012","+1.15","108.8","107.7","+5.45",160.5,-11.5,"2026-02-19","Loss"
"8afc8e0e314fe6eddbb0e6b2b7057261","Monmouth","UNC Wilmington",79,69,112.6,106.4,64.4,"+.036","-4.84","105.5","110.4","-8.12","207",104.9,108,66.9,"+.018","-3.39","106.1","109.5","-4.13",141.5,-7.5,"2026-02-19","Hit"
"2d77a24c3e71205ae076a2fe346dbdf2","CSUN","UC Santa Barbara",83,85,116.3,112.8,63.9,"+.004","-1.91","106.9","108.8","-0.79","159",109.4,108.9,73.4,"+.078","-0.34","107.8","108.2","+0.67",158.5,-3.5,"2026-02-19","Loss"
"71fe6fb1cdc61eae114e012b6fac84ce","USC Upstate","Winthrop",68,64,114.1,110.8,68.9,"+.022","-4.62","106.5","111.1","+1.65","297",99.8,111.5,68.1,"+.034","-3.97","106.8","110.7","-1.66",154.5,-13.5,"2026-02-19","Hit"
"2e58ad66b0928c724931995a7dc133f7","Tulane","North Texas",71,77,102.6,100.1,64.9,"-.000","+0.66","109.3","108.7","-1.15","184",107.5,109,66.7,"+.116","-0.85","107.2","108.0","-3.75",137.5,-6.5,"2026-02-19","Loss"
"a21189bae24d823a1df3612e037327db","Idaho","Portland St.",77,67,104.2,102,67.3,"+.036","-1.97","109.7","111.6","+1.77","177",108.3,109.4,67.9,"-.043","-1.32","109.3","110.6","+1.12",142.5,-3.5,"2026-02-19","Hit"
"08e7e4ed447f1573859dfe64e966e31b","IU Indy","Wright St.",85,73,111.8,109.9,66.6,"-.029","-3.36","109.7","113.1","+1.14","310",105.4,118.8,73.4,"-.029","-3.24","108.6","111.8","-0.58",162.5,-12.5,"2026-02-19","Hit"
"0c6f1d63866153110038aedd07da345c","Chattanooga","Mercer",90,94,110.4,110.4,69.4,"-.000","-3.99","108.4","112.4","+5.74","300",102.2,114.6,66.7,"-.026","-5.16","108.2","113.3","-3.46",152.5,-10.5,"2026-02-19","Loss"
"83b4c1b781869ed2771bea0d0147f4d5","Utah Tech","UT Arlington",63,50,104.1,104.2,65.4,"+.026","-0.18","107.6","107.8","+2.51","175",109.5,110.6,66.2,"+.106","+0.86","107.6","106.7","+3.75",140.5,-4.5,"2026-02-19","Hit"
"c46107e783bde770eaadd2dedb13510c","Marshall","Appalachian St.",93,94,104.8,105.8,62.7,"+.055","-4.88","106.7","111.6","-2.33","185",110.9,112.5,69,"+.048","-3.63","107.2","110.8","-0.63",143.5,-2.5,"2026-02-19","Loss"
"bec5df77490ec2ba324147879ccf46bc","UC Davis","Cal St. Fullerton",93,92,107.1,108.4,73.3,"+.014","+1.70","110.1","108.4","+6.50","157",107.5,106.9,68.8,"+.062","-1.27","107.9","109.2","+1.34",156.5,-1.5,"2026-02-19","Hit"
"3be37a902405736cc9ab2c3a89fea4e5","Texas St.","South Alabama",82,90,106.8,109,65,"+.100","-4.86","106.0","110.8","-5.10","246",103.6,110.2,66.3,"+.087","-7.33","104.7","112.0","-9.04",137.5,-3.5,"2026-02-19","Loss"
"c315f579d18731f4770616d8fe8622e6","William & Mary","Campbell",84,83,110.2,112.9,69.9,"+.018","+1.49","109.6","108.1","+7.00","127",111.7,108,72.7,"-.021","-0.77","108.2","109.0","+1.45",168.5,1.5,"2026-02-19","Hit"
"b35b924281bf049d1b30712c9d14de0e","Southern Utah","Tarleton St.",78,74,102.6,106.1,69.9,"-.019","+0.75","107.6","106.8","+3.53","266",103.7,112.4,70.2,"-.010","+2.63","109.1","106.4","+5.56",143.5,-5.5,"2026-02-19","Hit"
"bd71b8980ff0e3210e4bad2bcbd83d4c","Montana St.","Weber St.",82,79,110.2,113.9,68.7,"-.052","-2.48","107.9","110.4","-1.08","139",109.8,107.4,65.7,"-.065","+0.50","110.7","110.2","+5.51",150.5,-1.5,"2026-02-19","Hit"
"340eba9b3e6ee673344f5a1719f130a7","South Dakota","Denver",90,70,115.7,120.8,68.1,"-.004","-0.76","109.2","110.0","+7.25","279",105.4,115.2,70.1,"+.064","-5.34","106.8","112.1","-3.97",161.5,-6.5,"2026-02-19","Hit"
"789c7c0d07195f036a97acd07aa8850c","Gardner Webb","Radford",82,70,106.9,113.1,71.1,"-.020","-5.70","106.9","112.6","-6.10","363",95.3,122.9,70,"-.011","-0.00","109.2","109.2","+5.72",161.5,-19.5,"2026-02-19","Hit"
"c89aea9b0a6d2896ecc79682e26cba7d","Vermont","UMBC",75,62,105.8,112,66.1,"+.041","-13.36","101.2","114.5","-7.38","224",108.4,113.4,65.1,"-.019","-9.55","103.3","112.8","-1.60",140.5,1.5,"2026-02-19","Hit"
"ca2e93ccab146a0ff6dd89cfeb618825","Alabama St.","Bethune Cookman",82,71,102.1,108.4,68.7,"+.054","-5.35","105.9","111.2","+14.13","298",100,112.1,69.4,"-.060","-4.97","104.9","109.9","+8.86",145.5,-5.5,"2026-02-19","Hit"
"4eddd0b98195415f06e63646b1f472db","UC Irvine","Long Beach St.",58,69,105.5,111.9,67.8,"-.037","+1.43","108.6","107.2","+4.66","114",103.9,98.7,68.6,"-.022","-0.94","107.9","108.8","+0.50",143.5,5.5,"2026-02-19","Hit"
"c09c12e533c810cc13a016709af3ca6c","Montana","Idaho St.",73,69,110.1,117.3,64.4,"-.059","+0.56","109.2","108.7","+3.90","168",107.5,107.7,69.2,"+.011","-0.55","110.3","110.8","+4.88",150.5,1.5,"2026-02-19","Hit"
"5bf436acac95a57462ef045324beb7df","Eastern Washington","Sacramento St.",94,102,106.2,113.8,72.1,"+.003","+1.88","110.6","108.7","+8.47","194",111.2,113.4,67.8,"-.074","+2.06","110.4","108.3","+7.50",162.5,1.5,"2026-02-19","Hit"
"8b088393c1c36832d7e76246d2f4d603","Lindenwood","Tennessee St.",89,80,107.3,115.1,70.3,"+.090","-8.38","103.1","111.5","+5.27","251",101.9,109.2,72.5,"+.063","-7.88","103.0","110.9","+2.95",162.5,-3.5,"2026-02-19","Hit"
"4de283551975b1cc10859e3f93fd5e54","Cal St. Bakersfield","UC Riverside",93,65,103.2,112.4,67.7,"-.034","+1.87","109.3","107.4","+6.17","316",101.1,115.5,69.4,"+.046","+0.78","107.9","107.1","-0.09",150.5,-5.5,"2026-02-19","Hit"
"afe645cabd6b9c9e0aee8a4c2db5f746","Drexel","Northeastern",61,70,107.1,116.8,69.4,"-.041","-0.60","109.1","109.7","+0.10","228",102.9,108.5,64.2,"-.029","-4.79","105.3","110.1","-8.06",144.5,1.5,"2026-02-19","Hit"
"5c15bc7b9032b64b9c7e4ccc6ba25918","Longwood","Presbyterian",72,65,102.3,112.4,63.5,"+.005","-4.89","106.7","111.6","-1.42","284",101.7,111.8,68.4,"-.025","-8.48","104.5","112.9","-10.55",139.5,-2.5,"2026-02-19","Hit"
"d6bed7820b4550fa2addb2e9bf383380","Le Moyne","Central Connecticut",78,77,106.3,116.8,65,"+.087","-9.55","102.2","111.8","-1.89","291",102.4,113.2,69.3,"+.026","-10.08","103.0","113.1","-2.25",145.5,-4.5,"2026-02-19","Hit"
"9bc8fef61acdae35fbb776b8d930781d","Charleston","North Carolina A&T",61,74,103.4,113.8,68.9,"-.005","-4.37","106.4","110.8","-8.85","172",106.4,106.9,68,"+.082","-1.88","109.2","111.1","-1.19",147.5,5.5,"2026-02-19","Hit"
"9c531f732450a69af5476d3e7898db7c","Kansas City","North Dakota",85,70,106.4,117.1,67,"+.123","-4.17","107.6","111.7","-0.11","354",93.4,115.3,69.1,"-.028","-0.68","110.8","111.5","+5.14",149.5,-11.5,"2026-02-19","Hit"
"2beb482898d444484328e715b8b63f4f","Wagner","Mercyhurst",80,83,100.2,111.1,63.6,"-.028","-10.10","103.0","113.1","+0.22","328",102.6,118.3,65.4,"-.028","-7.71","103.4","111.1","+5.38",132.5,-5.5,"2026-02-19","Loss"
"cc930ffd188a9deabea664396ce53905","Georgia Southern","Georgia St.",66,64,100.4,111.3,67.6,"-.041","-2.08","107.3","109.4","+0.07","264",107.7,116.2,70.5,"+.057","-7.23","104.4","111.6","-7.03",153.5,-1.5,"2026-02-19","Hit"
"a03bdc970e5a7382172144df37ba32a0","Albany","NJIT",63,81,99.1,111.6,68.2,"+.145","-8.01","103.7","111.7","+0.65","325",101.8,117.1,65.8,"-.055","-5.68","105.9","111.5","+4.72",143.5,-3.5,"2026-02-19","Loss"
"debc358394de13cfb4db76f910ffc093","Texas Southern","Arkansas Pine Bluff",64,83,103.6,116.3,69.2,"+.079","-1.45","107.8","109.2","+14.64","305",102.7,115.6,69,"-.026","-4.95","105.2","110.2","+13.34",151.5,-2.5,"2026-02-19","Loss"
"c0b74c5c374724f36f23f902f703a396","Tennessee Martin","Little Rock",67,65,102.2,115.2,66.5,"-.025","-5.34","104.1","109.5","+3.91","199",102.5,105.1,64.5,"+.050","-8.79","102.3","111.1","-1.05",135.5,2.5,"2026-02-19","Hit"
"e31f9b4e839cd65c78d1dfa11349b988","Arkansas St.","Louisiana",62,79,99.9,112.9,62.5,"+.029","-4.89","105.5","110.4","-1.96","147",110.6,109.1,71.5,"+.002","-2.17","107.5","109.7","+2.70",145.5,8.5,"2026-02-19","Hit"
"dae999db26b5d4a63c8baf7ac04675fc","SIUE","Tennessee Tech",62,52,103.1,117.6,66.8,"-.041","-8.15","103.4","111.5","+2.62","238",100.5,106.6,64.4,"+.004","-10.03","102.8","112.8","-7.80",136.5,2.5,"2026-02-19","Hit"
"f5e9f9c254b4f2740e99df0fcc6f4505","New Hampshire","UMass Lowell",78,56,102.4,116.9,69.3,"-.000","-7.16","104.3","111.5","+2.31","336",96.9,114.2,67.5,"+.004","-5.64","105.3","111.0","+5.69",147.5,-4.5,"2026-02-19","Hit"
"ea1389479073b479a5fa422504f91267","Morehead St.","Eastern Illinois",70,73,94.9,109.7,65.8,"+.047","-5.40","105.4","110.8","+12.43","289",106.4,117,65.5,"+.138","-5.68","104.7","110.4","+6.80",137.5,2.5,"2026-02-19","Hit"
"c4f11cca36d498aae4fd4fd0cf2b3c01","Central Arkansas","Stetson",76,88,102.4,117.3,67,"+.012","-2.61","108.8","111.4","+3.94","160",108.5,108.3,68.2,"+.035","-5.87","107.9","113.7","+6.30",148.5,8.5,"2026-02-19","Hit"
"000fda27b1fa3ba45514753385f01418","Alabama A&M","Florida A&M",61,63,97,113.5,68.3,"+.063","-7.30","104.5","111.8","+6.69","301",101.7,114.2,65.5,"+.086","-10.60","102.4","113.0","-2.40",139.5,-2.5,"2026-02-19","Loss"
"5b5996f74f0c95ee96ca0f71523aaeec","Stonehill","New Haven",64,51,95,112,63,"+.036","-7.01","103.8","110.8","+3.43","344",90.2,109.4,65.5,"+.026","-8.90","103.7","112.6","-2.29",120.5,-2.5,"2026-02-19","Hit"
"fa82a46c346f3f2e37bae898cdb95ed5","Austin Peay","North Florida",76,77,108.2,125.8,70.1,"-.022","-1.93","108.7","110.6","+7.37","140",108.5,106.3,68.8,"+.042","-6.16","107.7","113.9","+2.26",163.5,10.5,"2026-02-19","Loss"
"b56f54524c8a32ac81ce70aca326dac1","Fairleigh Dickinson","Chicago St.",59,60,99,119.6,66,"-.003","-3.46","105.5","109.0","+11.37","329",100.3,116.3,64.3,"-.015","-8.21","103.5","111.7","+6.15",135.5,2.5,"2026-02-19","Loss"
"d6475785249f4bcc8d6c2d9d6e074393","Samford","The Citadel",75,78,98.4,119,63.7,"+.013","-5.21","107.5","112.8","-1.95","205",109.5,112.5,66.4,"+.018","-4.23","108.2","112.5","+0.90",140.5,10.5,"2026-02-19","Loss"
"8cefa8db10463310c69addb02955c116","Binghamton","Bryant",67,79,96.3,118.5,64.5,"+.032","-6.62","103.9","110.6","+2.49","362",94.9,121.4,65.5,"-.047","-10.57","102.7","113.2","-8.08",136.5,-5.5,"2026-02-19","Loss"
"72e2eb5674f27efc0e97d95568351f93","LIU","Saint Francis",89,91,98.7,121.1,69.9,"-.018","-5.73","105.5","111.2","+6.53","204",104.5,107.4,67.9,"+.099","-7.65","104.3","112.0","+2.28",147.5,9.5,"2026-02-19","Loss"
"23e41a7125ad780263e4862a63017e64","Southern Indiana","Western Illinois",70,77,93.2,119.6,66.5,"-.061","-6.95","104.0","111.0","-1.77","342",93.5,112.3,67.8,"-.143","-7.84","104.0","111.8","-1.93",138.5,2.5,"2026-02-19","Hit"
"9a57ed918762fe85259b6b2ef81ad3fd","Prairie View A&M","Mississippi Valley St.",62,72,89.4,123,66.6,"-.058","-4.74","106.1","110.8","+5.79","322",100.2,115.1,73.5,"-.007","-6.04","105.1","111.1","+8.98",153.5,8.5,"2026-02-19","Hit"
"00cc939853d91359b6563d7736a738d0","Indiana","Purdue",93,64,129.2,98.4,65.4,"+.018","+13.72","117.4","103.7","+6.83","37",121.5,101.9,66.5,"-.011","+9.72","114.9","105.2","-4.98",148.5,-10.5,"2026-02-20","Hit"
"294a3be7935d2299b2ec9bf86fd8647f","VCU","Saint Louis",88,75,121.1,98.6,71.9,"+.010","-0.79","108.2","109.0","-5.64","45",121,103.9,69.3,"-.032","+2.50","110.7","108.2","-0.96",164.5,-7.5,"2026-02-20","Hit"
"9bf12ac4d3aa75cedec752c8ef1cd433","Bowling Green","Miami OH",91,77,118.1,108.5,70.2,"+.101","-6.09","107.1","113.2","-9.48","143",107,105.1,68.2,"-.083","-3.41","108.5","111.9","-5.50",153.5,-7.5,"2026-02-20","Hit"
"76cbf71b34fed6b8281d1733ca5795a1","Green Bay","Oakland",68,73,116,114.8,70.5,"+.046","+2.05","111.8","109.7","+17.49","220",112.6,117,63.1,"+.070","-1.87","110.9","112.7","+6.47",155.5,-6.5,"2026-02-20","Loss"
"01bcf3d49aa62c6094be6cc62f3da5a3","Siena","Merrimack",79,72,107,106.8,63.9,"+.118","-4.56","106.4","111.0","+3.12","194",108.2,110.4,64.8,"-.001","-9.52","103.4","112.9","-7.43",132.5,-3.5,"2026-02-20","Hit"
"a326c540b7eed72959d76ffce5b71313","Milwaukee","Detroit Mercy",91,86,107.5,114.1,69.1,"+.054","-2.03","109.9","111.9","+7.72","269",106.3,115.2,67.7,"+.024","-1.96","110.8","112.7","+6.33",151.5,-2.5,"2026-02-20","Hit"
"5799f4a59901d27d25770c9cd45caaa9","Saint Peter's","Iona",72,64,104.8,112.5,68.8,"+.049","-7.88","104.7","112.6","-3.02","242",104.6,111,66,"+.079","-8.31","104.4","112.7","-0.01",141.5,-1.5,"2026-02-20","Hit"
"88171b96e547a86de319508e8aca0db8","Sacred Heart","Fairfield",78,68,108,116.9,66.9,"+.066","-9.18","103.3","112.5","-8.11","296",107.9,119.3,68.9,"+.000","-7.44","104.9","112.4","-1.17",156.5,-4.5,"2026-02-20","Hit"
"84dce22358492795d7b52e603a40311a","Princeton","Brown",80,71,97.5,107.2,66.2,"-.063","-4.08","108.5","112.6","-8.10","252",105.3,112.7,63.2,"-.059","-1.01","110.0","111.0","-1.20",131.5,-1.5,"2026-02-20","Hit"
"a01e5cfff8390b72e1c92db56d343617","Niagara","Mount St. Mary's",76,63,100,111.6,67.7,"+.065","-6.06","105.0","111.1","+0.06","339",99.5,117.9,61.6,"-.042","-7.88","104.9","112.8","-3.98",129.5,-6.5,"2026-02-20","Hit"
"76433b1e442d6b37bdfbd5690444fbe8","Akron","Ball St.",65,78,97.7,113.1,63.7,"+.025","-3.43","108.3","111.7","-6.64","66",120.7,108.6,70.6,"-.011","-3.56","108.8","112.3","-2.75",146.5,14.5,"2026-02-20","Loss"
"dd6508c126337c167813b82cec36db23","Marist","Manhattan",70,84,105.9,121.5,68.2,"+.083","-8.15","104.0","112.1","-2.93","195",100.3,102.6,66.4,"-.032","-8.62","104.5","113.1","-7.29",141.5,5.5,"2026-02-20","Hit"
"c728d0d98b87d93d4b0b7f46f7d316f4","Canisius","Rider",66,72,97.2,120.7,65,"-.038","-3.45","107.2","110.7","+11.47","346",95.3,115.2,64.2,"+.000","-7.25","105.7","112.9","-2.85",132.5,-1.5,"2026-02-20","Loss"
"2ef11f6ff54d5aed0b1c13e388b786f9","Michigan","Duke",68,63,126.5,89.9,65.8,"+.033","+11.80","115.7","103.9","+7.60","1",128,88.7,72.3,"+.039","+13.52","117.2","103.7","+10.69",150.5,2.5,"2026-02-21","Hit"
"d03c1f3471b8a44da4188c16f41a7207","Arizona","Houston",66,73,126.1,92.8,63.2,"+.009","+10.10","114.9","104.8","+0.77","3",125.5,90.1,70.7,"-.000","+11.30","115.7","104.4","+3.90",142.5,-5.5,"2026-02-21","Loss"
"dd44916542f5aad5de6baf8b00ed5ce0","Pacific","Gonzaga",71,62,123,94.1,69.8,"+.080","+5.23","112.9","107.6","+7.20","110",111,105.4,65,"-.007","+1.42","110.0","108.6","-0.07",144.5,-20.5,"2026-02-21","Hit"
"d099a563f1a57c8d2cf64def2714044f","Penn St.","Nebraska",87,64,120.2,92,67,"+.007","+10.61","115.7","105.1","-5.64","135",115.1,112.4,67.6,"-.018","+8.69","114.7","106.0","-7.71",148.5,-18.5,"2026-02-21","Hit"
"9cffa8af82de83bc1a833c59a345b49e","Tennessee","Vanderbilt",65,69,125.1,97.4,70,"+.014","+11.22","116.6","105.4","+1.96","16",121.6,95.3,65.8,"-.022","+12.24","117.9","105.6","+0.33",150.5,-3.5,"2026-02-21","Loss"
"9bbe4c3408e40a28be734107b576ce83","Cincinnati","Kansas",68,84,120.8,93.3,67.2,"+.042","+15.74","117.8","102.1","+11.27","50",108.9,94.1,68,"-.069","+8.67","113.5","104.8","-2.65",137.5,-10.5,"2026-02-21","Loss"
"27ec3647b64ac973730d2ec76c4771f3","Georgia Tech","Louisville",87,70,125.3,98.5,70.8,"-.004","+11.54","115.1","103.5","+3.41","165",107.5,107.6,71.2,"-.017","+4.25","110.6","106.3","-10.20",164.5,-22.5,"2026-02-21","Hit"
"8b661d925939280e7ebc3192b70d3bc4","Missouri","Arkansas",94,86,127.5,101.1,70.7,"-.011","+13.53","118.1","104.5","+4.87","52",119.3,104.9,66.4,"+.089","+8.37","114.8","106.4","-7.72",159.5,-10.5,"2026-02-21","Hit"
"bae3b9745c415ab20aed05e274a9ecc4","Kansas St.","Texas Tech",100,72,124.1,97.9,67.3,"+.016","+14.66","118.5","103.8","+8.30","96",114.1,106.2,72.4,"-.073","+11.13","115.4","104.2","+0.33",159.5,-13.5,"2026-02-21","Hit"
"d092205144e6359231206ed6003fe9f1","Miami FL","Virginia",86,83,121.4,95.4,65.9,"+.023","+6.42","113.6","107.1","-3.24","39",119.2,99.9,68.4,"+.028","+3.71","111.4","107.7","-7.35",145.5,-8.5,"2026-02-21","Hit"
"5429e878bb45dde1542bc9dc989e34bb","Creighton","St. John's",81,52,120.9,96.3,70,"+.004","+10.11","115.2","105.1","+6.70","71",118,106.4,67.5,"+.001","+11.16","114.9","103.7","+3.28",153.5,-12.5,"2026-02-21","Hit"
"282639cb35a85482a44dcc2e20999de9","Iowa St.","BYU",79,69,126.2,101.7,70,"-.014","+12.32","115.6","103.3","+4.47","7",125,92.8,66.9,"+.028","+9.19","113.5","104.3","-2.81",155.5,3.5,"2026-02-21","Hit"
"89e25deff51956df63b834d57763a18f","Connecticut","Villanova",63,73,121.7,99.7,64.5,"+.044","+9.21","114.8","105.6","+2.52","13",122.5,94.9,65.4,"+.061","+10.86","115.4","104.6","+8.68",140.5,2.5,"2026-02-21","Hit"
"9352976338e210f049415faab8666755","Kentucky","Auburn",35,39,126.5,106,67.2,"-.049","+16.89","119.4","102.5","+8.90","30",121.5,100.5,67.7,"-.000","+13.30","117.6","104.3","+1.42",158.5,-3.5,"2026-02-21","Loss"
"9169b93b99b920d52f7e74325c577cec","Boston College","SMU",94,70,125.1,104.7,69.2,"-.008","+10.46","115.2","104.8","+1.69","150",104.3,103,65.9,"-.080","+4.90","111.7","106.8","-6.55",150.5,-15.5,"2026-02-21","Hit"
"602f638d6208d7d95f1b5b2b912019c3","Florida St.","Clemson",65,70,116.4,96.6,64.5,"+.009","+8.59","114.0","105.4","+0.63","78",115.4,104.8,71.4,"-.041","+9.43","114.0","104.6","-3.23",145.5,-8.5,"2026-02-21","Loss"
"e76f5f1e39865215f057bd6e6cd0b99a","Texas","Georgia",91,80,122.4,103.4,72.3,"-.002","+8.83","114.8","106.0","-7.03","28",126.8,105.5,67.1,"-.065","+10.65","115.5","104.9","-5.27",164.5,-2.5,"2026-02-21","Hit"
"efcfd90214c414de95066bbfdc48b607","Illinois","UCLA",95,94,119.8,102.1,65.2,"+.017","+9.38","114.9","105.6","-2.63","4",132.3,97.9,65.5,"-.021","+12.55","116.4","103.8","+3.91",145.5,6.5,"2026-02-21","Hit"
"487c9e700f44523703a7392bd4266572","Arizona St.","Baylor",73,68,121.3,106,68.6,"-.094","+13.10","115.1","102.0","+2.05","63",117.4,105.2,69.3,"+.043","+12.39","116.4","104.0","+5.96",157.5,-6.5,"2026-02-21","Hit"
"d7c701e34a33baaff729cac8a1819298","Georgetown","Seton Hall",51,47,109.5,94.7,65.7,"-.028","+7.08","113.7","106.7","-3.98","82",116.1,106,66.4,"-.060","+8.41","113.5","105.1","-5.08",135.5,-4.5,"2026-02-21","Hit"
"0f04b7a88e308fe43aab53d80042e884","West Virginia","TCU",60,54,113.5,98.8,67.9,"-.027","+9.46","114.8","105.3","-7.08","60",110.6,98,62.6,"-.005","+6.33","112.1","105.8","-8.95",131.5,-5.5,"2026-02-21","Hit"
"fdd453fd17ed79742377643dde623c35","Alabama","LSU",83,90,120.2,106,66.7,"-.065","+8.70","114.2","105.5","-4.76","20",129,103.3,73.7,"+.031","+16.50","119.5","103.0","+12.82",172.5,7.5,"2026-02-21","Loss"
"cbd8215b23ffddf47cd6ed980332fea4","Oregon","USC",70,71,115.4,101.2,70.7,"+.123","+10.67","115.8","105.1","-0.49","109",111.9,106.3,65.8,"-.064","+11.56","115.6","104.0","+1.77",146.5,-5.5,"2026-02-21","Loss"
"e504b00ebf641efbcdd923b7a646c24e","Texas A&M","Oklahoma",71,75,122.4,108.8,66.9,"-.095","+11.87","116.1","104.3","-6.32","37",121.3,101.7,70.9,"-.015","+7.91","114.9","106.9","-6.12",165.5,1.5,"2026-02-21","Hit"
"92aef8248986c1e87252d76a2ff0f18c","Wyoming","Grand Canyon",65,70,111,97.7,68,"-.032","+4.32","111.9","107.5","-4.93","99",115.4,108.1,66.5,"-.047","+3.94","111.7","107.7","-4.58",145.5,-7.5,"2026-02-21","Loss"
"90b453ae2c53debd52db8d5b3b672247","Wake Forest","Virginia Tech",82,63,115.7,103.1,67.3,"+.025","+9.04","114.8","105.8","-1.19","69",116.5,104.6,68.6,"-.023","+10.29","115.4","105.1","+0.48",151.5,-4.5,"2026-02-21","Hit"
"5599a4608859136cf8a989707f01bfae","San Jose St.","Boise St.",84,69,116.9,104.3,65.9,"+.014","+9.98","114.6","104.6","+8.20","229",109.6,115.2,64.7,"-.027","+7.01","112.9","105.9","+1.58",144.5,-15.5,"2026-02-21","Hit"
"0b6567814ab41da6dbe66c41cfe41ffb","Stanford","California",72,66,116.3,104.3,67.5,"+.053","+5.96","112.5","106.5","-6.45","75",114.8,103.7,67.3,"+.042","+7.69","112.3","104.6","-0.30",147.5,-1.5,"2026-02-21","Hit"
"f9fcb2951bbe71c024a7d0a63c348f5a","Utah St.","Nevada",80,77,117.1,105.7,65.4,"+.019","+5.82","112.1","106.2","+3.03","23",123.2,99.8,68.1,"+.053","+5.26","112.3","107.0","+2.73",148.5,4.5,"2026-02-21","Hit"
"217193320d87ee99c12507c083719a5d","North Carolina","Syracuse",64,77,115.8,104.5,68.1,"-.004","+8.52","112.5","104.0","-3.10","33",121.8,101.3,67.9,"+.056","+9.30","114.3","104.9","+1.49",153.5,1.5,"2026-02-21","Hit"
"1d4ea6781f66527696c0317f28fd6ab9","Oklahoma St.","Colorado",83,69,118.7,107.5,68.6,"+.008","+9.45","114.5","105.1","-0.26","65",117.8,105.7,72.3,"+.055","+9.67","114.3","104.6","-2.13",162.5,-3.5,"2026-02-21","Hit"
"e88fa879edcc6348f52ee56b5ed7b82b","Penn","Yale",74,70,122.9,111.8,65.2,"+.080","-1.08","108.4","109.5","+1.75","175",107.8,108.7,69.1,"+.048","-0.94","109.6","110.5","+0.21",151.5,-10.5,"2026-02-21","Hit"
"7588a8fb6b8f3d92d287c8ac8a34d733","Rutgers","Minnesota",80,61,113,102,63.1,"-.092","+9.39","115.6","106.2","-8.65","142",110.6,108.6,65.9,"+.042","+10.05","114.4","104.4","-7.69",135.5,-7.5,"2026-02-21","Hit"
"3bd0532bb23c8fbb535635985ba8ea66","Florida","Mississippi",75,94,114.5,104.1,65.6,"-.086","+12.03","116.5","104.5","-1.61","6",124.2,91.6,70.4,"-.064","+14.07","118.3","104.3","+7.54",149.5,13.5,"2026-02-21","Hit"
"4a3d1d236411c1ce654a9bdb6b1c05dc","Southern Illinois","Northern Iowa",57,59,107.9,97.6,62.4,"-.059","+1.24","109.7","108.5","-1.08","121",104.2,99.9,69.7,"-.113","+2.77","110.5","107.7","+1.18",132.5,-6.5,"2026-02-21","Loss"
"5a2a6eb17e707c8ea84e11bf884d73f4","Xavier","Butler",80,75,117,107,68.4,"-.034","+9.43","114.1","104.6","-2.71","92",114.7,106.6,70.6,"+.021","+9.72","113.5","103.8","+0.76",159.5,-3.5,"2026-02-21","Hit"
"252f4a7685a3103579aed65a35c7f3bf","Duquesne","Dayton",78,66,111.5,102.2,68.2,"+.021","+2.45","110.5","108.0","+1.01","117",111.5,106.6,70.2,"-.015","+0.58","110.1","109.5","-6.09",148.5,-5.5,"2026-02-21","Hit"
"e7140b50e84287741fc1d4e6732ad419","Winthrop","High Point",89,87,118.5,109.4,69.7,"+.022","-9.53","103.3","112.8","-8.95","134",113.7,111.1,69,"+.034","-5.25","106.5","111.7","+1.52",164.5,-8.5,"2026-02-21","Hit"
"bf75be3c8449f3f2e594e2a914d2fd0f","San Diego St.","Colorado St.",83,74,119.4,110.7,62.3,"+.015","+3.54","112.0","108.5","-2.70","43",113.1,95.5,68.9,"+.031","+6.11","112.7","106.6","+5.52",136.5,2.5,"2026-02-21","Hit"
"cc70b85a95828d0d5506944e97a9b696","Western Kentucky","Liberty",73,94,118.3,110.3,64.3,"+.187","-1.78","107.7","109.4","+0.72","179",106.8,108,69.3,"+.045","-0.92","109.5","110.5","+0.60",146.5,-7.5,"2026-02-21","Loss"
"b7b7788f69c0dcf58f9bee475221875e","Temple","Wichita St.",69,57,111.7,103.8,66.3,"-.061","+0.77","110.0","109.2","-2.82","163",112.1,112,65.3,"-.013","-2.75","106.7","109.5","-3.14",141.5,-8.5,"2026-02-21","Hit"
"b11be50233a68a0b65736b4bde5e8f91","Mississippi St.","South Carolina",97,89,112.6,104.7,66.6,"-.081","+8.69","115.4","106.7","-9.16","86",113.3,103.3,69.2,"+.013","+11.58","116.6","105.1","+1.56",151.5,-1.5,"2026-02-21","Hit"
"e942a82d199d4912a2949cb8560891e4","Valparaiso","Illinois Chicago",67,71,110,103.1,66.5,"-.074","+1.41","110.1","108.7","-3.01","156",107.9,107.2,65.2,"+.032","+1.00","109.4","108.4","-6.30",138.5,-6.5,"2026-02-21","Loss"
"ff570cce327f4fcf565c33544cf5143a","Providence","DePaul",68,71,108.7,102,66.3,"-.001","+6.52","112.8","106.2","-10.79","66",122.5,110.4,71.9,"-.142","+10.43","114.1","103.7","-0.21",154.5,-1.5,"2026-02-21","Loss"
"84bf100be1110aa20b5a2d93289dc3f8","Jacksonville St.","Sam Houston St.",82,78,113.5,107.4,70.5,"+.012","+0.55","109.8","109.3","+6.11","213",105.1,108.8,65.4,"-.033","-3.18","107.4","110.5","-5.29",149.5,-7.5,"2026-02-21","Hit"
"4cdafa7e9eb8b41d235238dc6250ba24","Notre Dame","Pittsburgh",73,68,112.6,106.8,63.9,"-.105","+10.32","114.5","104.2","+0.67","87",115.1,105.1,65.6,"-.074","+9.29","114.2","104.9","+0.52",137.5,-1.5,"2026-02-21","Hit"
"5c46e3f00ef155a348f3fd59126fbec4","UC San Diego","UC Irvine",69,71,103.8,98.3,69,"-.017","-0.90","108.3","109.2","+0.63","118",108.5,103.7,68.1,"-.009","-1.13","107.9","109.0","+0.31",140.5,-4.5,"2026-02-21","Loss"
"779b3eaad242da610d605d2902edfd3f","UCF","Utah",71,73,114.6,109.1,67.2,"-.006","+10.71","114.9","104.2","+0.08","48",121.4,106.3,69.3,"+.118","+9.53","113.6","104.1","-2.64",155.5,2.5,"2026-02-21","Loss"
"d210246514055a44c2ac24ef0ce96e7c","UC Santa Barbara","Hawaii",78,75,106,100.6,70,"+.003","-4.21","106.3","110.5","-11.09","130",116,112.6,64.3,"-.016","-1.82","107.4","109.3","-0.58",146.5,-3.5,"2026-02-21","Hit"
"cbc5c5f7818b04862b4c7becb1e626d7","Evansville","Murray St.",88,75,116.6,111.6,71.5,"+.059","+1.25","109.9","108.7","-3.74","305",100.7,113.8,67.2,"-.030","+3.81","110.3","106.5","+3.16",154.5,-14.5,"2026-02-21","Hit"
"fb9126a7ef50d1b9073b72956ae57217","Kansas City","North Dakota St.",95,59,112.8,108.4,66,"+.022","-4.56","107.4","112.0","-0.69","355",93.3,115.4,69.7,"-.027","-0.76","111.2","111.9","+5.33",147.5,-19.5,"2026-02-21","Hit"
"ab8f4c77c238c443fd10fcb82b19919d","Portland","Seattle",71,59,101.6,97.4,68.3,"-.001","+2.46","111.5","109.1","-3.20","206",106.4,109.7,68.6,"+.047","+3.50","111.5","108.0","+0.21",140.5,-8.5,"2026-02-21","Hit"
"785b4e78b8b17bbb54fb533dfd3c522c","Saint Mary's","Washington St.",67,83,115.5,111.5,67.7,"-.070","+5.15","111.3","106.2","+4.91","29",119.2,98,65.9,"+.026","+3.12","110.0","106.9","+3.79",149.5,8.5,"2026-02-21","Hit"
"3f09b1f8449d1262ddac958ed238e77c","New Mexico","Fresno St.",78,80,108.4,104.5,68.6,"-.063","+3.79","111.5","107.7","-2.60","44",117.4,100.2,70,"-.004","+4.20","111.1","106.9","+1.40",156.5,8.5,"2026-02-21","Loss"
"d7eebfe249f80d21ad873a7678357e11","Santa Clara","San Francisco",73,94,113.7,110.1,65.5,"+.002","+4.24","110.9","106.6","+0.95","38",122.4,103.1,69.9,"+.001","+4.41","111.0","106.6","+4.24",157.5,7.5,"2026-02-21","Hit"
"5058639bf76004b08680b0770bc6127a","Washington","Maryland",64,60,111.5,108.3,66.9,"+.024","+13.28","116.9","103.6","+0.52","46",117.4,101.2,67,"-.106","+11.74","116.5","104.8","-0.25",145.5,3.5,"2026-02-21","Hit"
"0a8884232d3f438cd4a18cd647f2f640","Illinois St.","Bradley",74,60,111,108,67.6,"+.052","+0.05","108.7","108.6","-4.49","98",110.5,102.9,67.2,"-.034","-0.11","109.2","109.3","-2.23",143.5,-3.5,"2026-02-21","Hit"
"d62c3470af1a7d1900274444dd5cab01","St. Bonaventure","Richmond",99,94,111.8,109.2,67.8,"-.063","+0.54","109.8","109.2","-8.52","154",113.2,112.2,66.8,"-.011","+0.11","108.6","108.5","-4.08",150.5,-2.5,"2026-02-21","Hit"
"3fac664a066442fd4743c09c087e9e55","Eastern Washington","Portland St.",55,67,104.8,102.2,67.5,"+.038","-2.10","110.0","112.1","+1.68","187",112.8,114.5,68,"-.059","+1.94","110.7","108.8","+7.58",146.5,-6.5,"2026-02-21","Loss"
"37130304ee3c83df15537b7127652e38","Loyola Chicago","Saint Joseph's",75,61,105.2,103.9,68.1,"+.080","+0.80","109.4","108.6","-5.45","310",103.2,116.7,66.4,"+.041","+1.90","110.0","108.1","-4.86",143.5,-9.5,"2026-02-21","Hit"
"2c0cf83699f726c545e5a26eb3d19764","Harvard","Cornell",54,73,120.1,118.9,72.2,"-.071","-1.17","108.5","109.7","-0.36","169",108.2,108.4,63,"+.001","-3.88","107.8","111.7","-4.45",155.5,-4.5,"2026-02-21","Loss"
"898492f12f1c618c715a5c1bc7fb19d5","Utah Valley","UT Arlington",54,66,104.3,103.6,65.5,"+.026","-0.35","108.0","108.4","+2.75","88",113,103.4,69.3,"-.001","-0.25","107.3","107.5","+2.81",140.5,5.5,"2026-02-21","Hit"
"a2ab640a6cee1e6d7dc343cfaa7c2add","Monmouth","Charleston",74,63,107.1,107.1,67.9,"+.080","-1.96","109.5","111.4","-1.08","204",105.2,108.3,67.4,"+.011","-2.72","106.9","109.6","-4.10",145.5,-4.5,"2026-02-21","Hit"
"5005b59ffeccc0b9790bb4f72cba0c79","UTEP","New Mexico St.",67,63,111.1,111.2,66.9,"-.122","-0.67","108.5","109.1","+1.31","267",102.2,110.9,65.2,"+.023","-0.06","108.4","108.4","+4.01",141.5,-6.5,"2026-02-21","Hit"
"d33dca1e6394d6b1a1c1793f39e09706","Davidson","Fordham",63,59,104.3,104.5,64.2,"-.056","-3.67","107.5","111.1","-15.45","107",112,106.2,63.6,"+.035","+2.75","110.4","107.7","+0.22",132.5,-1.5,"2026-02-21","Hit"
"5828e3fa0898bff28fd35609d84d43f4","Samford","Mercer",89,86,112,112.8,69.4,"-.017","-4.52","108.5","113.0","+5.67","205",109.7,112.8,67,"+.033","-4.47","108.5","113.0","+1.33",154.5,-3.5,"2026-02-21","Hit"
"2dd7b055f4b4c8a16ae02830384de050","Louisiana Tech","Kennesaw St.",58,55,110.9,112,71.7,"-.012","-2.37","108.1","110.5","-6.25","239",100.9,107,64.6,"+.074","-3.44","107.6","111.0","-7.25",147.5,-7.5,"2026-02-21","Hit"
"bd21b22cbfba6a1c3b0f6cfb54a923d0","Delaware","Middle Tennessee",78,66,108.8,110.1,65.4,"-.034","+2.68","110.8","108.1","+11.80","272",105,114,63,"+.001","-3.27","107.4","110.7","-6.40",136.5,-8.5,"2026-02-21","Hit"
"3a20680403aedc8f45bddef611951fb5","Georgia Southern","Appalachian St.",89,74,106.4,107.8,63,"+.035","-4.98","107.1","112.1","-2.43","265",107.4,115.9,70.6,"+.039","-7.13","104.8","111.9","-7.01",147.5,-7.5,"2026-02-21","Hit"
"637e6b560dd32cea4594f3d006bb0d76","East Carolina","Charlotte",68,56,113,115,63.7,"+.009","-0.17","109.3","109.5","-0.29","257",103.1,110.8,68.8,"-.020","-0.99","109.3","110.3","-3.02",145.5,-5.5,"2026-02-21","Hit"
"e2c8fc0efc0edd40ca9e0f544ffd88b8","Dartmouth","Columbia",63,64,109.7,111.8,66.8,"+.062","-3.35","108.9","112.2","-5.57","256",105.3,112.9,69.8,"-.018","-2.83","108.5","111.3","-4.14",150.5,-6.5,"2026-02-21","Loss"
"8a215584c526a7700f261b92cd72005c","Missouri St.","FIU",70,67,107.4,109.5,72.3,"-.069","-0.89","109.0","109.9","-0.07","216",107.3,111.4,66.1,"-.020","-2.28","107.9","110.2","-1.38",155.5,-3.5,"2026-02-21","Hit"
"dd1ccd0b7196cde57c28fb4df0f0f620","UNC Wilmington","Campbell",68,73,110.9,113.3,70,"+.038","+1.56","110.0","108.4","+7.28","104",112.8,106.6,65,"+.036","-5.00","105.8","110.8","-8.08",151.5,2.5,"2026-02-21","Hit"
"75b3a299fef9c24912d347b359a5c825","West Georgia","Queens",91,84,115.7,118.5,69.6,"+.040","-5.66","108.7","114.4","+6.49","319",101.9,116.1,69,"+.070","-6.25","108.2","114.5","-0.35",162.5,-11.5,"2026-02-21","Hit"
"17c858980c63a9b01b62c48f237f21d6","Troy","South Alabama",65,54,107.4,110.2,65.2,"+.089","-5.05","106.3","111.3","-5.13","149",110.9,109.6,65.7,"+.029","-1.79","108.1","109.9","+4.37",142.5,3.5,"2026-02-21","Hit"
"96b24c44aa20bc8f648d2a2cc8e79e98","North Dakota","South Dakota St.",91,83,107.2,111.3,67.4,"-.132","-2.45","108.5","110.9","+2.02","288",106.7,117.1,67.5,"+.122","-4.90","107.4","112.3","-0.09",151.5,-6.5,"2026-02-21","Hit"
"9efa1f9ac7fcd84a39efb293cb41457a","Hampton","Stony Brook",79,72,105.5,109.8,65.7,"+.091","-3.09","106.9","110.0","-3.61","268",101.7,110.4,64.9,"+.011","-3.61","106.3","109.9","-6.61",135.5,-4.5,"2026-02-21","Hit"
"31aa4d0ad5d853a77dc7e0814a741e40","North Carolina Central","Howard",100,67,101.7,106.5,69.2,"-.035","-11.94","101.9","113.9","-1.98","352",99.3,120.2,66.1,"+.042","-7.34","104.5","111.9","+9.43",143.5,-12.5,"2026-02-21","Hit"
"9b085cb926d1ce98927ff4c15aa27d3b","Albany","UMBC",66,62,106.1,111.5,66.5,"+.046","-13.25","101.8","115.1","-7.25","316",103.7,117.5,65.7,"-.059","-5.86","106.1","112.0","+4.80",143.5,-5.5,"2026-02-21","Hit"
"50e8119fc8c1719c63f57e210367084b","Rhode Island","La Salle",59,46,103.8,109.4,64.8,"-.047","+5.87","112.1","106.2","+3.79","113",109.5,104.1,65.8,"-.031","+0.52","109.8","109.3","-5.68",135.5,4.5,"2026-02-21","Hit"
"92cf0b35184e8c611ac087b1241868cb","Radford","UNC Asheville",74,73,104.6,110.2,65.3,"-.058","-2.63","108.8","111.4","+0.52","243",107.3,113.8,71.1,"-.011","-6.74","106.7","113.4","-6.03",148.5,-1.5,"2026-02-21","Hit"
"1d4aa4992978e48e4b7bf06e1d7a24de","Southern Utah","Abilene Christian",87,83,101.1,106.7,66.7,"+.038","+0.42","108.3","107.9","+2.16","264",104.9,113.4,70.1,"-.022","+2.71","109.2","106.5","+5.63",145.5,-6.5,"2026-02-21","Hit"
"02c09e8d6df7215000e21c1daa00a124","Loyola MD","Colgate",101,98,107.6,113.3,66.8,"+.060","-6.06","106.8","112.8","+5.06","321",103.7,118.6,68.4,"-.022","-10.19","103.4","113.6","-6.90",152.5,-8.5,"2026-02-21","Hit"
"182cd40d3b5d503fa016168de5686cdc","Old Dominion","Southern Miss",86,81,103.8,109.9,68.4,"+.033","-3.41","107.4","110.8","+2.03","242",105.4,111.9,68.7,"-.077","-1.91","108.6","110.5","+5.47",147.5,-3.5,"2026-02-21","Hit"
"8f751136fde67b883e8a9b2e8374af35","Marshall","Coastal Carolina",79,75,101.8,108,67.1,"+.099","-4.72","106.5","111.2","-1.88","181",112.9,114.2,69.3,"+.062","-3.29","107.6","110.9","-0.61",152.5,1.5,"2026-02-21","Hit"
"a73700bf0691f62a58cae2e669b69e73","Central Arkansas","Florida Gulf Coast",75,71,108,114.9,68.3,"-.024","-5.44","108.2","113.6","-0.05","157",109.7,109,68.3,"+.042","-5.99","108.3","114.3","+6.27",151.5,1.5,"2026-02-21","Hit"
"b4bc16d9c868e0637fe71a3b8837df2b","Longwood","Charleston Southern",96,107,104.8,111.9,71.5,"-.099","-6.34","106.0","112.3","-4.98","285",101.9,112.3,68.7,"-.034","-8.28","104.8","113.1","-10.50",152.5,-4.5,"2026-02-21","Loss"
"5acd594b2ff23591501922f7cdd95bc1","SIUE","Tennessee St.",80,53,107.8,115.3,70.7,"+.096","-8.46","103.5","111.9","+5.34","249",99.5,106.4,64.7,"-.001","-9.87","103.4","113.3","-7.73",143.5,-4.5,"2026-02-21","Hit"
"bc2cbd9a399939faa46cb825d9a5e71a","Western Michigan","Central Michigan",83,70,105.5,115.2,67.2,"-.119","-1.77","108.0","109.8","+1.05","282",108.5,118.6,67.4,"-.010","-1.42","108.6","110.0","-2.15",151.5,-3.5,"2026-02-21","Hit"
"d5e8527468b5b9e0cbc36778a7623aea","Houston Christian","Northwestern St.",71,53,104.6,114.6,65.4,"-.010","+0.04","108.3","108.2","+7.87","294",104.6,115.8,64,"+.040","-2.33","107.6","109.9","-1.40",134.5,-2.5,"2026-02-21","Hit"
"95106d7cd25a2b5e339c973544ceca47","UT Rio Grande Valley","Southeastern Louisiana",75,96,98.4,108.4,65.3,"-.014","-0.60","108.5","109.1","+5.49","137",109.3,106.7,66.9,"-.044","-0.92","108.6","109.5","+8.12",134.5,3.5,"2026-02-21","Hit"
"6e3932eca9ac474e83cd983cb7e52e97","Hofstra","Northeastern",68,82,106.7,117,69.6,"-.043","-0.94","109.1","110.1","-0.04","93",114.5,106.5,65.4,"-.085","-0.06","108.6","108.6","+3.16",148.5,9.5,"2026-02-21","Hit"
"a62c021e9d3f0c11eae02785e2e33e24","James Madison","Georgia St.",65,80,99.9,110.8,67.7,"-.019","-2.55","107.8","110.4","+0.02","223",109,113.9,65.6,"+.051","-3.67","107.2","110.9","-3.02",142.5,1.5,"2026-02-21","Hit"
"6f8c38f5d1d923ca9f7b395fe73750ef","LIU","Mercyhurst",91,83,100.4,111.6,64,"-.043","-10.39","103.5","113.9","+0.37","209",105.1,108.5,68.3,"+.110","-7.98","104.6","112.6","+2.33",134.5,2.5,"2026-02-21","Hit"
"f6cde232ced73f236efd3b4f35146583","Presbyterian","USC Upstate",76,74,100.1,111.3,68.2,"+.022","-3.42","107.4","110.8","-1.58","280",102.7,112.7,63.8,"+.019","-5.44","106.7","112.1","-1.42",139.5,1.5,"2026-02-21","Hit"
"d4153ae97cff6651955955729c7e0893","East Tennessee St.","UNC Greensboro",75,87,108.2,120.5,67.2,"+.053","-5.05","108.3","113.3","+0.43","133",110.7,107.7,66.5,"-.020","-8.08","106.2","114.3","-4.24",148.5,6.5,"2026-02-21","Hit"
"b3948d6c81c69efe13f6a7fceb81edd2","Southeast Missouri","Little Rock",65,70,103.2,115.8,66.5,"-.005","-5.33","104.4","109.7","+4.22","225",103,108.2,69.3,"+.032","-7.13","104.3","111.4","+5.15",142.5,2.5,"2026-02-21","Hit"
"2f86f5c4083603acb2fb11c24dd6aa1e","Texas St.","Louisiana",67,54,99.8,113.3,62.8,"+.028","-4.74","106.2","110.9","-1.85","233",104.9,110.6,66.5,"+.094","-6.78","105.4","112.2","-8.72",134.5,2.5,"2026-02-21","Hit"
"787ceb4576bc2d8d888be22668ca95fb","Ohio","Northern Illinois",66,74,98.7,112.3,67.8,"+.024","-0.96","109.0","110.0","+2.69","222",107.5,112.3,69,"+.054","-1.34","108.8","110.1","+1.30",150.5,5.5,"2026-02-21","Hit"
"20bc132eec489fae36f25a2e059754b7","South Carolina St.","Norfolk St.",90,71,100.7,114.3,68,"+.001","-9.02","102.7","111.8","+0.88","357",95.3,119.2,68.3,"+.018","-5.97","105.5","111.5","+3.59",146.5,-10.5,"2026-02-21","Hit"
"077770c987e834f929994613cb3dd0da","Lindenwood","Tennessee Tech",72,57,102.9,116.5,67.2,"-.027","-8.23","103.7","111.9","+2.79","254",102.1,109.7,72.9,"+.049","-7.59","103.7","111.3","+2.94",153.5,2.5,"2026-02-21","Hit"
"25dd704b17603d2fc1a067d46bc6b711","Binghamton","UMass Lowell",92,79,102.6,116.4,69.6,"-.001","-8.06","104.2","112.3","+2.28","360",96.5,121.9,65.6,"-.052","-10.93","102.9","113.8","-8.08",146.5,-9.5,"2026-02-21","Hit"
"f406b7d664425b01f67b3e86f3201d15","Southern Indiana","Eastern Illinois",68,70,95.3,110.2,66.1,"+.033","-5.78","105.9","111.6","+12.63","341",94.6,113.2,67.9,"-.125","-8.43","103.9","112.4","-2.00",135.5,-3.5,"2026-02-21","Loss"
"f109743ed2da31df576cf9221e0cfc92","North Florida","Stetson",76,71,103.5,118.5,67.1,"+.007","-2.59","109.1","111.7","+4.02","333",108.2,125,70.6,"-.035","-1.93","109.0","110.9","+7.36",161.5,-3.5,"2026-02-21","Hit"
"b3ea2036981d0a94e3b93d6831f596c5","Navy","Army",63,81,101.5,119,66.7,"+.075","-7.14","106.3","113.4","-1.93","152",105.8,104.8,65.5,"+.074","-11.62","103.4","115.0","-9.10",138.5,9.5,"2026-02-21","Hit"
"1439a0b20e7c48174ee2a665f1eac181","Maine","New Hampshire",58,61,96.1,114.7,67.7,"+.005","-5.92","105.6","111.6","+5.72","349",92.2,112.7,64.9,"-.033","-7.44","105.0","112.4","-1.05",135.5,-3.5,"2026-02-21","Loss"
"0936206b5072335ac7a94743452ef737","Jackson St.","Alcorn St.",83,65,99.5,119,67.1,"+.035","-2.05","107.3","109.3","+12.13","335",101.5,118.5,70.3,"+.093","-3.47","106.9","110.4","+13.25",150.5,1.5,"2026-02-21","Hit"
"673d21b4954f5a485e3e1098721fa98a","Le Moyne","Stonehill",77,68,89.9,109.7,65.9,"+.024","-8.99","103.9","112.9","-2.45","290",102.8,113.4,69.6,"+.008","-9.75","103.8","113.5","-2.13",136.5,2.5,"2026-02-21","Hit"
"e69a3448c016ab583c4e070c481dd468","UNLV","Air Force",66,91,95.8,115.9,66.1,"+.012","+5.10","111.9","106.8","-4.10","128",114.5,110.9,70.3,"+.005","+5.04","111.9","106.9","+0.51",151.5,16.5,"2026-02-21","Hit"
"fb520e8cf414aeeca29df9b23c49f538","Chattanooga","The Citadel",72,93,98.7,119,64.3,"-.000","-5.31","108.1","113.4","-1.78","298",104.5,116,66.7,"-.008","-4.70","108.8","113.5","-3.32",143.5,4.5,"2026-02-21","Hit"
"214a2f314b722e58ff5f566a0db21880","Arkansas St.","Louisiana Monroe",94,102,100.5,121,70.7,"-.102","-3.90","106.4","110.3","-0.48","141",111.1,109,71.8,"+.004","-2.30","107.8","110.1","+2.87",164.5,14.5,"2026-02-21","Loss"
"eb6f533a18c1c0f25503341c09099e6e","Central Connecticut","Chicago St.",70,51,99.6,120.2,65.6,"-.016","-4.15","105.6","109.8","+11.39","287",106.7,117.2,65.4,"+.103","-9.77","102.6","112.3","-1.86",139.5,3.5,"2026-02-21","Hit"
"6ccbc674ff17e17dc45d48216224367e","Delaware St.","Morgan St.",82,68,99.8,121.3,70.7,"+.075","-9.44","102.7","112.2","-2.01","361",88.9,115,66.5,"-.036","-8.40","103.3","111.7","+0.88",146.5,-5.5,"2026-02-21","Hit"
"6200d82aa5b16f17e5eb5b32fe29338d","Wagner","Saint Francis",56,65,99.9,121.8,70.4,"-.031","-5.81","105.8","111.6","+6.56","323",103.5,118.5,65.8,"-.007","-7.61","103.8","111.4","+5.48",151.5,1.5,"2026-02-21","Hit"
"bdf395f5634d72d6b440e30e243cedb2","Western Carolina","VMI",62,81,99.3,124.3,67.3,"-.011","-5.01","108.2","113.2","-2.03","258",109,116.8,68.5,"-.039","-2.45","109.0","111.4","+9.54",154.5,9.5,"2026-02-21","Hit"
"d3520c9c7ebdadac04806d7e49b33faa","Morehead St.","Western Illinois",59,81,94,120.8,66.6,"-.066","-7.56","103.9","111.4","-1.96","286",107.2,117.7,65.8,"+.151","-5.84","104.7","110.6","+6.87",144.5,8.5,"2026-02-21","Hit"
"8e57ee7152a5f8bf052eaa48292bf97c","Maryland Eastern Shore","Coppin St.",71,65,92.2,120.5,68.4,"+.046","-6.15","105.2","111.3","+3.03","343",96.4,115.4,62.8,"-.023","-5.17","105.6","110.8","+4.83",128.5,2.5,"2026-02-21","Hit"
"efb744274660d2e381b3a37afe1a2ff2","Ohio St.","Michigan St.",66,60,121.2,92.7,65.9,"-.001","+11.38","116.9","105.5","+3.19","39",123.1,103.4,66.6,"-.032","+10.31","114.9","104.6","-1.79",146.5,-10.5,"2026-02-22","Hit"
"d3822211a7e69cbc14f125b7ed3f427c","Iowa","Wisconsin",84,71,123.2,102.6,69.1,"+.037","+11.21","115.8","104.6","-1.60","25",122.1,99.3,63.2,"-.004","+8.18","113.8","105.6","-7.32",146.5,-3.5,"2026-02-22","Hit"
"bee2b3a1219bd749286290bccab51cad","UTSA","Tulsa",100,74,121.5,109.2,68.1,"+.014","+1.42","109.8","108.4","-2.05","338",99.5,117.6,68.4,"+.014","+1.76","109.9","108.1","+2.27",158.5,-22.5,"2026-02-22","Hit"
"e0b3d40b1d5b4990b3b6afd606225c0f","UAB","Memphis",67,78,107.5,101.4,69.7,"-.041","+6.64","113.1","106.5","+11.04","126",109.7,105.9,69,"+.012","-0.21","109.4","109.6","-4.80",152.5,-6.5,"2026-02-22","Loss"
"c8d041b8755357be4bcc3fc6947d6c71","Florida Atlantic","North Texas",73,72,103.3,101.5,65,"-.013","+0.61","109.8","109.2","-0.68","120",110.6,106,69.8,"-.053","+2.38","110.7","108.3","+3.32",140.5,-2.5,"2026-02-22","Hit"
"dc1530f0d0e6c4d1496ad12f090fd196","Robert Morris","Wright St.",68,81,112,110.3,66.5,"-.025","-3.81","110.2","114.0","+1.33","167",110.9,111.2,64.8,"+.043","-4.20","109.4","113.6","-2.40",146.5,-4.5,"2026-02-22","Loss"
"555e06ca00a570f6d87a4d3b52235ef8","Milwaukee","Oakland",81,70,115.1,114.7,70.2,"+.031","+1.61","111.7","110.0","+17.39","271",106.8,115.7,67.6,"+.013","-1.89","110.7","112.6","+6.30",160.5,-6.5,"2026-02-22","Hit"
"538626a9b6ad1c9de274acb1ebeae5ef","Iona","Merrimack",88,86,107.6,107.2,63.5,"+.124","-4.60","106.3","110.9","+3.36","254",104.2,111.6,68.6,"+.059","-7.99","104.5","112.5","-2.88",136.5,-7.5,"2026-02-22","Hit"
"17bc4a66fa9fdd15c16bb9f40b3359dc","Rice","Tulane",81,75,109,109.8,66.7,"+.124","-0.36","107.7","108.0","-3.56","233",109.4,115.3,65.2,"+.009","-0.65","108.6","109.3","-2.27",145.5,-5.5,"2026-02-22","Hit"
"dcd2eb74917fc85146873e7e47f3a2e5","Sacred Heart","Marist",65,63,101.1,102.9,66.2,"-.027","-8.62","104.6","113.2","-6.89","296",107.2,119.1,68.8,"-.006","-7.30","105.0","112.3","-1.32",146.5,-7.5,"2026-02-22","Hit"
"04f8a1220bc3a92015516e1a363e42f8","Northern Kentucky","Youngstown St.",64,58,108.3,110.5,66.9,"-.127","-4.79","109.4","114.2","-2.46","185",108.8,110.3,69.5,"-.007","-5.01","109.8","114.9","-3.23",151.5,-3.5,"2026-02-22","Hit"
"ccc49d1792ae6a2a305bfe46f34d5268","Saint Peter's","Siena",72,63,108.5,111,64.4,"-.011","-8.83","103.6","112.4","-7.20","249",103.6,110.3,65.8,"+.063","-7.93","104.5","112.4","+0.05",136.5,-5.5,"2026-02-22","Hit"
"20a278f76224a762bb2c4129794bde64","Fairfield","Quinnipiac",79,85,103.7,106.5,69.9,"+.066","-6.73","105.3","112.1","+0.82","268",107.7,116.5,66.8,"+.071","-9.61","103.1","112.7","-8.38",150.5,-6.5,"2026-02-22","Loss"
"d00397e587ea54dedbc92d7522bef62b","Towson","Drexel",68,62,103.3,108.4,64.2,"-.019","-4.65","106.0","110.7","-7.82","174",105,105.6,63.7,"+.001","+0.01","109.9","109.9","+3.57",132.5,1.5,"2026-02-22","Hit"
"af8c3d18322e1befbae3204c2426e1b4","Green Bay","Detroit Mercy",74,70,108.1,114.7,69,"+.068","-2.55","109.6","112.1","+7.64","213",112.5,116.3,62.8,"+.082","-1.48","111.1","112.6","+6.60",146.5,-1.5,"2026-02-22","Hit"
"351bfb6acec8164f863d7c95b4c798aa","Canisius","Mount St. Mary's",68,47,99.9,111.3,67.9,"+.067","-6.67","104.6","111.3","+0.30","347",95.2,114.8,64.3,"+.015","-7.71","105.4","113.1","-2.75",136.5,-7.5,"2026-02-22","Hit"
"91993f6f30ff0096b3f0fd1435f13c8a","Boston University","Lehigh",70,67,101.2,114.1,66.9,"+.045","-7.18","105.5","112.7","-0.91","260",112.3,120.5,63.2,"-.060","-8.66","104.3","113.0","-4.13",142.5,1.5,"2026-02-22","Hit"
"98c3921dbe8b93428e6d1b5079d28e0d","Purdue Fort Wayne","Cleveland St.",86,92,111,124.4,69.2,"+.042","-1.46","110.5","112.0","+4.33","259",105.8,114,67.6,"+.126","-1.11","110.7","111.9","+8.38",160.5,2.5,"2026-02-22","Hit"
"75ee57ed91ef51db156c1f7fc56704d2","American","Lafayette",61,75,100.1,115.4,66.9,"-.014","-7.03","105.6","112.6","-1.72","241",105.3,111.6,67.1,"+.015","-7.48","105.4","112.9","+0.20",141.5,4.5,"2026-02-22","Hit"
"cec35de4c6fa1eb1937c5bca5fd8c028","Holy Cross","Bucknell",63,72,98.2,115.3,66.5,"+.011","-5.05","107.6","112.7","+1.57","331",101.7,118.1,65.3,"-.019","-6.12","106.3","112.4","+0.76",142.5,-2.5,"2026-02-22","Loss"
"d5e5b988fb1f03bcf54de8357cf98e20","Niagara","Rider",67,62,96.6,120.8,65.2,"-.044","-4.35","106.6","111.0","+11.12","341",98.9,117.7,61.8,"-.045","-7.75","104.8","112.6","-3.98",131.5,1.5,"2026-02-22","Hit"
"9f85e2454738cc1bc6a24c4fa35ae3f6","Houston","Kansas",69,56,121,95.2,67,"+.040","+15.61","117.7","102.1","+11.29","6",126.2,93.4,62.9,"-.003","+11.26","115.8","104.5","+0.89",137.5,2.5,"2026-02-23","Hit"
"5d3911c69e7101602dccb70cb2ec7bdc","Louisville","North Carolina",77,74,122.1,101,67.7,"+.058","+9.67","114.8","105.1","+1.54","15",125.3,98.8,70.5,"+.001","+10.83","115.1","104.3","+3.30",162.5,2.5,"2026-02-23","Hit"
"680de68669514db0c7a2312442afc2a5","UT Rio Grande Valley","McNeese",75,68,116.1,103.6,66.2,"+.062","-2.01","108.1","110.1","+10.23","130",111.4,107.8,66.6,"-.047","-1.04","108.8","109.8","+8.17",144.5,-10.5,"2026-02-23","Hit"
"0b9ed0a5fe66bb03bb7c311ef417db68","New Orleans","Stephen F. Austin",73,77,113.3,103.8,66,"+.008","-4.06","106.5","110.6","-3.49","188",110.7,112.6,69.7,"+.052","+1.34","109.6","108.2","+15.25",149.5,-12.5,"2026-02-23","Loss"
"2b71f7ebc09f551b93f5b178dd9a551e","Nicholls","Lamar",52,53,106.7,110.4,65.3,"-.087","-1.99","107.8","109.8","-0.11","248",107.9,114.7,68.4,"+.030","+0.73","109.5","108.8","+10.33",146.5,-4.5,"2026-02-23","Loss"
"4cbfd7c25e8652fb480c05fb1f5ec731","Incarnate Word","Northwestern St.",54,49,104.7,113.9,65.2,"-.026","-0.61","108.5","109.1","+7.81","270",110,118.8,65.6,"-.017","-1.00","108.5","109.5","+6.91",141.5,-2.5,"2026-02-23","Hit"
"00c9e8124927ed480f42af1509d36016","Houston Christian","East Texas A&M",68,69,100.3,110.7,68.5,"+.026","-0.56","109.2","109.8","+6.99","298",103.8,115.9,63.8,"+.041","-2.21","108.4","110.6","-1.60",137.5,-2.5,"2026-02-23","Loss"
"8d4d14df09c6317fbb819c3e57877b99","Mississippi Valley St.","Grambling St.",83,62,99.5,110,66.7,"-.027","-6.57","105.2","111.8","+2.05","365",90.1,122.7,66.4,"-.037","-5.99","106.4","112.4","+5.85",135.5,-17.5,"2026-02-23","Hit"
"4fa796430c80b3e2730db4ab5711cad0","Texas A&M Corpus Chris","Southeastern Louisiana",68,73,99.5,110.4,65,"-.010","-0.47","109.0","109.5","+5.71","191",102.8,104.8,66.6,"+.001","+1.69","110.9","109.2","+17.41",131.5,2.5,"2026-02-23","Hit"
"643f5e2124604992f05bab8202bab4be","Minnesota","Michigan",77,67,128.1,89.3,71.6,"+.023","+14.42","117.8","103.4","+12.86","72",114.2,102.6,62.6,"-.087","+8.88","115.6","106.7","-8.49",144.5,-22.5,"2026-02-24","Hit"
"4fcca9b1254291807624ef68edf27d50","Cincinnati","Texas Tech",80,68,125,98.5,66.9,"+.013","+14.19","118.5","104.3","+8.46","46",110.7,94.3,67.8,"-.063","+9.72","114.1","104.4","-2.55",142.5,-6.5,"2026-02-24","Hit"
"ab2376e5b605176205f9c2440ecaee64","N.C. State","Virginia",90,61,122.7,96.9,65.5,"+.033","+7.07","114.2","107.1","-3.07","25",123.6,101,69,"-.010","+10.35","115.6","105.3","+4.73",152.5,-5.5,"2026-02-24","Hit"
"62966c4168ed6fc251a707fcd7971601","UCF","BYU",84,97,126.8,101.5,69.6,"-.008","+13.20","116.4","103.2","+4.88","49",121.7,106.6,68.7,"+.129","+9.81","114.2","104.4","-2.55",162.5,-10.5,"2026-02-24","Loss"
"8c8519e90b6d829aae3167011d5ff34e","Northwestern","Indiana",68,72,121.3,102.8,66.2,"-.001","+10.93","115.9","104.9","-4.85","70",117,105.3,65.8,"-.109","+12.38","116.7","104.4","-1.37",146.5,-8.5,"2026-02-24","Loss"
"37a2a5e99a1257971b8852db16a1d900","USC","UCLA",81,62,121.1,102.9,64.9,"+.031","+10.47","115.9","105.4","-2.25","57",115,101.6,70.5,"+.099","+10.27","115.8","105.6","-0.61",149.5,-6.5,"2026-02-24","Hit"
"d2f8992d40ce887fa0fa7629ac239a3d","Arizona","Baylor",80,87,121.2,106.1,68.1,"-.077","+12.84","115.4","102.5","+2.10","3",126.2,89.8,70.3,"+.006","+12.57","116.7","104.1","+4.28",154.5,8.5,"2026-02-24","Loss"
"98558fdb0980a6262a34e1145f8e0180","Arizona St.","TCU",90,78,113.6,98.9,67.5,"-.016","+9.42","114.6","105.2","-6.79","64",117.5,105.1,68.8,"+.029","+13.03","117.2","104.2","+6.08",148.5,-6.5,"2026-02-24","Hit"
"206b5edc5d33a6553ca14f1b21a3b282","Tennessee","Missouri",73,69,120.2,105.7,66.1,"+.072","+9.55","115.9","106.4","-7.64","14",121.9,95.2,65.3,"-.010","+13.11","118.6","105.5","+0.31",143.5,3.5,"2026-02-24","Hit"
"2dacfe177d0fc6ad8a6976693b046ace","Auburn","Oklahoma",91,79,122.4,109.1,66.3,"-.108","+12.13","116.6","104.5","-6.14","34",126,105.8,67,"-.031","+16.98","119.9","102.9","+9.01",159.5,1.5,"2026-02-24","Hit"
"731927dad07beae344676e64d69c75c3","Wyoming","Boise St.",72,62,117.2,104.7,65.6,"+.018","+9.43","114.8","105.4","+8.42","95",115.8,107.5,66.2,"-.032","+4.82","112.3","107.5","-4.28",147.5,-7.5,"2026-02-24","Hit"
"ad340d3cad6aee5133a020efd286a14b","New Mexico","Nevada",67,60,117.8,105.8,65.2,"+.031","+6.58","112.9","106.3","+3.30","43",118.1,101.1,69.5,"+.009","+4.61","111.5","106.9","+1.41",151.5,1.5,"2026-02-24","Hit"
"de8b722d03702c260014bd949adfdf55","Buffalo","Akron",99,85,120.5,108.6,70.3,"-.010","-3.77","108.6","112.3","-2.65","193",113.4,115.5,66.1,"-.034","-4.75","107.0","111.8","-7.28",158.5,-15.5,"2026-02-24","Hit"
"2a591f71538432bdbcd9777ee231240a","Miami FL","Florida St.",73,83,116.4,104.8,70.7,"-.026","+10.34","114.7","104.4","-3.09","39",120.8,101.2,68,"+.008","+4.89","112.2","107.3","-7.35",156.5,2.5,"2026-02-24","Hit"
"2e30669ce7e67ce86aebc8cacfe15178","West Virginia","Oklahoma St.",91,84,117.4,105.9,72,"+.048","+10.15","114.9","104.8","-1.87","59",110.5,97.9,62.3,"-.020","+7.25","112.8","105.5","-8.80",141.5,-1.5,"2026-02-24","Hit"
"21e7fc1da391c5a6da12aa9ecc2c2067","Marquette","Georgetown",60,76,115.5,105.1,66.1,"-.071","+9.11","113.8","104.7","-4.86","98",112.7,105.7,68.8,"-.121","+10.64","115.5","104.9","+1.63",149.5,-3.5,"2026-02-24","Loss"
"3e519f09608b7918502d97faabc033a7","Saint Louis","Dayton",77,62,112.2,102.5,67.6,"+.025","+2.47","110.8","108.4","+1.18","24",121.2,98.3,71.8,"+.014","+0.05","108.7","108.7","-5.41",156.5,4.5,"2026-02-24","Hit"
"db808f0b65980aebcae3a480d1bf59ec","Duke","Notre Dame",56,100,115.2,105.5,65.3,"-.085","+9.51","114.7","105.2","+0.50","2",127,89.8,65.1,"+.041","+12.97","116.5","103.6","+10.85",140.5,18.5,"2026-02-24","Hit"
"375be27fbbe10a43f6be6d99b74e9d68","Fresno St.","Colorado St.",74,70,120.4,110.9,62.1,"+.025","+4.35","112.5","108.2","-2.17","124",109.4,105,68.1,"-.078","+4.57","112.3","107.7","-2.25",145.5,-8.5,"2026-02-24","Hit"
"6c195451fcf40da48f04be88bb38753a","Kentucky","South Carolina",63,72,114,105.7,66.5,"-.065","+8.67","115.8","107.1","-8.96","31",121.1,100.1,67.6,"-.021","+14.15","118.6","104.4","+1.91",148.5,6.5,"2026-02-24","Hit"
"356dde1b2d8c487e49f3bd174152dd88","Bradley","Illinois Chicago",93,86,110.2,103.8,66.2,"-.087","+1.55","110.4","108.8","-2.49","128",111.5,107.8,67.2,"+.054","+0.32","109.2","108.8","-4.52",143.5,-2.5,"2026-02-24","Hit"
"a28a4e07525f14a6930fa8fe46b0d9a9","Iowa St.","Utah",59,75,115,109.4,66.6,"-.019","+10.91","115.4","104.5","+0.36","8",124.8,93.6,66.5,"+.017","+10.02","114.3","104.3","-2.93",144.5,13.5,"2026-02-24","Hit"
"43f070e0dcf2059c318be11b15ab36ce","Central Michigan","Kent St.",83,81,111.8,109.9,70.5,"+.145","-2.03","110.0","112.0","-3.09","276",105.6,114.8,67.2,"-.103","-2.20","108.3","110.5","+1.58",156.5,-11.5,"2026-02-24","Hit"
"b0b05591f4e8d3972867b90316e68d50","Southern Miss","Arkansas St.",89,84,111.9,110.2,71.5,"+.014","-2.73","108.0","110.7","+3.01","238",104,110.1,68.5,"+.046","-3.65","107.6","111.3","+2.13",156.5,-8.5,"2026-02-24","Hit"
"d2645dfa80c8b68dc0a3e4a9b7c507e0","Western Michigan","Bowling Green",79,88,107.1,105.5,68.1,"-.087","-2.58","109.1","111.7","-5.64","286",108.1,118.7,67.4,"-.016","-1.45","108.9","110.4","-2.12",149.5,-12.5,"2026-02-24","Loss"
"289bc0301e48270d57b2f612d5c33018","Washington","Rutgers",72,79,111.1,109.9,65.4,"+.040","+10.61","114.8","104.2","-7.54","47",117.3,101.8,66.3,"-.117","+11.82","116.9","105.1","+0.05",142.5,5.5,"2026-02-24","Hit"
"54683b79bb4d36eb07057ce5cf01dc67","Northern Illinois","Toledo",79,69,114.3,113.2,68.2,"-.056","-0.51","110.1","110.7","+2.50","316",98.9,112.9,67.2,"+.014","-1.30","109.2","110.5","+2.50",150.5,-11.5,"2026-02-24","Hit"
"b7a8be4db06bc529819c4fee2c759d8f","Louisiana","Troy",78,59,110.6,110,65.2,"+.025","-1.37","108.6","110.0","+4.73","302",100.5,113.1,62.3,"+.027","-4.87","106.3","111.1","-1.69",134.5,-12.5,"2026-02-24","Hit"
"e1a7f538661b850dd0411f865499d745","Old Dominion","Marshall",97,88,112.8,114.3,69.2,"+.045","-3.02","108.0","111.0","-0.35","246",105.5,112,68.8,"-.086","-1.70","109.0","110.7","+5.70",160.5,-6.5,"2026-02-24","Hit"
"30ad5a1b5fcdc6a19974dfa7c4189059","George Washington","La Salle",77,104,103.7,108.2,64.4,"-.043","+5.66","112.3","106.6","+3.85","80",119.3,109,68.9,"-.141","+1.70","110.0","108.3","-2.44",146.5,6.5,"2026-02-24","Hit"
"9d4f2750bb648b69807562735209f8ed","Miami OH","Eastern Michigan",64,74,103.1,109.2,66,"-.077","-0.68","110.0","110.6","+2.03","84",118.5,108.6,70,"+.096","-5.79","107.3","113.1","-9.38",153.5,10.5,"2026-02-24","Loss"
"11678980c7822d3650fe45385c589b0e","Southern Indiana","Morehead St.",64,63,107.9,117.6,65.4,"+.132","-6.37","104.8","111.2","+6.93","338",95.5,113.8,67.6,"-.101","-8.35","104.0","112.3","-1.84",143.5,-8.5,"2026-02-24","Hit"
"ea0fec305204313e184095baf807fd6c","Coastal Carolina","Georgia St.",71,76,99.7,111.4,67.3,"-.020","-2.62","108.3","110.9","+0.15","237",101.8,107.8,67,"+.110","-4.66","107.1","111.8","-1.84",140.5,1.5,"2026-02-24","Hit"
"b95d3d252a019b7e317a80fdbd4d27d2","Massachusetts","Ball St.",74,73,97.5,112.8,63.4,"+.023","-2.74","109.0","111.8","-6.51","194",109.4,111.5,70,"-.071","-3.97","108.1","112.1","-6.05",141.5,5.5,"2026-02-24","Hit"
"ba70c24dee6cdd4c257de854841d2b8a","Saint Francis","New Haven",67,73,97,112.9,63.1,"+.056","-7.96","103.9","111.8","+3.50","354",98.9,121.2,69.9,"-.035","-6.28","106.0","112.3","+6.78",142.5,-6.5,"2026-02-24","Loss"
"f01d666fdd942a80573a9412bbff08d9","San Jose St.","Air Force",80,86,95.9,116.7,65.8,"+.014","+5.05","112.4","107.3","-4.22","227",110.1,115.6,64.5,"-.028","+7.73","113.7","106.0","+1.76",142.5,6.5,"2026-02-24","Loss"
"14a9d31db76953a43d09f264db602bc7","Portland","Gonzaga",89,48,123,94.6,69.1,"+.083","+5.50","113.0","107.5","+7.69","205",106.3,109.7,68.3,"+.041","+4.18","111.6","107.4","+0.55",150.5,-27.5,"2026-02-25","Hit"
"2e7f0a6158477f073db1d82f088e2f6d","Maryland","Nebraska",74,61,120.2,91.9,66.8,"+.003","+10.26","115.9","105.6","-5.44","128",111.9,108.2,66.2,"+.040","+13.44","117.1","103.6","+1.12",141.5,-17.5,"2026-02-25","Hit"
"cde379669b60a6c7162b3a690060ed17","St. John's","Connecticut",72,40,122.9,94.7,65.1,"+.062","+11.68","116.0","104.3","+8.70","21",120.7,95.5,69.9,"+.001","+10.30","115.4","105.1","+6.96",146.5,-4.5,"2026-02-25","Hit"
"7523d6ac22ca2e7a104eaa715c2012b7","Georgia","Vanderbilt",88,80,124.7,97.4,69.5,"-.004","+12.10","117.3","105.2","+2.47","38",123.7,104,71.6,"+.005","+9.66","115.7","106.0","-6.54",165.5,-8.5,"2026-02-25","Hit"
"04026b967075b13003fdbfaf54cc62f1","Texas A&M","Arkansas",99,84,128.3,102.1,70.3,"-.003","+13.63","118.2","104.6","+5.29","37",121.4,101.5,70.2,"-.003","+8.93","115.8","106.9","-5.81",170.5,-8.5,"2026-02-25","Hit"
"2a15ea8224f71cfcb1dda4de418c1e1a","Mississippi St.","Alabama",100,75,129.3,103.5,73.3,"+.038","+16.89","120.0","103.1","+13.13","86",114,104.6,69,"+.001","+11.82","116.8","105.0","+1.61",175.5,-13.5,"2026-02-25","Hit"
"0cbce9589aef9548a7484d8df75b08e8","Ohio St.","Iowa",74,57,122.1,99.9,63,"-.012","+9.40","114.5","105.1","-6.90","36",122.9,102.8,66.3,"-.045","+11.66","115.6","103.9","-1.37",141.5,-5.5,"2026-02-25","Hit"
"3ae4e73cb3b58711ea2c2e4ae2887cfa","Santa Clara","Saint Mary's",86,67,120,98.1,65.4,"+.025","+3.71","110.7","107.0","+4.11","34",122.8,102.7,69.9,"-.000","+5.06","111.6","106.6","+4.82",151.5,-4.5,"2026-02-25","Hit"
"376607ad942e34a3763d690b14484650","Butler","Villanova",82,73,121.7,100.3,64.2,"+.038","+10.09","115.1","105.0","+2.78","81",117.5,107.3,67.9,"-.020","+9.55","114.1","104.6","-2.32",146.5,-9.5,"2026-02-25","Hit"
"75b7353c2d274dfcbfcc345f63b1264a","Florida","Texas",71,84,127.7,106.9,66.3,"-.071","+11.80","116.4","104.6","-5.16","5",124.7,91.5,70.4,"-.061","+14.76","118.8","104.0","+8.31",157.5,6.5,"2026-02-25","Hit"
"8b94bffdcb53929aadaf09beaecd748a","Utah St.","San Diego St.",89,72,113.2,96.4,68.7,"+.017","+7.01","113.5","106.5","+6.00","23",123.4,100.3,67.8,"+.032","+6.16","112.9","106.7","+2.90",146.5,-1.5,"2026-02-25","Hit"
"3d34a0e4dcbf46bffb016daafdefd6ca","Evansville","Belmont",98,64,120.8,106.9,68.9,"+.020","+0.28","108.4","108.2","-4.89","307",101,113.9,66.9,"-.032","+4.57","111.0","106.5","+3.74",149.5,-20.5,"2026-02-25","Hit"
"8b61383d2239f3cdffed8574940ef800","UNLV","Grand Canyon",80,67,110.4,98,67.6,"-.046","+4.63","112.2","107.5","-4.50","125",115,110.8,69.9,"+.000","+4.60","111.8","107.2","+0.77",153.5,-7.5,"2026-02-25","Hit"
"10eb9753f12d09cd5bc71446bcc3c9a0","Xavier","Providence",94,84,122.5,110.2,71.4,"-.122","+10.87","114.2","103.3","+0.14","96",115,106.9,70.1,"+.007","+10.44","114.0","103.6","+1.23",169.5,-6.5,"2026-02-25","Hit"
"0b06f7c71b8e11288fb07d45d9111ea4","SMU","California",73,69,116.1,103.9,67.3,"+.063","+6.33","112.8","106.4","-6.08","33",125.9,105.2,68.9,"-.010","+10.07","115.0","105.0","+1.93",162.5,3.5,"2026-02-25","Hit"
"63718acaabf28138a054679a3f828b72","Kansas St.","Colorado",79,70,118.8,106.9,68.2,"+.013","+9.72","114.8","105.1","-0.10","98",114.3,107,71.9,"-.068","+12.22","116.1","103.9","+0.28",162.5,-6.5,"2026-02-25","Hit"
"2f35869ed82b96b27c02a05b7407564e","Pittsburgh","Stanford",75,67,114.4,103.4,67.2,"+.028","+8.42","112.9","104.5","-0.06","108",112.9,107,63.7,"-.086","+10.28","114.7","104.4","+1.03",136.5,-7.5,"2026-02-25","Hit"
"0c1ee39e9af81d999ab8a076b4a250ee","DePaul","Creighton",71,72,117.4,106.4,67.4,"+.004","+12.29","115.4","103.1","+3.69","100",108.7,102,65.8,"-.018","+6.97","113.1","106.1","-10.11",142.5,-5.5,"2026-02-25","Loss"
"6c13b62347ed15185a85d66bc75bee97","LSU","Mississippi",99,106,114.4,104.3,65.6,"-.084","+13.06","117.3","104.2","-1.40","53",120.3,106,66.3,"-.077","+9.81","115.4","105.6","-4.36",148.5,-1.5,"2026-02-25","Loss"
"0d5e4463e8577f361f4a2064d7069e93","Illinois St.","Northern Iowa",69,71,107.7,97.8,62,"-.075","+1.74","109.9","108.2","-0.64","99",110.2,103.2,66.7,"-.038","+0.73","109.8","109.0","-1.95",130.5,-5.5,"2026-02-25","Loss"
"b32467e114ea65ec48f8878658ff4106","Wisconsin","Oregon",85,71,111.9,105.9,65.5,"-.042","+12.03","116.0","103.9","+1.94","28",124,102.5,69,"+.041","+11.89","116.1","104.2","-1.11",152.5,5.5,"2026-02-25","Hit"
"caa40f856297946427e100224557f854","Indiana St.","Southern Illinois",66,55,104.6,99.6,69.1,"-.095","+3.67","110.8","107.2","+1.54","221",106.9,111.1,68.1,"-.099","+1.15","108.7","107.5","-6.15",146.5,-8.5,"2026-02-25","Hit"
"923a081b16be6e961b22919a08f56aa4","Davidson","Duquesne",56,67,111.7,107.2,69.5,"-.018","+1.60","110.5","108.9","-5.86","112",111.7,106.4,63.2,"+.017","+3.11","110.7","107.6","+0.40",142.5,-2.5,"2026-02-25","Loss"
"410709a5d58f66a478b7a7817b9cb2c9","Wofford","East Tennessee St.",69,72,111.3,108,66.2,"-.015","-7.72","106.7","114.4","-3.73","248",110,116.6,67.8,"+.097","-6.69","108.6","115.3","-3.93",151.5,-7.5,"2026-02-25","Loss"
"e686da6e85f721278998c07216e32461","Washington St.","Loyola Marymount",67,66,107.4,105.6,67.1,"-.039","+1.71","110.7","108.9","-4.75","130",115.8,112.3,67.2,"-.068","+6.02","111.8","105.8","+5.25",150.5,1.5,"2026-02-25","Hit"
"ff8fba5ffde8d7ac79c228825de78fc5","Drake","Valparaiso",74,71,108.7,107,64.9,"+.044","+2.01","109.8","107.8","-5.54","203",110.3,113.5,67.3,"-.077","+1.63","109.4","107.8","-3.48",147.5,-4.5,"2026-02-25","Hit"
"ff2ba09485f210fbdc96651be184ff6b","Central Arkansas","Austin Peay",88,93,107.7,106,68.8,"+.064","-6.04","108.6","114.7","+2.68","162",109.1,108.6,67.8,"+.023","-5.39","108.9","114.3","+6.73",151.5,-3.5,"2026-02-25","Loss"
"79264bbca4df777b1ab6408fba8a1b76","George Mason","Saint Joseph's",81,63,105.3,103.9,67.7,"+.079","+0.39","109.4","109.0","-5.08","102",112.9,106.3,63.8,"+.087","-0.70","109.5","110.2","-7.28",138.5,-1.5,"2026-02-25","Hit"
"4e6ab3ced674fbf7e3f75cd3c834029f","Detroit Mercy","Robert Morris",73,62,111.6,110.7,64.8,"+.044","-3.53","109.6","113.1","-2.09","243",107.9,114.3,69,"+.082","-2.62","109.5","112.1","+7.71",150.5,-8.5,"2026-02-25","Hit"
"2c5682c7a9de2fa5ca57b372c22ac2ff","Wake Forest","Boston College",68,67,104.5,103.8,65.4,"-.070","+5.97","112.7","106.7","-6.59","77",116.4,105.6,68.1,"-.022","+11.05","116.0","104.9","+0.82",145.5,4.5,"2026-02-25","Hit"
"d2c787b3584be9728b3fada00b43ad68","Tulsa","Tulane",56,90,109,109.8,66.8,"+.132","-0.51","107.8","108.3","-3.25","64",121.7,109.4,68.1,"+.011","+0.85","109.6","108.7","-1.84",154.5,4.5,"2026-02-25","Hit"
"1d352a96fc71a117459cb4cb44978cbb","San Diego","Oregon St.",92,82,108.8,110.1,64.9,"+.090","+2.50","109.9","107.4","-1.69","224",108.4,113.3,68.5,"+.009","+2.64","110.4","107.8","-1.76",144.5,-6.5,"2026-02-25","Hit"
"0ace91b98b40aa1ed55d24ecf0ae36c0","North Texas","Charlotte",80,79,112.5,114.3,63.4,"+.011","-0.44","109.3","109.7","+0.15","140",103.8,102.1,64.7,"+.005","+0.77","109.8","109.1","-0.37",137.5,-1.5,"2026-02-25","Hit"
"bab57ce81d0c803a2cfda9e693cdadd2","Louisiana Monroe","South Alabama",89,54,107.5,109.4,64.6,"+.085","-4.61","106.9","111.5","-4.45","348",101.4,121.7,70.4,"-.105","-3.64","106.7","110.4","-0.39",153.5,-14.5,"2026-02-25","Hit"
"460ee62be3a136a72f4834fcd53ae2c2","The Citadel","Furman",72,51,106.6,108.6,66,"-.012","-5.18","109.0","114.2","-0.26","352",98.3,119.8,64.4,"-.000","-5.52","108.3","113.8","-1.67",142.5,-15.5,"2026-02-25","Hit"
"0507bf2390579fc80955b7045c652f6d","Georgia Southern","James Madison",82,66,109.4,113.5,65.2,"+.048","-3.50","107.5","111.0","-2.68","274",107.6,116.6,70.5,"+.039","-6.41","105.2","111.6","-6.67",154.5,-5.5,"2026-02-25","Hit"
"a38118ef0cd800fad4c9c14a4d92d311","Lehigh","American",73,78,106.1,111.6,66.6,"+.019","-7.37","105.4","112.8","+0.57","303",101.4,114.1,66.6,"+.059","-7.22","105.7","113.0","-0.75",140.5,-6.5,"2026-02-25","Loss"
"ff56e56153974dc29be7090172d31dfb","South Florida","Rice",56,75,109.4,115.4,65.3,"-.002","-0.29","108.9","109.2","-2.19","56",117.8,103.9,71.3,"-.032","+4.37","111.8","107.5","+5.11",157.5,11.5,"2026-02-25","Hit"
"fe655a896579bd4b595d0de77fb79f0c","Lafayette","Colgate",69,70,107.6,113.7,66.9,"+.074","-6.30","106.9","113.2","+5.36","329",100.1,116,66.5,"-.014","-6.92","105.7","112.6","-1.54",145.5,-8.5,"2026-02-25","Loss"
"e6b9a5b743a52f8b39f5e57b7725d050","Mercer","Western Carolina",78,74,109.2,116.5,67.9,"-.036","-2.96","109.1","112.1","+10.46","181",112.4,113.5,69.2,"-.002","-4.48","108.8","113.3","+5.92",160.5,1.5,"2026-02-25","Hit"
"35e13ec7dc6449bcbf1b1dc3c014f430","Wright St.","Purdue Fort Wayne",70,74,106.2,114,67.8,"+.137","-1.14","110.7","111.9","+8.51","156",111.7,110.8,66.5,"-.025","-3.54","110.2","113.7","+1.50",151.5,2.5,"2026-02-25","Hit"
"e9db7c820e65780ec3cfc2cace061f67","Holy Cross","Boston University",78,63,112.4,120.9,63,"-.072","-8.41","104.4","112.8","-3.93","327",101.9,117.5,65.3,"-.009","-6.15","106.2","112.4","+0.98",143.5,-8.5,"2026-02-25","Hit"
"6ed68ffe87c6a267c6310e5d2ef41915","Seattle","Pepperdine",80,87,104.5,113.2,68,"-.018","+4.06","111.3","107.2","-1.83","122",101.7,97.2,67.9,"+.002","+2.40","111.6","109.2","-2.69",146.5,5.5,"2026-02-25","Hit"
"4e4314935bbb4fd13dd9d8a6d8ab58d1","Youngstown St.","Milwaukee",78,65,106.8,115.9,67.2,"+.010","-1.28","111.1","112.3","+6.55","190",107.3,109.3,67,"-.111","-4.57","109.4","114.0","-2.26",150.5,1.5,"2026-02-25","Hit"
"9d86791ed73d26c287861f35e149edd9","Queens","Eastern Kentucky",79,96,109.6,119.4,67.4,"-.010","-3.00","109.2","112.2","+3.61","202",115.9,119,69.3,"+.051","-5.96","108.7","114.7","+6.63",165.5,1.5,"2026-02-25","Hit"
"0b5be45b95e9194d44b1754e5c24fc6e","Nebraska Omaha","South Dakota",89,72,104.4,115.4,69.8,"+.049","-4.88","107.9","112.8","-3.66","250",108.6,115.5,67.1,"+.033","-2.85","108.9","111.8","+3.75",156.5,1.5,"2026-02-25","Hit"
"7a8e19942fc7bc2abe13529cc491db92","Oakland","IU Indy",74,86,105.9,119.3,73.1,"-.028","-2.60","109.4","112.0","-0.83","158",115.6,114.8,69.8,"+.038","+1.28","111.2","110.0","+17.75",170.5,5.5,"2026-02-25","Hit"
"05111aa902b4f91cdc9abbdc3c9d4f18","Northern Kentucky","Cleveland St.",70,81,110.9,124.7,69.3,"+.032","-1.63","110.3","111.9","+4.65","187",107.6,109.2,69.6,"-.021","-4.33","110.0","114.4","-2.98",163.5,7.5,"2026-02-25","Hit"
"00fb2c30a15c6efa7222d98483f14f4f","Lipscomb","West Georgia",84,77,102.2,116.2,68.8,"+.058","-5.49","109.1","114.6","+0.23","168",108.2,108.5,69.7,"+.041","-4.44","109.2","113.6","+5.75",153.5,5.5,"2026-02-25","Hit"
"d41e4f0d8c5738c116a17d251212da05","Navy","Loyola MD",51,78,104,118.7,68.6,"-.034","-9.53","104.0","113.5","-6.54","144",106.3,104.9,65.2,"+.072","-11.49","103.7","115.2","-9.07",146.5,7.5,"2026-02-25","Hit"
"c783d43735f1a8f0fc89d60aaf123b9f","Bucknell","Army",73,75,101.5,119.5,66.3,"+.074","-6.69","106.6","113.3","-1.77","335",97.6,115.4,66.4,"+.005","-5.37","107.5","112.9","+1.72",142.5,-2.5,"2026-02-25","Loss"
"555e3a6172bc3fc66dba4c1d4e71ff7e","East Carolina","UTSA",81,82,99.5,117.9,68.4,"+.016","+2.59","110.6","108.0","+2.42","258",102.3,110.3,68.5,"-.024","-0.46","109.9","110.3","-2.78",150.5,4.5,"2026-02-25","Loss"
"b426c675d0cf6d494e6b1fecd64ce943","Bellarmine","North Alabama",73,68,100.7,119.7,64.9,"+.053","-3.48","109.3","112.8","+3.20","280",116,125.8,63.9,"-.026","-3.85","109.2","113.1","+2.87",148.5,2.5,"2026-02-25","Hit"
"3b8678099ab35af3f658c7ee3d8c9460","Morgan St.","South Carolina St.",83,90,95.5,119.8,68,"+.016","-5.56","105.9","111.5","+4.09","351",100.1,121.2,70.5,"+.079","-10.05","102.3","112.4","-1.47",156.5,-1.5,"2026-02-25","Loss"
"d9ec4679f6dd4312a96daf8cd4b944da","Michigan St.","Purdue",74,76,129.9,98.2,65.2,"+.015","+13.82","117.7","103.9","+6.90","11",120.9,92.4,65.7,"+.007","+11.81","117.3","105.5","+3.40",141.5,-7.5,"2026-02-26","Loss"
"fc9951153461af897d16b84a9d580555","Tarleton St.","Utah Valley",79,72,112.8,102.6,69,"+.004","+0.33","107.9","107.6","+3.25","215",104.1,108.1,69.3,"-.010","+0.31","108.1","107.8","+4.02",141.5,-16.5,"2026-02-26","Hit"
"c6ee0e3646e438c1f3fe74e80fd36fd4","North Carolina A&T","UNC Wilmington",88,65,112.6,106.2,64.8,"+.042","-4.38","106.7","111.1","-7.70","274",105.8,114.9,68.4,"-.021","-3.89","107.5","111.4","-8.50",146.5,-13.5,"2026-02-26","Hit"
"abc2a0cb8da3ce5e67297b3491ddcace","FIU","Sam Houston St.",100,67,114.3,108.3,70.2,"+.024","+0.65","110.0","109.3","+6.58","194",107.2,109.5,71.9,"-.049","-0.98","109.3","110.3","+0.34",164.5,-6.5,"2026-02-26","Hit"
"6a217b5e800bcdde8cb43ff993957faf","Cal St. Bakersfield","UC San Diego",84,72,109.6,104.4,67.6,"+.005","-0.34","108.1","108.5","+0.52","326",101.4,116.8,69.5,"+.040","+0.80","108.6","107.8","+0.39",150.5,-14.5,"2026-02-26","Hit"
"674afa043b29da02dec20e8961f6153a","Wichita St.","Memphis",82,88,106.9,101.8,69.7,"-.048","+6.49","113.3","106.8","+11.03","92",111.9,103.5,66,"-.057","+0.96","110.5","109.5","-2.20",146.5,-1.5,"2026-02-26","Loss"
"d0bc76d21da4d0ca7ed80cca8bbce012","North Dakota St.","St. Thomas",84,62,114.9,110.1,68.7,"-.017","-5.11","108.0","113.1","-0.70","117",113.2,108.3,66,"+.020","-4.92","107.3","112.2","-0.28",154.5,-3.5,"2026-02-26","Hit"
"d811a329e734b5ce435b3f3dc6d9c2b4","Temple","Florida Atlantic",77,73,111.3,106.8,69.6,"-.070","+2.66","110.7","108.0","+3.48","168",111.8,112.2,64.9,"-.015","-1.91","107.4","109.3","-2.87",146.5,-4.5,"2026-02-26","Hit"
"aa0fbb7d544007def7c12ab5d03a5b8f","UT Arlington","Cal Baptist",68,56,107.5,103.7,65.2,"+.093","-0.88","107.9","108.8","-2.63","164",103.6,103.3,65.2,"+.021","+0.30","108.8","108.5","+3.06",133.5,-6.5,"2026-02-26","Hit"
"eb03c86e00fabf5f67fedc6c22acd133","UC Riverside","UC Santa Barbara",70,59,116.2,112.6,64,"-.033","-0.85","108.0","108.8","+0.00","263",103.7,112,68.1,"-.057","+1.33","109.8","108.5","+6.35",143.5,-10.5,"2026-02-26","Hit"
"430af3be958c3ffc964d678837fb9d74","Northeastern","William & Mary",84,77,112.2,108.8,72.5,"-.041","-0.48","109.2","109.7","+1.50","289",107,117.7,69.2,"-.041","-0.70","109.5","110.2","-0.23",164.5,-11.5,"2026-02-26","Hit"
"38a1757daf0f04434ba0772f17dd806e","Portland St.","Montana St.",84,69,110,108.6,65.9,"-.061","+1.18","111.8","110.6","+6.22","142",103.8,102.2,67.1,"+.038","-1.85","110.5","112.3","+1.91",139.5,-2.5,"2026-02-26","Hit"
"c5fd3a5decf61bad756ddce44658d0b1","Hawaii","UC Davis",73,77,109.8,108.7,68.5,"+.052","-0.46","108.8","109.3","+2.27","109",105.9,100.4,69.8,"+.017","-3.64","107.3","110.9","-10.72",149.5,1.5,"2026-02-26","Hit"
"14863df8c4f7ac41785d7d847b5d29c1","UC Irvine","CSUN",67,68,109.6,108.6,73.3,"+.107","+0.50","109.3","108.8","+1.24","110",104.5,99,68.4,"-.035","-0.37","108.8","109.2","+1.16",154.5,-1.5,"2026-02-26","Loss"
"206824ba294cdd1fdd50e81cbc4d035e","Rhode Island","St. Bonaventure",94,76,114.2,113.4,66.9,"-.024","+0.69","109.2","108.5","-3.83","123",108.4,104.2,65.4,"-.032","+0.64","110.0","109.4","-5.47",144.5,-2.5,"2026-02-26","Hit"
"87ba1a329db0c6e27d5dddc5e145784b","New Mexico St.","Western Kentucky",93,70,108.3,107.6,69.2,"+.032","-0.03","110.5","110.5","+1.38","169",111.4,111.8,66.4,"-.102","-0.93","108.5","109.5","+1.74",151.5,-5.5,"2026-02-26","Hit"
"66f032d15b48a169cb48a97497063718","Northern Colorado","Eastern Washington",82,72,112.9,113.4,67.6,"-.053","+2.52","111.1","108.6","+8.18","151",112,110.9,68.6,"-.008","-2.17","109.9","112.0","+0.02",156.5,-1.5,"2026-02-26","Hit"
"0d0780c67661816cfbc7d2aaa2bf46f9","Northern Arizona","Idaho",78,58,109.1,110,67.9,"-.034","-0.63","110.2","110.9","+1.46","302",106.6,119.1,63.8,"+.038","-1.11","109.9","111.0","+0.32",146.5,-10.5,"2026-02-26","Hit"
"dd7b16089e0ee5fb4bd6c2d8b693b347","Abilene Christian","Utah Tech",85,81,110.5,111.4,65.8,"+.106","+1.46","108.1","106.7","+4.00","232",101.6,107.5,66.8,"+.055","-0.11","108.5","108.6","+1.86",139.5,-3.5,"2026-02-26","Hit"
"59ec3fe19f2aad8bfa78eb7e75f80d48","Elon","Towson",58,56,104.9,105.8,63.9,"-.012","+0.21","109.9","109.7","+3.81","211",113.9,117.6,67,"-.016","-2.39","108.7","111.1","-1.85",143.5,-5.5,"2026-02-26","Hit"
"7f27ddf519650382f24e5962b717a2c9","UTEP","Middle Tennessee",77,67,109.6,110.6,65.2,"-.028","+2.48","110.9","108.4","+12.37","266",102.8,111.2,64.6,"+.013","+0.49","109.0","108.5","+4.58",138.5,-7.5,"2026-02-26","Hit"
"d0febc6166146c8710f9cb36e4b0dc10","Liberty","Kennesaw St.",74,65,110.2,111.3,71.3,"+.004","-2.29","108.1","110.4","-5.94","105",118.1,111.9,64.3,"+.187","-1.49","108.0","109.5","+1.16",153.5,2.5,"2026-02-26","Hit"
"c8a7b5f88fbaad4a09d965d206b6988b","Sacramento St.","Montana",81,73,107.7,109.1,69,"-.002","+0.23","111.5","111.3","+5.39","256",108,115.9,72.1,"-.012","+1.82","111.3","109.5","+9.17",162.5,-7.5,"2026-02-26","Hit"
"2c22eb60ac3e30bd43e0252511c387ae","Tennessee Tech","Tennessee Martin",64,49,103.3,106.4,64.3,"+.029","-8.52","103.1","111.7","-0.59","303",103.2,115.8,66.6,"-.021","-8.05","104.0","112.0","+3.70",134.5,-8.5,"2026-02-26","Hit"
"c2d004cfe63e2d554633d8531cbf4646","VMI","Samford",80,61,110.3,113.7,66.8,"+.016","-4.07","109.0","113.1","+1.11","360",99,125,66.8,"-.008","-5.13","108.5","113.6","-1.66",154.5,-17.5,"2026-02-26","Hit"
"4dfcd622a76c467c07d8ba9416d598a9","Delaware","Jacksonville St.",80,70,106.1,109.5,65,"-.045","-2.18","108.1","110.3","-4.98","276",105.4,114.6,62.7,"-.002","-2.67","108.0","110.6","-6.16",134.5,-7.5,"2026-02-26","Hit"
"cf1a0c7098f9afee81e32c2cc0c36105","Stony Brook","Monmouth",82,69,105.2,108.6,67.1,"+.006","-2.05","107.4","109.4","-3.77","220",106,110.2,65.7,"+.099","-3.29","107.0","110.3","-3.33",143.5,-4.5,"2026-02-26","Hit"
"f39c84e1615b184f5e988e022e3353ed","Long Beach St.","Cal Poly",102,92,109.2,113,73.5,"+.020","+1.98","109.8","107.8","+5.72","243",105.3,111.8,67.8,"-.050","+1.66","109.4","107.7","+4.93",159.5,-4.5,"2026-02-26","Hit"
"b1d9b7c4446e160a9774bf6ebf86bee4","Chicago St.","LIU",73,56,105.9,109.9,68.2,"+.097","-7.64","105.0","112.7","+2.61","343",99.6,118.8,65.3,"-.026","-4.65","106.0","110.6","+11.47",139.5,-12.5,"2026-02-26","Hit"
"b96847075b9813d70f2bf77ae7fdda67","Campbell","Drexel",65,60,103.4,108.2,64.3,"-.006","-4.56","106.2","110.8","-7.65","199",110.7,113.1,69.8,"+.024","+1.87","110.5","108.6","+7.58",141.5,-1.5,"2026-02-26","Hit"
"96d0ca5f51665d2681e5b9b80ddc6361","Tennessee St.","Southeast Missouri",71,79,103.1,108.1,69.1,"+.044","-6.92","104.7","111.7","+5.54","238",108.8,114.9,70.3,"+.080","-8.33","103.6","111.9","+6.24",155.5,-4.5,"2026-02-26","Loss"
"c52118afde0fec63bfd445a3d7dc82fe","Bryant","UMBC",70,58,106.2,111.8,66,"+.057","-13.27","102.0","115.3","-6.75","356",97,120.5,64.4,"+.029","-7.04","104.5","111.5","+3.24",139.5,-10.5,"2026-02-26","Hit"
"8ef4d6c72cebb9754e04815e00f09a78","Missouri St.","Louisiana Tech",72,70,100.2,106.1,64.2,"+.055","-2.83","108.2","111.0","-7.19","216",107.3,111.3,65.6,"-.035","-1.77","108.4","110.2","-1.20",136.5,-2.5,"2026-02-26","Hit"
"c99de51a3149817ece01e18f84b71a67","UMass Lowell","Vermont",66,64,107.9,113.8,65.1,"-.009","-9.10","104.4","113.5","-1.68","314",103.8,117.6,69.2,"+.008","-8.87","104.1","113.0","+2.37",146.5,-10.5,"2026-02-26","Hit"
"b53401960326b322cb8305a66862342c","USC Upstate","Radford",71,59,107.3,113.8,70.5,"-.029","-6.26","107.0","113.3","-5.91","293",101,112.1,67.9,"+.040","-3.58","107.6","111.1","-1.02",154.5,-6.5,"2026-02-26","Hit"
"73697e9fe445c308d8d318b8ef9777ce","Winthrop","Charleston Southern",86,84,105.2,113.2,71,"-.104","-6.56","106.2","112.8","-5.00","134",114,111.1,68.9,"+.013","-4.25","107.7","111.9","+1.60",162.5,6.5,"2026-02-26","Hit"
"cd0eb9d5b8daa24a46826f43e2e1e681","Western Illinois","SIUE",67,47,99.1,107.4,64.3,"+.023","-9.17","104.1","113.3","-7.57","362",93.7,121.3,66.4,"-.061","-7.40","104.5","111.9","-1.52",134.5,-14.5,"2026-02-26","Hit"
"8bd45eb5209a0f766cae354c064f61da","Florida A&M","Southern",71,82,104.5,113,70.1,"+.038","-3.94","107.4","111.4","+15.39","328",97.5,113.3,68,"+.048","-8.07","104.8","112.8","+7.49",148.5,-9.5,"2026-02-26","Loss"
"6b757814b3ec0846530dca24b33d0eea","Eastern Illinois","Lindenwood",67,71,101.5,110,72.4,"+.043","-7.28","104.3","111.6","+2.89","324",95.8,111.1,65.8,"+.018","-6.03","105.7","111.7","+12.92",144.5,-8.5,"2026-02-26","Loss"
"1e9c7cda68cf051d594e5952ba77dd33","Charleston","Hampton",71,85,102.1,110.9,64.8,"+.000","-3.10","106.8","109.9","-6.43","163",107.3,107,67.6,"+.081","-2.03","109.7","111.7","-1.00",140.5,5.5,"2026-02-26","Hit"
"4c84255228171ebacdc9a50757642641","High Point","Presbyterian",73,79,103.5,113.6,63.6,"+.003","-5.23","107.0","112.2","-1.16","90",118.8,110,69.6,"+.034","-8.81","104.1","112.9","-8.39",151.5,11.5,"2026-02-26","Loss"
"74aada8c55999add9fabf6687648c0cf","Bethune Cookman","Grambling St.",71,76,99.1,109.6,67.2,"-.029","-7.41","104.6","112.0","+1.98","235",103.8,109.8,68.7,"+.075","-6.42","106.0","112.4","+14.46",141.5,1.5,"2026-02-26","Hit"
"1a78f308d13797764516f3f6aefaeaa0","UNC Greensboro","Chattanooga",80,85,105.2,116.1,66.8,"-.019","-4.96","108.9","113.9","-2.97","304",108.6,121.4,67,"+.048","-4.81","108.6","113.4","+0.44",155.5,-3.5,"2026-02-26","Loss"
"c36654dc9c014514a73a8f01720c2007","Fairleigh Dickinson","Le Moyne",76,59,102.7,114.2,69.4,"-.002","-9.79","103.8","113.6","-2.19","333",102,118.6,63.9,"-.001","-8.93","103.8","112.7","+6.23",139.5,-4.5,"2026-02-26","Hit"
"0093fe338a26aba30fc9bfa4596f68a3","Mercyhurst","Central Connecticut",80,78,105.4,117.5,65,"+.104","-9.83","103.1","113.0","-2.00","286",101.9,112.5,63.9,"-.030","-10.12","103.9","114.0","+0.62",137.5,-5.5,"2026-02-26","Hit"
"62bd4e81c9ecbb4acdcb80cfafe39aa7","Alcorn St.","Texas Southern",92,87,103.3,115.8,68.7,"-.037","-5.96","105.5","111.5","+13.60","340",100,118.4,67,"+.035","-2.52","107.4","109.9","+12.86",149.5,-7.5,"2026-02-26","Hit"
"7c4ebc2ac35c1421b44a8cee0a7a4c6e","Stetson","Jacksonville",89,85,101.8,114.6,62.8,"-.028","-2.59","109.7","112.3","+5.03","322",103.5,118.5,66.7,"+.023","-3.03","109.5","112.5","+4.47",139.5,-6.5,"2026-02-26","Hit"
"2e0db958528915e735afedd455bb9557","Morehead St.","Little Rock",70,76,103.1,116,66.2,"-.016","-5.21","104.6","109.8","+4.67","282",107.5,117.7,65.3,"+.146","-6.97","104.3","111.3","+6.80",140.5,-2.5,"2026-02-26","Loss"
"6f2bfa4cb81c67b5463656f8b93c902a","Maine","Albany",59,70,103.8,117.7,65.2,"-.069","-5.55","106.6","112.1","+4.83","347",92.2,112.4,64.7,"-.014","-7.53","105.1","112.7","-0.77",135.5,-6.5,"2026-02-26","Loss"
"c64b8056952c54ae68c33cd05d7c5a82","New Haven","Wagner",65,62,103,117.7,65.3,"-.001","-8.02","104.0","112.1","+5.71","332",96.9,113.5,63.1,"+.043","-8.63","103.6","112.2","+3.63",130.5,-1.5,"2026-02-26","Hit"
"49240aebdc197298c5a76356c855aae1","Jackson St.","Prairie View A&M",85,76,101.4,116.2,72.7,"-.015","-6.92","105.3","112.2","+9.33","337",101,119,70,"+.086","-3.63","107.1","110.7","+13.54",164.5,-5.5,"2026-02-26","Hit"
"09666e44353cbcc66cbefd4618108bd4","Denver","Oral Roberts",102,80,99.6,116,67.2,"+.005","+0.04","111.4","111.3","+5.28","208",117.2,120.7,67.6,"+.007","-0.77","110.1","110.9","+8.12",155.5,4.5,"2026-02-26","Hit"
"40a52467af9437df7389f5b9bd98d4aa","Florida Gulf Coast","North Florida",76,70,108.2,125.1,70.1,"-.042","-2.02","109.4","111.4","+7.71","245",107.9,114.5,67.9,"-.008","-5.14","108.6","113.7","+0.16",161.5,5.5,"2026-02-26","Hit"
"1c53c7488a9c80f0fa6baae8ec364cd1","Saint Francis","Stonehill",103,77,90.4,109.7,65.7,"+.030","-9.26","104.1","113.4","-2.49","352",99.6,121.1,69.9,"-.021","-6.35","105.8","112.2","+7.16",140.5,-5.5,"2026-02-26","Hit"
"95508943e618f649a573c872752ae787","South Dakota St.","Kansas City",59,73,93.2,115.6,69.8,"-.026","+0.25","111.9","111.7","+6.05","214",108.6,112.4,67,"-.115","-2.55","108.7","111.3","+2.62",148.5,11.5,"2026-02-26","Hit"
"51b0d9e1eabb6d019dd57c1f823473c0","New Hampshire","Binghamton",65,63,97.6,123.5,65.2,"-.050","-10.75","103.2","113.9","-8.12","342",95.6,114.8,67.5,"-.008","-6.50","105.4","111.9","+6.07",140.5,1.5,"2026-02-26","Hit"
"0d3391ae30bddcea297f5350636805d5","UNC Asheville","Gardner Webb",71,77,95.9,123.5,69.7,"-.014","+0.13","110.0","109.9","+6.02","230",104.5,110.2,64.7,"-.036","-2.68","109.1","111.8","+0.93",145.5,13.5,"2026-02-26","Loss"
"cb5dcfdff6a4c117947d606a1d3b81c4","Michigan","Illinois",70,84,133,99.1,65.5,"-.041","+13.35","117.2","103.9","+4.20","2",128.1,89.7,71.7,"+.026","+14.16","117.6","103.5","+12.99",157.5,2.5,"2026-02-27","Hit"
"850a862148ea035e37f9018656703f66","Dayton","George Washington",66,68,120.4,109.3,69.3,"-.139","+1.52","109.8","108.2","-2.45","78",112.5,101.8,67.7,"+.027","+3.06","111.1","108.0","+1.07",152.5,-3.5,"2026-02-27","Loss"
"706438a4ed49f7f56054b59871dc5620","Louisiana","Arkansas St.",81,58,111.8,110.4,72,"+.026","-3.08","107.7","110.8","+2.79","305",100.7,113.8,62.4,"+.028","-4.43","106.6","111.0","-1.71",146.5,-13.5,"2026-02-27","Hit"
"73bb136db938d08060ba44492b8debe7","Akron","Kent St.",70,92,112.1,110.8,70.4,"+.154","-2.50","109.7","112.2","-3.09","71",120.5,108.6,70.9,"-.007","-3.77","108.7","112.5","-2.62",164.5,4.5,"2026-02-27","Hit"
"304bded7b8291e88384f3a72bfe88a4c","Louisiana Monroe","Troy",80,65,111.2,110.1,65.2,"+.019","-1.92","108.3","110.3","+4.80","351",101.1,122.3,70.6,"-.100","-3.50","107.0","110.5","-0.63",155.5,-18.5,"2026-02-27","Hit"
"b30810522f2d3d88073f5aadd833d9ff","Yale","Cornell",72,69,119.1,119.7,71.7,"-.067","-1.28","108.6","109.9","-0.72","77",122.8,112.1,65,"+.088","-1.09","108.6","109.7","+1.85",165.5,3.5,"2026-02-27","Hit"
"288247d5833b6b70ba18177f94678b5a","Dartmouth","Penn",80,71,108,108.6,69,"+.030","-0.14","110.6","110.7","+0.45","250",105.3,112.4,69.5,"+.006","-2.26","108.9","111.2","-3.82",153.5,-6.5,"2026-02-27","Hit"
"efcfa6cd66d61c84be9231b566f0c698","Georgia Southern","Marshall",82,99,113.5,114.9,69.4,"+.051","-3.23","107.9","111.1","-0.18","276",107.1,116.7,70.8,"+.039","-6.27","105.7","111.9","-6.85",167.5,-7.5,"2026-02-27","Loss"
"99d6f9f9056fd613c2e307cc4c179178","Southern Miss","South Alabama",55,68,107.8,109.2,64.8,"+.068","-5.54","106.7","112.2","-4.63","235",104.2,110.1,68.8,"+.033","-3.20","107.9","111.1","+2.19",142.5,-4.5,"2026-02-27","Loss"
"246bfc5f2095b83bea3e2192e2109e44","Brown","Columbia",80,62,109.2,111.6,66.6,"+.038","-3.53","109.0","112.6","-5.09","272",98.7,108,66.2,"-.052","-4.40","108.3","112.7","-8.05",140.5,-5.5,"2026-02-27","Hit"
"7c3f82b92c26becf74e8eb86e922bef6","Coastal Carolina","James Madison",68,69,109.5,113.2,65.5,"+.046","-4.17","107.4","111.6","-3.10","230",102.3,108,67.1,"+.118","-4.71","107.0","111.7","-1.64",140.5,-5.5,"2026-02-27","Loss"
"21b938380a5758f085e1d002b4a932ef","Appalachian St.","Texas St.",60,57,104.3,111.2,66.1,"+.088","-6.68","105.9","112.6","-8.83","180",107.1,108.2,62.9,"+.037","-5.20","107.5","112.7","-2.46",134.5,1.5,"2026-02-27","Hit"
"45b4c10c44b64c85dfcc0efc8a398ba0","Manhattan","Saint Peter's",75,65,103.8,110.8,65.8,"+.052","-7.30","105.1","112.4","-0.13","331",106.6,122.7,67.9,"+.078","-7.90","103.9","111.8","-2.53",146.5,-7.5,"2026-02-27","Hit"
"af66673bb0b33fad5802d4187bb73761","Rider","Iona",80,58,105,112.3,68.4,"+.041","-7.45","104.9","112.4","-2.86","357",96.6,120.5,65.5,"-.028","-5.11","106.4","111.5","+11.16",141.5,-12.5,"2026-02-27","Hit"
"3e9a66b5ed9670aa4f7bf4bb1281f9bd","Harvard","Princeton",56,58,106,114.2,63.3,"-.063","-0.99","109.6","110.6","-0.95","150",108.9,107.7,62.5,"-.002","-3.44","108.5","112.0","-4.50",131.5,3.5,"2026-02-27","Loss"
"b6df7482fe28fed15505b5e3faf2e755","Siena","Fairfield",72,58,108.8,116.9,66.8,"+.079","-9.11","103.4","112.6","-8.14","196",108.9,111.2,64.4,"-.006","-8.93","103.8","112.7","-7.11",144.5,1.5,"2026-02-27","Hit"
"e3addfb23b48d473ac96346f0388ff86","Miami OH","Western Michigan",67,69,109,118.4,67.8,"-.002","-1.01","109.0","110.0","-1.92","82",117.9,107.8,70.2,"+.093","-5.55","107.4","112.9","-9.31",161.5,12.5,"2026-02-27","Loss"
"c06c7519d9fadd6ef5e9548aeed4bea2","Mount St. Mary's","Sacred Heart",77,69,107.1,118.8,68.8,"-.020","-6.85","105.2","112.0","-1.20","290",100,110.8,67.9,"+.057","-7.36","104.4","111.8","+0.50",149.5,-2.5,"2026-02-27","Hit"
"936296b06f7c88cc81b315b4ba2f7368","Old Dominion","Georgia St.",73,81,99.9,111.9,67.5,"-.029","-2.87","108.1","110.9","+0.21","246",106.1,112.8,69,"-.090","-1.43","109.3","110.7","+5.73",148.5,1.5,"2026-02-27","Hit"
"aa4b8cb76b6e2ebf9b51bb2ad5467cc2","Quinnipiac","Niagara",78,76,98.5,117.8,62.1,"-.053","-7.99","104.9","112.9","-3.81","206",104.1,107.5,69.9,"+.051","-6.76","105.7","112.4","+1.23",135.5,8.5,"2026-02-27","Hit"
"ceb6c009b927821df3d0181ece95b844","Merrimack","Canisius",67,62,94.6,115,64.3,"+.016","-7.41","105.6","113.0","-2.57","166",108.2,108.1,63.4,"+.134","-4.77","106.4","111.2","+3.43",130.5,9.5,"2026-02-27","Hit"
"dc4a6e31728fec783a144751c0157571","Virginia","Duke",77,51,127.4,88.9,65.8,"+.038","+13.24","116.6","103.3","+11.06","14",123.1,95.9,65.9,"+.029","+7.75","114.4","106.7","-2.92",140.5,-10.5,"2026-02-28","Hit"
"a8499c50d316f43a0f15483036657075","Kansas","Arizona",84,61,126.7,90.4,70.3,"+.011","+13.14","117.1","103.9","+4.41","15",120.9,94,67.3,"+.042","+16.42","117.8","101.4","+11.67",150.5,-9.5,"2026-02-28","Hit"
"e4375023aa11a7871718e8190d573c4c","Arkansas","Florida",111,77,125.1,91.3,70.6,"-.058","+15.24","119.3","104.1","+8.22","17",128.5,102,70.8,"+.001","+13.75","118.5","104.7","+5.28",169.5,-9.5,"2026-02-28","Hit"
"ffdbf2262c4fff72db28df671a711c7c","Colorado","Houston",102,62,124.8,92.9,63.2,"-.006","+12.33","116.1","103.8","+1.12","71",118,106,68.8,"+.023","+9.45","114.8","105.4","+0.00",140.5,-20.5,"2026-02-28","Hit"
"2172ef040e6c50da0687683f675fdece","Texas Tech","Iowa St.",73,82,124.1,92.6,66.8,"+.018","+10.27","114.5","104.2","-2.84","16",125.6,99,66.9,"+.015","+14.26","118.0","103.8","+8.66",146.5,-9.5,"2026-02-28","Loss"
"edbaabb57cf7d04c5a6a0c8cbba4823b","Seton Hall","Connecticut",71,67,123.3,93.5,65.1,"+.059","+11.99","116.1","104.2","+8.70","53",108.6,94,65.6,"-.018","+7.16","113.8","106.7","-3.95",130.5,-13.5,"2026-02-28","Hit"
"ac664c5d6549369fb5397ca0dc14c850","Alabama","Tennessee",69,71,121.3,95.2,65.6,"-.027","+13.63","118.7","105.1","+0.55","19",129.5,103.4,73.7,"+.035","+16.30","119.6","103.3","+13.10",164.5,-4.5,"2026-02-28","Loss"
"71bddb41a28bc44b8e88213de3097af3","Villanova","St. John's",89,57,119.5,95.9,69.8,"+.051","+11.06","115.7","104.7","+6.79","29",121.6,100.2,64.7,"+.041","+9.85","115.1","105.3","+2.72",146.5,-7.5,"2026-02-28","Hit"
"d0c809d73154f24d7d4744e970421599","Gonzaga","Saint Mary's",70,59,120.6,97.8,65.6,"+.022","+4.22","111.2","107.0","+4.30","11",123.2,94.2,69.4,"+.077","+5.00","112.8","107.8","+7.85",143.5,2.5,"2026-02-28","Hit"
"4bbfd71606a57116d1a84617a532280f","Grand Canyon","Utah St.",74,69,123.3,101.2,68.1,"+.033","+6.87","113.1","106.2","+2.93","62",110.4,97.7,67.9,"-.041","+4.40","112.3","107.9","-4.56",148.5,-9.5,"2026-02-28","Hit"
"dcc82a783085d3f398ff3b812a75f123","Duquesne","Saint Louis",91,76,120.1,98.5,71.9,"+.014","+0.83","108.9","108.1","-5.38","126",110.7,107,69.8,"-.023","+1.69","110.6","108.9","-5.78",161.5,-14.5,"2026-02-28","Hit"
"e95b5ea4bc9f450d7b04065cd8ffdfd0","Virginia Tech","North Carolina",89,82,122.1,100.7,67.7,"+.068","+10.56","115.1","104.5","+1.86","58",116.7,103,66.9,"+.022","+9.28","115.2","105.9","-0.83",149.5,-6.5,"2026-02-28","Hit"
"f8c53318ff0077b1de8521664c0814bf","Vanderbilt","Kentucky",91,77,120.2,99.1,68.1,"-.011","+14.20","118.4","104.2","+1.86","13",125.2,97.9,69.4,"+.003","+12.25","117.5","105.3","+2.41",154.5,-1.5,"2026-02-28","Hit"
"a446c1cc8de72a1f37fc1dc8208c693b","Boston College","Miami FL",76,54,120.9,100.7,68.2,"+.013","+5.55","112.4","106.9","-7.25","159",104.7,103.8,65.7,"-.049","+5.98","112.7","106.7","-6.70",143.5,-15.5,"2026-02-28","Hit"
"0cbf80925326701b5d45a2bd5bc73459","South Carolina","Georgia",87,68,124.3,104.5,71.6,"-.009","+10.61","116.2","105.6","-6.37","93",112.9,104.6,67,"-.074","+9.47","116.1","106.6","-8.70",159.5,-11.5,"2026-02-28","Hit"
"83e1e7558fe8226c6d87f44194ac8a9d","Texas","Texas A&M",70,76,121.3,101.7,70.7,"-.010","+9.89","116.5","106.6","-5.83","31",127.7,107.3,66.4,"-.074","+12.71","116.8","104.1","-5.34",161.5,-3.5,"2026-02-28","Loss"
"5b0f546a8fc7a5253ba233bd832aa6b0","Mississippi","Auburn",79,85,125.8,106.4,67.3,"-.039","+17.16","120.0","102.8","+8.97","84",114.5,104.9,66.1,"-.093","+12.88","117.4","104.5","-1.41",152.5,-9.5,"2026-02-28","Loss"
"41b42361cef11da1edd025ac58e7b5cf","Oregon St.","Santa Clara",93,72,122.5,103.2,70.1,"+.009","+5.79","112.1","106.3","+4.73","177",109.1,110.2,65.2,"+.097","+2.11","109.9","107.8","-1.55",152.5,-16.5,"2026-02-28","Hit"
"ebe7a53e79bb26ea9cb338f962087990","Louisville","Clemson",80,75,116.3,97.3,64.1,"-.007","+8.82","114.4","105.6","+1.03","18",125,98.7,70.5,"-.018","+11.74","115.4","103.6","+3.39",146.5,1.5,"2026-02-28","Hit"
"e2e5065bb7839ddeacce53b94caba1bb","Fordham","VCU",82,63,120.6,103.8,69.5,"-.033","+3.68","111.2","107.5","-0.78","165",104.4,104.3,64.2,"-.041","-3.28","107.9","111.2","-15.49",143.5,-12.5,"2026-02-28","Hit"
"8c8e05de4e0eaecd4c47f45e9ddd1694","San Diego St.","New Mexico",81,76,116.8,100.2,69.9,"-.004","+5.21","111.8","106.6","+1.12","42",114.2,96.2,69.1,"+.019","+7.54","113.9","106.3","+6.10",148.5,-2.5,"2026-02-28","Hit"
"3a89d283e57628d930647b1f8d83479b","Baylor","UCF",86,87,122.2,105.6,69.4,"+.130","+10.78","114.7","104.0","-2.51","49",121.9,106.6,68.1,"-.087","+13.73","115.7","101.9","+2.10",158.5,-2.5,"2026-02-28","Loss"
"f0e07edd96e4134bbfb715247f6ee716","Oklahoma St.","Cincinnati",91,68,111.2,94.9,67.8,"-.067","+10.94","114.7","103.8","-2.45","72",118.2,106.3,72.1,"+.057","+10.44","114.7","104.2","-1.33",149.5,-9.5,"2026-02-28","Hit"
"d63c11506a39b7b67a4e9226249fb0d6","Wisconsin","Washington",73,90,117.1,101.4,66.9,"-.103","+11.81","116.8","105.0","-0.01","34",123.3,103.2,69.4,"+.033","+11.88","116.1","104.2","-1.08",153.5,1.5,"2026-02-28","Hit"
"1473991c5c071ea121e530e3b0293174","Oklahoma","LSU",67,83,120.9,106.2,66.7,"-.063","+10.10","115.5","105.4","-4.37","56",123,108.8,66.6,"-.097","+12.48","117.0","104.5","-5.74",155.5,-1.5,"2026-02-28","Loss"
"d6a4b3afe521d68606c596de1c8e0f3b","Pittsburgh","California",56,72,115.7,103,67.6,"+.073","+6.92","113.3","106.4","-5.93","108",113.1,107.4,63.9,"-.094","+10.50","114.8","104.3","+0.80",141.5,-7.5,"2026-02-28","Loss"
"d5986ecf4a511733d90f3fcd28aa82f3","Nebraska","USC",67,82,114.5,101.7,70.7,"+.096","+11.13","116.3","105.1","-0.38","12",120,92.2,67,"+.004","+9.59","115.5","105.9","-5.65",147.5,4.5,"2026-02-28","Hit"
"538f9fe0558cdb8c5ccc76fe12c81d4d","Oregon","Northwestern",63,62,117.3,104.8,66,"-.091","+13.08","117.0","103.9","-1.07","100",112.5,105.3,65.9,"-.034","+12.30","116.3","104.0","+1.97",142.5,-4.5,"2026-02-28","Hit"
"35d97cc26d00413e870e3ea9d9382a32","BYU","West Virginia",79,71,110.9,98.4,62.5,"-.034","+7.94","113.2","105.2","-8.71","21",125.9,101.9,70.2,"-.015","+13.41","116.4","103.0","+5.18",141.5,2.5,"2026-02-28","Hit"
"7fabb59c5adb58d550535df702d93f38","Utah","Arizona St.",73,60,117.3,105.3,69.3,"+.022","+13.56","117.2","103.7","+6.21","110",114.3,108.8,66.9,"-.016","+11.79","115.7","104.0","+0.69",150.5,-6.5,"2026-02-28","Hit"
"8a532f4baa48de3dd73b4bda2f1f6d74","UCLA","Minnesota",78,73,114.4,102.4,62.8,"-.094","+10.10","116.0","105.9","-8.43","40",121.3,102.3,65.1,"+.032","+10.61","115.8","105.2","-1.87",135.5,1.5,"2026-02-28","Hit"
"6d34437244ea041f30a2fdcd7e2e3ce6","SMU","Stanford",95,75,114.9,103.6,67.4,"+.034","+8.15","112.8","104.6","-0.11","32",125.1,104.8,69.2,"-.026","+10.46","115.3","104.8","+2.05",155.5,1.5,"2026-02-28","Hit"
"403875400bf0deadcf6d9b81874723d8","Providence","Creighton",76,79,117.4,106.7,67.7,"-.013","+11.88","115.0","103.1","+3.88","66",123.1,110.7,71.5,"-.112","+10.41","114.0","103.6","-0.22",166.5,-2.5,"2026-02-28","Loss"
"2869d97a178b40c99f028a51cf90ba99","Syracuse","Wake Forest",88,83,116.3,105.7,68.3,"-.039","+10.81","115.7","104.9","+0.81","76",115.3,104.4,68,"-.012","+9.41","113.3","103.9","-2.45",151.5,-3.5,"2026-02-28","Hit"
"43485c2dde387eab76e4a83bbcce7c99","Abilene Christian","Utah Valley",74,67,112.7,102.8,69.2,"+.013","+0.08","107.6","107.5","+3.32","233",102.1,107.9,67.2,"+.040","+0.11","108.6","108.5","+1.68",140.5,-14.5,"2026-02-28","Hit"
"b54d1b2481be6f5fae312c5e57b76a33","Missouri","Mississippi St.",64,88,113.8,104.8,69.4,"+.004","+12.53","117.4","104.9","+1.56","51",120.1,105.2,66.4,"+.082","+10.29","116.1","105.8","-7.47",155.5,1.5,"2026-02-28","Hit"
"7843a76531d124aacd8a825ecedcc899","N.C. State","Notre Dame",96,90,114.8,105.8,65.9,"-.057","+10.73","115.1","104.3","+0.73","27",122.8,101.2,69.4,"-.001","+11.23","115.9","104.7","+4.66",153.5,5.5,"2026-02-28","Hit"
"d4db60aa28ecf5240f08e9542d3d9701","Stony Brook","Hofstra",67,58,115,106.8,65.2,"-.082","-0.06","108.8","108.9","+3.34","222",106,110.7,66,"+.092","-3.02","106.9","109.9","-3.36",139.5,-12.5,"2026-02-28","Hit"
"827a0ed7fad639d0c0a3de00cccda7d2","Air Force","Wyoming",66,62,115.2,107.1,66.4,"-.041","+5.58","112.7","107.1","-4.22","350",96.7,117.5,66.2,"+.005","+4.66","112.0","107.4","-3.98",147.5,-21.5,"2026-02-28","Hit"
"f4b4355f63d221f5d6e55a3a8657c2fa","Georgetown","Xavier",91,84,115.3,107.5,70.3,"-.002","+10.73","114.5","103.7","+1.18","87",114.6,105.4,66.3,"-.065","+9.15","113.6","104.5","-4.49",154.5,-4.5,"2026-02-28","Hit"
"8f7ab41af8fc6a9194289a7a5513d6c9","TCU","Kansas St.",68,77,113.4,106.2,72.5,"-.077","+12.54","116.4","103.9","+0.46","50",113.8,98.6,68,"-.009","+9.51","114.7","105.2","-6.55",157.5,3.5,"2026-02-28","Hit"
"3334a1b949ada499d3b64934247be0d0","Missouri St.","Sam Houston St.",86,81,114.9,107.8,70.4,"+.016","+0.37","109.7","109.3","+6.72","218",107.4,111.5,66,"-.050","-1.73","108.1","109.8","-1.06",154.5,-7.5,"2026-02-28","Hit"
"c12941fca0dfb869fbc9d6fe04b77745","San Francisco","Pacific",61,72,111.4,105.3,64.6,"-.017","+2.75","110.9","108.1","+0.37","132",113.6,110.4,65.8,"+.002","+5.14","111.6","106.5","+1.23",141.5,-3.5,"2026-02-28","Loss"
"e6b2919a39cfe44a4daa00dff3b5422a","Nebraska Omaha","St. Thomas",68,53,115.3,109.3,68.9,"-.019","-4.93","108.0","112.9","-0.70","257",107.9,115.8,67.6,"+.033","-3.00","108.9","111.9","+3.61",157.5,-12.5,"2026-02-28","Hit"
"c0ad8da0dc118fdd55a500ca6dc18abf","UC Santa Barbara","UC Irvine",64,60,104,98.5,68.6,"-.019","-0.12","108.9","109.0","+1.04","130",115.4,111.8,64.3,"-.027","-1.27","107.7","109.0","+0.01",140.5,-2.5,"2026-02-28","Hit"
"bd0ec449b09545e1d8624fd107db13b4","St. Bonaventure","George Mason",71,58,112.7,107.3,64.2,"+.093","-0.34","109.5","109.8","-7.27","141",115.1,113.3,67.3,"-.027","+0.70","109.0","108.3","-3.70",146.5,-4.5,"2026-02-28","Hit"
"84af3fa9bdbdd54213b8564b8563fece","Cal Poly","UC San Diego",80,64,109.6,104.5,67.9,"+.007","-0.94","107.7","108.6","+0.62","207",109.8,113.3,74,"+.029","+1.56","109.4","107.8","+5.82",162.5,-6.5,"2026-02-28","Hit"
"e9aea8e23fccff7ba68da6e028a56f51","Boise St.","Fresno St.",53,69,109.1,104.6,68.5,"-.089","+5.08","112.6","107.5","-2.21","63",116.9,104.3,65.8,"+.026","+9.25","114.6","105.3","+8.53",148.5,7.5,"2026-02-28","Hit"
"71f207e0bad93732fd64c869404e23e7","Tarleton St.","Cal Baptist",82,67,107.5,103.3,65.5,"+.092","-1.05","107.5","108.6","-2.69","208",104.3,107.9,69.5,"-.020","+1.01","108.5","107.5","+4.01",139.5,-7.5,"2026-02-28","Hit"
"e2e177235685f130b156f027808e152b","Nevada","UNLV",85,83,114.9,110.9,70.2,"-.007","+5.29","112.0","106.7","+1.02","68",116.9,104.6,65.6,"+.039","+6.93","112.9","106.0","+3.35",151.5,1.5,"2026-02-28","Hit"
"0638f92a722bebf942780d48c6096f45","North Dakota","North Dakota St.",96,63,112.5,108.6,66.2,"+.043","-4.27","107.6","111.9","-0.25","284",108,118.5,67.3,"+.110","-4.26","107.6","111.8","+0.21",151.5,-12.5,"2026-02-28","Hit"
"ead65f27a82cf0b559ec711fd27da978","East Texas A&M","UT Rio Grande Valley",63,55,111.1,107.4,67,"-.057","-0.21","108.9","109.1","+8.20","288",100.3,110.9,68.7,"+.011","-0.97","108.6","109.5","+7.20",146.5,-10.5,"2026-02-28","Hit"
"884d429ad0bb6846449001883de1bd04","Saint Joseph's","Rhode Island",55,61,108.3,105,65.9,"-.030","+0.93","110.2","109.3","-5.56","135",106.2,103.6,68,"+.073","+0.48","109.4","108.9","-4.94",140.5,-3.5,"2026-02-28","Loss"
"ba279869081dfef0cbeceada1c4257cd","Iowa","Penn St.",71,69,115.2,112.5,67.8,"-.019","+10.17","115.5","105.3","-6.97","23",122.4,99.4,63.2,"-.010","+9.62","114.8","105.1","-6.92",145.5,9.5,"2026-02-28","Hit"
"a0d6e4a58075c977a7b3334570d69c02","Colgate","Navy",85,69,106.8,104.3,65.3,"+.067","-11.45","103.8","115.3","-9.03","247",107.5,114.2,67.1,"+.055","-6.92","106.5","113.4","+5.33",142.5,-6.5,"2026-02-28","Hit"
"540c5e587ebac3a868b5c8d635fdc0ac","Presbyterian","Winthrop",74,70,113.5,111,69.5,"-.006","-4.07","107.6","111.7","+1.67","279",103.4,113.2,64,"-.009","-4.74","107.3","112.0","-1.11",149.5,-8.5,"2026-02-28","Hit"
"2c69f9a24fb4f62061dfa5ff3d159d71","Sacramento St.","Montana St.",82,61,110.5,108.3,66.3,"-.066","+1.09","111.4","110.3","+6.36","258",107.8,115.7,72.3,"-.017","+1.98","111.2","109.2","+9.26",157.5,-9.5,"2026-02-28","Hit"
"b4273ab3781861f17ab0ebde7cbf19a8","Seattle","Loyola Marymount",66,71,106.8,105,67.5,"-.022","+1.56","110.8","109.3","-4.78","118",102.6,97.9,68.3,"+.010","+2.14","111.5","109.3","-2.72",137.5,-0.5,"2026-02-28","Loss"
"92de2eabbf78a45dfd95c17df1783837","UTEP","Western Kentucky",97,65,108.4,106.8,69.8,"+.023","-0.25","110.3","110.6","+1.41","268",102.4,111.2,65,"+.010","+0.46","109.0","108.5","+4.45",142.5,-9.5,"2026-02-28","Hit"
"1367239feaec6a317877fc737559025f","Cleveland St.","Robert Morris",83,64,111.6,110.3,64.9,"+.047","-3.78","109.5","113.2","-1.98","316",110.5,124.5,69.7,"+.027","-1.82","110.0","111.8","+4.38",157.5,-13.5,"2026-02-28","Hit"
"f6094f2daf8f5a58a967c36c8cf8e0a9","Queens","Central Arkansas",84,79,110.6,109.6,68.1,"+.035","-4.92","109.1","114.0","+6.65","193",116.4,118.6,69.7,"+.054","-5.95","108.9","114.9","+6.46",164.5,-2.5,"2026-02-28","Hit"
"b5c8b38b72bb3629c28711fc42a3507b","Detroit Mercy","Oakland",89,95,115.5,114.5,70,"+.045","+0.83","111.1","110.2","+17.76","246",107.7,114.3,69.2,"+.075","-2.17","109.7","111.8","+7.86",162.5,-7.5,"2026-02-28","Loss"
"da85d61b8892d0e6849bbeb9f6712631","Massachusetts","Bowling Green",81,62,106.9,106.3,68.5,"-.096","-2.91","108.7","111.6","-5.43","196",108.9,111.4,70.2,"-.086","-4.06","107.7","111.8","-5.91",151.5,-5.5,"2026-02-28","Hit"
"e7ecc1829d64c2ebfe7ee08e2d8c2553","Florida St.","Georgia Tech",71,80,107.6,107.5,71.1,"-.018","+5.60","111.7","106.1","-9.74","73",116.2,104.8,71,"-.037","+10.94","114.9","104.0","-2.74",159.5,5.5,"2026-02-28","Hit"
"29db9263419fd935bf8e57b0514853da","Northern Arizona","Eastern Washington",88,57,113.1,113.1,67.8,"-.044","+2.27","111.0","108.7","+8.13","306",106.2,119.4,63.9,"+.040","-0.83","109.9","110.7","+0.24",148.5,-9.5,"2026-02-28","Hit"
"19b73da8a27844d8d39634425f3261fe","Brown","Cornell",86,80,118.5,118.5,71.5,"-.046","-0.87","108.9","109.8","-0.74","282",98.3,108.4,66.5,"-.048","-3.96","108.1","112.1","-8.12",158.5,-9.5,"2026-02-28","Hit"
"1214502fd225ce7a50895ab9b37c5275","Northern Colorado","Idaho",67,76,109.3,109.5,67.9,"-.039","-1.09","110.0","111.1","+1.70","162",111.6,111,68.7,"-.007","-1.80","110.1","111.9","+0.00",154.5,-2.5,"2026-02-28","Loss"
"228efcf2787f0b7fa5c68b935ce3a158","Delaware","Kennesaw St.",90,82,110.2,110.5,71.3,"+.010","-1.98","108.4","110.4","-5.61","275",105.4,114.9,62.9,"-.008","-2.50","107.8","110.3","-6.12",144.5,-11.5,"2026-02-28","Hit"
"d95e4d646b574fde08aab89cd1d96580","Harvard","Penn",64,61,108,108.5,69,"+.037","-0.61","110.0","110.6","+0.42","152",108.1,107.1,62.7,"+.014","-3.36","108.3","111.7","-4.47",137.5,-1.5,"2026-02-28","Hit"
"a8ac628af40e4456b7ca82b317954a39","Hawaii","Cal St. Fullerton",85,87,109.9,110.7,72.9,"+.043","+1.59","110.3","108.8","+7.05","109",106.1,100.5,69.9,"+.029","-3.15","107.4","110.6","-10.72",157.5,2.5,"2026-02-28","Loss"
"0505f02d071620e6d86393f76edfcefc","New Mexico St.","Middle Tennessee",86,85,109.5,110.4,65.7,"-.018","+1.95","110.4","108.5","+12.37","184",110.6,112,67.1,"-.092","-0.68","108.5","109.2","+1.57",146.5,-4.5,"2026-02-28","Hit"
"c1c891447e483c129a271d934e32401c","Campbell","Towson",71,67,103.8,105,64.1,"+.006","-0.16","109.9","110.0","+3.64","200",110.1,112.7,69.9,"+.012","+1.93","110.3","108.3","+7.65",142.5,-4.5,"2026-02-28","Hit"
"d27d6b34f6077260ffc7b0ed60f4922b","Wright St.","Northern Kentucky",91,92,107.5,108.6,69.9,"-.014","-4.54","110.1","114.6","-3.06","157",111.4,110.5,67,"-.013","-3.56","110.0","113.6","+1.22",152.5,-2.5,"2026-02-28","Loss"
"f1ecb67cf795fa7cbd8f0a92a046b45a","McNeese","New Orleans",63,66,111.1,112.3,70,"+.065","+1.95","109.5","107.5","+15.29","67",115.6,103.3,66.6,"+.068","-1.86","107.9","109.7","+10.16",152.5,8.5,"2026-02-28","Loss"
"16e87ff164bf99fcbbbfd396475f38d1","Portland St.","Montana",74,68,107.4,108.7,69.2,"+.009","-0.22","111.3","111.5","+5.33","156",103.6,102.7,67.6,"+.041","-1.33","110.6","111.9","+1.92",143.5,-1.5,"2026-02-28","Hit"
"a62a85e46561af618aeb21fac9bc5a50","East Tennessee St.","Mercer",82,76,112.2,113.7,69.4,"-.017","-4.54","108.7","113.2","+5.61","136",110.7,108.1,66.5,"-.032","-7.88","106.7","114.5","-3.63",151.5,-1.5,"2026-02-28","Hit"
"726c5390326cb8e5e8cc241006f052be","Yale","Columbia",54,60,109.6,111.2,66.9,"+.039","-3.93","108.2","112.1","-4.94","81",121.7,111.5,64.9,"+.065","-0.74","109.0","109.8","+1.91",151.5,5.5,"2026-02-28","Hit"
"f96f283175268b9ab52f591568fb2cca","Central Michigan","Buffalo",70,75,113.4,115.3,66.8,"-.033","-3.73","107.5","111.2","-6.91","269",106.3,115.2,67.3,"-.114","-1.74","108.3","110.0","+1.53",150.5,-6.5,"2026-02-28","Loss"
"ef70b301ac6ffc897e761bd2d4984bf5","Tennessee St.","Tennessee Martin",42,67,102.8,105.4,64.6,"+.031","-8.76","102.9","111.7","-0.28","226",109,114.3,70.6,"+.087","-7.93","103.5","111.4","+6.31",143.5,-2.5,"2026-02-28","Loss"
"11236c149093fe1463f0e7c43a4b4db8","Elon","Monmouth",73,57,105.7,108.6,67.5,"+.007","-2.29","107.1","109.3","-3.58","210",113.1,116.7,67.2,"-.031","-2.17","108.5","110.7","-1.96",153.5,-2.5,"2026-02-28","Hit"
"4c2f04274867b958b3636df8a28353fa","Liberty","Jacksonville St.",78,81,106.3,109.5,65.2,"-.040","-2.66","107.8","110.4","-5.19","112",117.4,112,64.2,"+.168","-1.23","108.1","109.3","+1.21",139.5,3.5,"2026-02-28","Loss"
"7ecf8dac7861139d20f77d1b5483ee7d","UNC Greensboro","Samford",87,78,110.1,113.5,67,"+.014","-5.02","108.4","113.4","+0.94","301",108.3,120.8,67.7,"+.061","-4.93","108.4","113.3","+0.38",156.5,-9.5,"2026-02-28","Hit"
"7279ae3a35cf4efea5961c1b3f071795","San Diego","Portland",87,74,106,109.6,68.5,"+.044","+5.10","112.1","107.0","+0.61","225",108.6,113.7,68.8,"+.003","+2.69","110.5","107.8","-1.76",148.5,-3.5,"2026-02-28","Hit"
"ea9c80f892d6f2840359c32209353549","Youngstown St.","Green Bay",85,63,112.5,116.2,63.1,"+.066","-1.12","111.0","112.2","+6.94","199",106.9,109.6,67.3,"-.109","-4.39","109.4","113.7","-2.08",142.5,-1.5,"2026-02-28","Hit"
"baa81cdc1d02054bf0b654fb6104808a","Fairleigh Dickinson","LIU",74,60,105.5,109.4,68.4,"+.093","-8.23","104.7","113.0","+2.44","334",101.3,118.6,64,"-.000","-8.69","103.9","112.6","+6.27",137.5,-9.5,"2026-02-28","Hit"
"ce7edd7b4503460da905a2d71e7d881a","Toledo","Ohio",67,79,107.8,112.3,68.7,"+.063","-1.40","108.8","110.3","+1.60","158",114.2,113.3,68.4,"-.049","-1.17","109.5","110.7","+2.59",159.5,-1.5,"2026-02-28","Loss"
"72cd8a1260a3ef880b65092f0f68f2fa","Colorado St.","San Jose St.",73,85,110.8,116.3,64.9,"-.013","+7.11","113.0","105.9","+1.93","86",120,110.7,62.5,"+.037","+4.27","112.3","108.0","-2.12",145.5,8.5,"2026-02-28","Hit"
"985e382f2a72c2d2e9eee722fcc8f834","Tennessee Tech","Southeast Missouri",89,73,102.5,108.1,69.3,"+.031","-6.91","104.7","111.6","+5.59","303",102.4,115.1,67,"-.025","-7.44","104.0","111.4","+3.83",141.5,-7.5,"2026-02-28","Hit"
"4f2cb7b65b0d9edb009e8c5a7a028e07","Weber St.","Idaho St.",73,83,111.2,116.8,65.1,"-.036","+0.70","110.0","109.2","+4.62","191",112.2,114.3,68.6,"-.037","-2.05","108.5","110.5","-0.45",153.5,-2.5,"2026-02-28","Loss"
"9464f98c37437fd016c1068cf1573c91","Charleston Southern","UNC Asheville",75,92,104.9,110.8,64.7,"-.022","-3.23","108.6","111.8","+1.25","255",105.1,112.6,71.6,"-.084","-6.23","106.3","112.5","-4.91",149.5,-4.5,"2026-02-28","Loss"
"bf5f43636b3a19a61a3bb0bfcc91720c","FIU","Louisiana Tech",76,84,100.2,106.2,64.6,"+.071","-2.96","108.0","111.0","-6.97","205",106.7,110.1,72,"-.031","-0.43","109.6","110.0","+0.22",144.5,-2.5,"2026-02-28","Loss"
"995ee3cec18aac0596b1bf220639ea6b","The Citadel","Wofford",90,93,110.1,116.1,68,"+.108","-6.24","108.6","114.9","-3.89","353",98,120,64.5,"+.001","-5.17","108.2","113.4","-1.40",148.5,-12.5,"2026-02-28","Loss"
"a7781091bccdf791848c91b9108a534e","Boston University","American",65,68,106.1,112.3,66.9,"+.005","-7.80","105.1","112.9","+0.48","261",112.4,120.5,63.4,"-.069","-8.91","104.2","113.1","-3.99",142.5,-2.5,"2026-02-28","Loss"
"583ea21cf7a35280c8f88e52669ead8f","Southeastern Louisiana","Nicholls",68,60,106.8,113.2,68.6,"+.048","+0.92","109.3","108.4","+10.48","291",99.8,110.8,65.3,"-.017","-0.55","108.5","109.0","+6.01",140.5,-4.5,"2026-02-28","Hit"
"3ff3e7c22e65580d3dc42a5b10cb6c56","Furman","Western Carolina",86,67,109.1,116.3,68.2,"-.018","-3.34","109.0","112.3","+10.21","188",106.7,108.5,66.2,"-.019","-5.97","108.4","114.4","-0.14",149.5,-1.5,"2026-02-28","Hit"
"3712fe126378511dfdc526c4f5dc8541","Dartmouth","Princeton",82,61,105.4,113.4,63.5,"-.074","-1.04","109.3","110.3","-0.91","254",105.3,112.6,69.6,"-.003","-1.83","108.8","110.6","-3.75",143.5,-1.5,"2026-02-28","Hit"
"3cb3d2347de37e170659af364d669648","Eastern Illinois","SIUE",77,50,98.7,106.7,64.7,"+.017","-9.79","103.5","113.3","-7.36","319",96.3,110.7,65.9,"+.034","-5.85","105.5","111.3","+12.97",130.5,-5.5,"2026-02-28","Hit"
"f25e3febcad99afdec181418c3437b7c","CSUN","UC Riverside",95,84,102.8,111.1,68.5,"-.060","+1.71","110.1","108.4","+6.56","155",109.1,108.1,73.5,"+.085","+0.56","109.0","108.5","+1.23",156.5,4.5,"2026-02-28","Hit"
"cf6bd57f5cc4f15db2db8721e00a928e","Utah Tech","Southern Utah",81,67,105.4,113.8,70.4,"-.033","+2.94","109.5","106.6","+6.09","176",111,111.9,66.3,"+.116","+1.03","107.7","106.7","+3.99",156.5,1.5,"2026-02-28","Hit"
"a3e6f537cc1dcf3bdd723ec01ffa4f0e","Washington St.","Pepperdine",88,79,105.4,114.1,68.4,"-.024","+3.83","110.9","107.0","-1.98","128",115.4,111.7,67.6,"-.081","+6.19","111.8","105.6","+5.51",156.5,7.5,"2026-02-28","Hit"
"d8510b124143853c78552352aaa81717","Lamar","Incarnate Word",72,60,108.5,117.5,65.7,"-.026","-0.87","108.3","109.2","+6.97","216",105.1,109.2,65.4,"-.101","-2.21","107.5","109.7","-0.06",142.5,1.5,"2026-02-28","Hit"
"ef4925054929685371271f770e460277","Northeastern","Hampton",76,65,102.1,111.6,65.2,"-.004","-3.18","106.6","109.8","-6.57","286",106.6,117.2,69.7,"-.046","-0.33","109.5","109.9","-0.31",146.5,-4.5,"2026-02-28","Hit"
"415664b885403e816084128bbd25fb2a","William & Mary","North Carolina A&T",88,91,105.8,115.4,68.6,"-.014","-3.18","107.7","110.9","-8.45","133",111.5,108.4,73,"-.030","-0.99","108.9","109.9","+1.53",163.5,6.5,"2026-02-28","Loss"
"7cb8830d6730e3cdf3a42e12c62b458a","Radford","Longwood",90,74,103,112.7,68.5,"-.024","-7.71","105.3","113.0","-10.12","239",106.9,113.1,70.6,"-.021","-6.64","106.6","113.3","-5.78",153.5,1.5,"2026-02-28","Hit"
"11ab0191fe0eba41d3b22162e1872ae5","Bethune Cookman","Southern",79,82,104,113.9,70.4,"+.029","-4.62","106.8","111.5","+15.40","234",103.5,109.3,69.3,"+.088","-6.42","105.7","112.2","+14.50",151.5,-1.5,"2026-02-28","Loss"
"b1fd0c4af77164dde4b60bc6322a5a6c","South Dakota St.","South Dakota",75,70,104.7,114.8,70.2,"+.048","-5.29","107.8","113.1","-3.76","211",108.4,112.1,67.1,"-.105","-3.23","108.1","111.3","+2.54",150.5,2.5,"2026-02-28","Hit"
"1ade815f07b87487aa9a295384271683","Austin Peay","Bellarmine",111,97,115.7,126,64.1,"-.035","-4.21","109.2","113.4","+2.85","148",108.7,107.5,69,"+.047","-6.04","108.6","114.6","+2.50",156.5,4.5,"2026-02-28","Hit"
"d69ea569fe3ee84d42555e11da383f09","Lipscomb","Eastern Kentucky",77,80,109.2,119.7,67.8,"-.009","-3.05","109.6","112.6","+3.73","181",107.9,109.1,70,"+.027","-4.78","109.1","113.9","+5.40",158.5,2.5,"2026-02-28","Hit"
"a3eab645bcae5ae79f3b3c85b1b8f521","Florida A&M","Grambling St.",59,66,98.6,109.4,67.8,"-.041","-7.50","104.4","111.9","+2.15","320",98.1,112.7,68.3,"+.055","-7.87","104.8","112.7","+7.71",139.5,-5.5,"2026-02-28","Loss"
"b50b1a8f35db0c7e091052688e1a9cce","Gardner Webb","USC Upstate",71,61,100.3,111.6,68,"+.038","-3.35","107.6","111.0","-0.89","362",96.8,124,69.7,"-.020","-0.17","109.7","109.8","+6.20",152.5,-12.5,"2026-02-28","Hit"
"949d70d2b9e50ebb5aed63dbdd72fb94","VMI","Chattanooga",86,79,104.4,116,67.5,"-.030","-5.48","108.7","114.1","-3.02","360",98.5,124.7,67,"-.006","-4.80","108.6","113.4","-1.56",153.5,-11.5,"2026-02-28","Hit"
"a17d177a3bd0cb9bd04941853bb82f2e","Stephen F. Austin","Houston Christian",56,77,103.9,115.8,64,"+.060","-2.12","107.9","110.0","-1.45","91",112.9,104.3,66.2,"-.005","-3.93","106.3","110.2","-3.41",138.5,8.5,"2026-02-28","Hit"
"ee4dc845b8ebae24dc9ad1b2c8e928e4","Bucknell","Lehigh",89,79,102.2,114.1,67,"+.069","-6.96","105.9","112.8","-0.59","335",97.5,115.1,67.1,"+.023","-5.75","107.3","113.1","+1.68",140.5,-5.5,"2026-02-28","Hit"
"6c7115aaca22b7f3b0787af3221437ef","Saint Francis","Central Connecticut",69,64,105.8,117.7,65.5,"+.117","-9.95","102.9","112.8","-1.87","354",99.9,122.6,70.3,"-.017","-6.58","105.3","111.8","+7.22",155.5,-8.5,"2026-02-28","Hit"
"09534643e4361ed63a1e595fe220de14","Alabama St.","Alabama A&M",88,89,102.7,115.1,65.5,"+.087","-9.77","103.2","113.0","-2.02","307",100.1,113.3,69.6,"-.070","-4.88","105.4","110.3","+9.07",141.5,-1.5,"2026-02-28","Loss"
"5b70f91917ca0fdc9770bea460392b7d","Jackson St.","Texas Southern",82,57,103.3,116,69.1,"-.016","-6.75","105.1","111.8","+13.83","340",100.7,119,69.8,"+.075","-3.89","106.9","110.8","+13.55",151.5,-5.5,"2026-02-28","Hit"
"95b106c3c0f61df0d8a82120306fb9e7","North Alabama","West Georgia",75,63,102.8,116,69.1,"+.069","-5.46","109.1","114.6","+0.21","342",100.8,119.4,65.1,"+.064","-4.07","109.5","113.6","+2.96",144.5,-5.5,"2026-02-28","Hit"
"4aa788eb23155ef7882430e53da53230","Valparaiso","Evansville",80,79,101.1,114.3,67.1,"-.028","+5.26","111.7","106.4","+4.03","146",108.8,107.2,65.1,"+.057","+1.67","109.8","108.1","-5.43",137.5,4.5,"2026-02-28","Hit"
"4497ef5a3526674843f5fcb35d94eee1","Southern Indiana","Little Rock",89,70,103,116.3,66.5,"-.024","-5.43","104.4","109.9","+4.76","336",95.6,113.4,67.6,"-.111","-7.88","104.0","111.9","-1.26",140.5,-6.5,"2026-02-28","Hit"
"c6ffab6e3ef3d9e359a5e998e5db372d","Purdue Fort Wayne","IU Indy",81,87,105.7,119.3,73.3,"-.027","-2.53","109.5","112.0","-0.69","256",105.9,113.8,68.2,"+.120","-1.20","110.6","111.8","+8.50",161.5,1.5,"2026-02-28","Hit"
"1fe9a07e92e35cb933abd00df1999f54","UMBC","UMass Lowell",60,84,103.2,116.8,69.4,"-.008","-8.52","104.3","112.8","+2.52","232",105.8,111.6,66.3,"+.060","-13.99","101.5","115.5","-6.71",148.5,1.5,"2026-02-28","Hit"
"573b7136128619f524b8542afed6a3f3","Richmond","Loyola Chicago",69,66,103.2,116.8,66.2,"+.040","+2.57","110.4","107.8","-4.41","138",112.7,110.2,68,"-.047","+0.57","110.1","109.5","-8.41",146.5,5.5,"2026-02-28","Hit"
"f0f030e0a75daad2442cdb935f594ffa","Ball St.","Northern Illinois",43,79,98.7,112.7,67.4,"+.008","-0.94","109.4","110.4","+2.38","325",97.3,112.2,63.7,"+.044","-2.85","108.8","111.7","-6.40",132.5,-1.5,"2026-02-28","Loss"
"02865c0a1af937a1a9c39361a7e7a9d2","Mississippi Valley St.","Arkansas Pine Bluff",69,70,104,118.1,68.9,"+.093","-2.85","107.7","110.5","+15.10","365",89.4,122.1,67.2,"-.036","-5.78","106.2","111.9","+6.08",147.5,-13.5,"2026-02-28","Loss"
"df992d774d1dc1f188deb1bc4345995f","Chicago St.","Wagner",80,61,102.8,117.3,65.6,"+.016","-8.57","103.6","112.2","+5.73","347",99,118.4,65.4,"-.025","-4.29","106.2","110.4","+11.52",136.5,-5.5,"2026-02-28","Hit"
"8313e468b61a2e128a10a6479de1680e","Alcorn St.","Prairie View A&M",72,51,101.4,116,72.5,"-.005","-7.66","104.9","112.5","+9.53","338",100.2,118.4,67.3,"+.023","-2.77","107.2","110.0","+12.79",154.5,-5.5,"2026-02-28","Hit"
"0d1f950e826ef99525782c9278b8e088","Florida Gulf Coast","Stetson",78,63,104.4,119.3,67.1,"+.012","-3.19","109.2","112.4","+4.38","252",106.9,114.1,68.1,"-.019","-5.30","108.7","114.0","+0.28",150.5,2.5,"2026-02-28","Hit"
"8081f7692381f1050f90339d990e82f6","New Hampshire","Albany",84,61,103.3,118.5,65.3,"-.071","-6.29","105.7","112.0","+4.70","346",95.2,114.6,67.7,"-.022","-7.15","105.0","112.2","+6.14",140.5,-2.5,"2026-02-28","Hit"
"680dc77669b7b56e99642227840d9542","Army","Lafayette",83,77,100.5,115.8,66.6,"+.006","-6.58","106.0","112.6","-1.17","337",101.3,119.4,67,"+.059","-7.35","106.1","113.5","-1.79",142.5,-4.5,"2026-02-28","Hit"
"865138e99e12ec418e0cb083f380ed83","Long Beach St.","Cal St. Bakersfield",87,88,101.5,116.8,69.8,"+.037","+1.20","108.6","107.4","+0.31","248",105.6,112.4,68.3,"-.052","+1.71","109.3","107.6","+5.03",154.5,4.5,"2026-02-28","Loss"
"f9de13e4b45a594170c0f4a291239f85","Jacksonville","North Florida",61,85,107.9,124,70.3,"-.028","-2.30","109.2","111.5","+8.08","304",102.6,115.4,63.2,"-.011","-3.21","109.3","112.5","+5.06",150.5,1.5,"2026-02-28","Hit"
"0bc16c6d6a309636768b10ad2a6f5705","Loyola MD","Holy Cross",62,76,101.4,117.5,65.7,"-.010","-6.07","106.6","112.6","+0.73","329",103.5,119.2,68.6,"-.027","-9.23","104.0","113.2","-6.70",149.5,-1.5,"2026-02-28","Loss"
"8ea3629dcc363c5d9fc815c424ad75eb","Le Moyne","New Haven",66,59,96.5,113.1,63.3,"+.029","-8.58","103.7","112.3","+3.79","290",102.7,113.5,69.6,"-.001","-10.11","103.7","113.8","-1.85",135.5,1.5,"2026-02-28","Hit"
"eba2eb894f91361c59622bf39ad82423","Mercyhurst","Stonehill",72,75,91.7,110,66.1,"+.006","-9.95","103.7","113.6","-2.50","287",102.1,112.7,64.5,"-.044","-9.95","103.9","113.9","+0.54",135.5,1.5,"2026-02-28","Hit"
"d9f3b61992128ebc0e0b6eba0ace9cc7","South Carolina St.","Maryland Eastern Shore",69,57,95.5,115,62.9,"-.032","-5.54","105.8","111.4","+5.35","358",95.7,120.7,68.3,"+.006","-6.46","105.5","112.0","+4.17",136.5,-6.5,"2026-02-28","Hit"
"3eb65f6ad123f0fa342b1ed9c3b7b168","Howard","Morgan St.",59,84,100.9,121.5,70.9,"+.093","-10.64","102.1","112.7","-1.39","217",102.6,106.7,69.2,"-.038","-12.41","102.0","114.4","-1.44",155.5,8.5,"2026-02-28","Hit"
"d7fe2135d78ff398fdfcd8878d9fb5b2","Oral Roberts","Kansas City",70,94,92.7,115.5,69.8,"-.024","-0.11","111.6","111.7","+6.15","323",100.8,115.6,67.6,"-.022","-0.32","111.3","111.6","+5.41",147.5,4.5,"2026-02-28","Hit"
"29ac69a99f4a4fe1c5347b485c04a757","NJIT","Bryant",69,52,96.6,120.2,64.6,"+.025","-6.79","104.5","111.3","+3.13","318",99.6,113.7,68,"+.120","-8.22","104.3","112.6","+1.36",139.5,2.5,"2026-02-28","Hit"
"34f1a52d0f88faf319b0bbc031e64422","Maine","Binghamton",74,67,97.4,123.2,65.3,"-.029","-11.24","102.7","113.9","-7.84","344",92.8,112.1,64.8,"-.015","-7.80","104.9","112.7","-0.98",132.5,-1.5,"2026-02-28","Hit"
"de1c6e0373f7b00d40fc8aab23db7b74","North Carolina Central","Delaware St.",60,74,88.5,115.1,66.6,"-.037","-8.43","103.8","112.3","+1.35","352",99.5,121.1,66.2,"+.044","-6.12","105.1","111.3","+10.20",135.5,1.5,"2026-02-28","Hit"
"16e3462bb3e4bbf4e3592c26ee12486b","Lindenwood","Western Illinois",69,91,93,120.8,66.8,"-.057","-7.04","104.3","111.3","-1.33","271",101.3,110.3,72.5,"+.028","-7.61","103.7","111.3","+2.97",148.5,9.5,"2026-02-28","Hit"
"01d699ee80439195d703c5c7371a17ed","Norfolk St.","Coppin St.",69,75,92.2,120,68.4,"+.060","-6.62","104.9","111.5","+3.50","311",101.3,114.7,68,"-.002","-9.97","102.4","112.4","+1.01",142.5,8.5,"2026-02-28","Loss"
"8b33c975c44f4ea2985e67ce72cfa3c6","Purdue","Ohio St.",82,74,122.3,103,66.2,"-.040","+12.54","116.0","103.5","-1.16","7",129.7,98.5,65.1,"-.005","+14.34","117.8","103.5","+6.91",150.5,6.5,"2026-03-01","Hit"
"0906ad39e4817298cf460daa70cb0dfd","Michigan St.","Indiana",64,77,120.9,103,66.1,"-.018","+11.07","115.7","104.7","-4.53","10",121.4,92.3,65.6,"+.018","+12.84","117.9","105.0","+3.65",144.5,2.5,"2026-03-01","Hit"
"5997c08b8bc9bda09d34110008196f3d","Tulane","South Florida",90,62,117.3,102.7,71.4,"-.031","+4.42","112.0","107.6","+5.54","191",108,110.2,66.7,"+.143","-0.11","108.3","108.4","-3.41",155.5,-14.5,"2026-03-01","Hit"
"21290158d4158b60465d5ed989ac46e6","DePaul","Marquette",51,62,112.8,104.6,68.7,"-.115","+11.03","115.6","104.6","+2.16","101",108.8,101.7,65.9,"-.001","+7.50","113.5","106.0","-10.10",142.5,-4.5,"2026-03-01","Loss"
"72956adb311374c8fa2dadcc3f8f28b7","Belmont","Illinois St.",81,74,110.7,103.5,66.8,"-.024","+1.11","109.8","108.6","-2.29","55",121.2,106.8,68.9,"+.024","-0.14","108.1","108.3","-4.26",150.5,-1.5,"2026-03-01","Hit"
"db9611421b58e0773c99d249ed0b0c80","Charleston","UNC Wilmington",76,79,113,106.1,64.7,"+.039","-4.73","106.3","111.1","-7.80","156",107.9,107.1,67.7,"+.080","-2.02","109.2","111.3","-0.99",144.5,-4.5,"2026-03-01","Loss"
"727d266b5023243b5473f4adb6171172","La Salle","Davidson",71,64,111.4,105.2,63.3,"+.025","+3.43","110.8","107.3","+0.54","229",103.7,109.1,64.7,"-.039","+5.83","112.2","106.4","+4.17",134.5,-10.5,"2026-03-01","Hit"
"c3dc0cb74d79c8a1cbbdee09b68bc06e","North Texas","UAB",58,62,109.8,105.3,68.9,"+.018","+0.33","109.5","109.2","-4.87","142",104.5,102.7,64.9,"-.013","+1.07","110.1","109.0","-0.01",141.5,-4.5,"2026-03-01","Loss"
"618fb552dd512ab869c74edc002a5613","Charlotte","Florida Atlantic",77,76,111.2,106.8,69.5,"-.055","+2.36","110.5","108.2","+3.32","189",113.2,114.9,63.5,"+.028","-0.42","109.1","109.5","+0.22",148.5,-7.5,"2026-03-01","Hit"
"7ee8cab6db50bfa0f97ac6fb9ca42508","Rutgers","Maryland",65,69,111.9,108,66.2,"+.033","+14.37","117.3","103.0","+1.21","151",110.6,109.5,65.8,"+.028","+10.89","114.9","104.0","-7.32",141.5,-5.5,"2026-03-01","Loss"
"048fc4fcf5a6d5f315c0313ea752c931","Murray St.","Bradley",87,78,111.5,107.9,67.1,"+.039","+0.95","109.2","108.2","-4.50","115",116.7,111.7,71.2,"+.062","+1.16","109.9","108.8","-3.13",158.5,-4.5,"2026-03-01","Hit"
"645c655ce68499ecb9e38c81cfacfaa8","Rice","Temple",74,80,112,112.3,64.7,"-.028","-1.22","107.6","108.8","-2.67","237",108.5,114.6,65.3,"-.002","+0.46","109.4","108.9","-1.69",141.5,-7.5,"2026-03-01","Loss"
"974c5a1d9e803ee972980141fd3b8867","Saint Peter's","Marist",56,63,100.2,102.6,66,"-.012","-8.73","104.6","113.4","-6.65","252",103.5,110.6,65.5,"+.057","-7.93","104.7","112.7","-0.37",133.5,-3.5,"2026-03-01","Loss"
"9d66000724539fda0404eb160d1eb8d3","Northern Iowa","Drake",53,75,110.4,113.5,67.3,"-.088","+1.91","109.5","107.6","-3.39","86",108,98.5,62.1,"-.090","+1.80","109.8","108.0","-0.69",139.5,4.5,"2026-03-01","Hit"
"3f83ad0acdb189fc69f3615b376d0b53","Rider","Siena",76,61,107.4,110.6,64.5,"-.007","-8.51","103.9","112.4","-7.12","357",95.6,120,65.6,"-.025","-4.85","106.3","111.1","+11.41",137.5,-15.5,"2026-03-01","Hit"
"122cf6a631bbeb6dff238312f0939b5d","Illinois Chicago","Indiana St.",79,63,106,110.3,68.1,"-.101","+1.64","108.8","107.2","-5.84","105",110.3,103.8,66.1,"-.074","+1.68","110.3","108.6","-2.33",143.5,3.5,"2026-03-01","Hit"
"85fb38a9d32c4060ba8411667bee81fa","Mount St. Mary's","Fairfield",47,69,108.2,115.5,66.9,"+.079","-8.86","103.3","112.2","-7.88","289",99.7,110.8,67.6,"+.047","-7.06","104.5","111.5","+1.15",144.5,-4.5,"2026-03-01","Loss"
"805d7efd32e359a3926b43dee552c496","Memphis","East Carolina",84,68,102.8,111,68.4,"-.003","-0.89","109.6","110.5","-2.53","118",107,102.3,69.9,"-.058","+6.56","113.2","106.7","+11.14",150.5,4.5,"2026-03-01","Hit"
"3e9c9dee119a2c08c21e2c5a16621e62","Southern Illinois","Evansville",67,81,101.7,114.5,67,"-.007","+5.05","111.5","106.4","+4.47","117",103.8,98.9,69.2,"-.087","+3.12","110.6","107.5","+1.20",138.5,8.5,"2026-03-01","Hit"
"7b3de2cf6175e85d251f48b501b0e157","Iona","Manhattan",65,69,106.3,122.5,67.6,"+.071","-7.49","103.7","111.2","-2.62","250",104.6,111.6,68.5,"+.038","-7.97","104.3","112.3","-2.48",150.5,2.5,"2026-03-01","Hit"
"8719695c7a3931a5a82f1935788f8461","Wichita St.","UTSA",67,84,100.1,118.4,68.3,"+.002","+2.02","110.3","108.2","+2.55","90",112.6,103.7,66.1,"-.046","+1.57","110.4","108.8","-1.89",149.5,14.5,"2026-03-01","Hit"
"6a9fa674fa379e7897e7d505b21ba562","Merrimack","Niagara",66,73,99,117.6,61.9,"-.032","-7.77","104.6","112.3","-3.41","173",107.7,108.6,63.2,"+.117","-5.02","105.8","110.8","+3.64",127.5,8.5,"2026-03-01","Loss"
"069de5e9ea7f11e2b6dde84fec234c26","Quinnipiac","Canisius",63,67,95.1,114.5,64.1,"+.030","-7.22","105.3","112.5","-2.61","214",104,108,69.6,"+.033","-6.87","105.2","112.0","+1.55",138.5,7.5,"2026-03-01","Loss"
"c9d05cefd0f5835d6188e9134c2cb9e7","Iowa St.","Arizona",73,57,127,89.9,70.1,"+.008","+13.45","117.4","103.9","+4.07","7",124,93.8,66.5,"+.007","+10.52","114.9","104.4","-3.45",147.5,-7.5,"2026-03-02","Hit"
"6a8a2e7facbf790491cf74214c3a2545","Duke","N.C. State",64,93,123.2,102.4,69,"-.016","+11.32","116.2","104.9","+4.63","1",127.9,88.3,65.4,"+.034","+13.66","117.0","103.3","+11.37",147.5,9.5,"2026-03-02","Hit"
"299f94d4954543f7dbfd76fe8df3d7e5","Northwestern St.","UT Rio Grande Valley",74,62,111.2,107.6,66.3,"-.048","-0.83","108.5","109.3","+8.36","276",103.7,113.2,64.9,"-.012","-0.86","108.0","108.9","+7.90",137.5,-9.5,"2026-03-02","Hit"
"2b813dd7968ec994bc71b81481872c9e","Montana","Northern Colorado",85,57,111.9,110.7,68.4,"-.004","-1.58","110.1","111.7","+0.21","175",107.6,108.6,69,"+.022","-0.54","110.8","111.4","+5.18",153.5,-6.5,"2026-03-02","Hit"
"30212d0222de6b8da56d291ba4f98d9f","Idaho","Eastern Washington",81,85,113.5,112.7,67.5,"-.062","+1.46","110.9","109.4","+7.87","173",108.8,109.8,67.6,"-.046","-1.40","110.0","111.4","+1.26",150.5,-3.5,"2026-03-02","Loss"
"f2f30168914e7b87cb9c5d54c620059e","Weber St.","Portland St.",84,60,103.5,102.8,67.5,"+.027","-1.19","110.6","111.7","+1.86","186",112.6,114,68.4,"-.029","-2.17","108.7","110.8","-0.70",145.5,-4.5,"2026-03-02","Hit"
"f7b3678e31309aae06016924d2302413","Southeastern Louisiana","New Orleans",78,82,110.9,111.9,69.6,"+.051","+1.99","109.6","107.6","+14.80","291",99.5,110.8,65.1,"-.021","-0.71","108.5","109.2","+5.72",143.5,-7.5,"2026-03-02","Loss"
"a7131a2f38d3d9c67e4b4cf823d5bb8d","East Texas A&M","Texas A&M Corpus Chris",84,71,103.9,105.4,66.5,"+.016","+0.74","109.7","109.0","+17.17","287",100.4,111,68.1,"+.004","-0.67","108.8","109.5","+7.20",136.5,-7.5,"2026-03-02","Hit"
"4c5f22af34a4fd3c2872da13d2223fd3","Coppin St.","Howard",90,70,103,106,68.9,"-.037","-12.54","102.0","114.6","-1.14","363",92.7,120.3,68,"+.050","-7.02","104.8","111.8","+3.64",136.5,-19.5,"2026-03-02","Hit"
"22001581ea30cc30185d1b00d28797de","McNeese","Nicholls",65,75,106.6,113,68.4,"+.055","+0.10","108.8","108.7","+9.93","69",115.2,103.1,66.2,"+.077","-1.73","108.1","109.8","+9.91",144.5,11.5,"2026-03-02","Loss"
"2d2386135f44c9b2a7f4e30d932c3c7c","Stephen F. Austin","Incarnate Word",68,76,108.7,117.2,65.5,"-.023","-1.45","108.0","109.5","+6.74","88",113.4,104.1,66,"-.007","-4.13","106.3","110.4","-3.21",144.5,8.5,"2026-03-02","Loss"
"f52cc2a12e4a420f32a90b3162910c80","Idaho St.","Sacramento St.",83,65,107.5,116.1,71.8,"-.013","+2.10","111.3","109.2","+8.79","238",110.9,117.1,64.9,"-.041","+0.27","110.0","109.8","+4.25",160.5,-1.5,"2026-03-02","Hit"
"8a70b2f5ecb25a5ea3655c91da1dc04a","Lamar","Houston Christian",75,53,103.8,116.1,63.8,"+.061","-1.84","108.1","109.9","-1.19","223",104.6,109.5,65.3,"-.099","-2.31","107.6","109.9","-0.21",132.5,1.5,"2026-03-02","Hit"
"c73cc94c197305513ba19dc90c01bfa0","Montana St.","Northern Arizona",65,76,105.8,120.1,63.7,"+.040","-0.63","110.1","110.8","+0.17","135",110.9,108,65.9,"-.075","+0.50","111.3","110.8","+6.44",142.5,6.5,"2026-03-02","Hit"
"d5a302d9b1fa62b3b31d1a4b185b53c5","IU Indy","Cleveland St.",101,93,110.2,124.6,69.3,"+.029","-1.54","110.4","111.9","+4.18","312",106,119.5,72.8,"-.031","-2.79","109.7","112.4","-0.37",169.5,-1.5,"2026-03-02","Hit"
"ef0eccfb4433af2c10e3d260022d5007","North Carolina Central","Maryland Eastern Shore",73,77,95.5,114.5,62.8,"-.023","-6.38","105.5","111.9","+5.57","349",100.5,121,65.8,"+.045","-7.00","104.6","111.6","+10.24",133.5,-1.5,"2026-03-02","Loss"
"b8a1fb4112075494ff56f9d590d9767d","Norfolk St.","Morgan St.",90,84,100.4,121.7,70.6,"+.090","-10.29","102.3","112.5","-1.27","313",101.6,115.2,67.6,"+.013","-10.76","102.0","112.8","+0.70",156.5,3.5,"2026-03-02","Hit"
"c607e8171a8a96729a340abf14315647","South Carolina St.","Delaware St.",59,61,88.4,115.9,66.2,"-.036","-9.04","103.8","112.8","+1.64","358",95.2,120.6,68.2,"+.001","-6.74","105.4","112.2","+4.24",137.5,-1.5,"2026-03-02","Loss"
"e8dddd2320dc33c02960b873dcb78b64","Mississippi St.","Florida",108,74,125.8,90.8,70.6,"-.059","+15.64","119.6","104.0","+8.17","96",113,105.3,69.1,"+.006","+12.28","117.3","105.0","+1.11",160.5,-22.5,"2026-03-03","Hit"
"3d83f2439665989e04ba6170def3b819","Oregon","Illinois",80,54,132.3,99.2,65.2,"-.044","+14.25","117.5","103.3","+4.20","98",111.9,104.5,65.6,"-.048","+12.31","116.4","104.1","+1.73",146.5,-18.5,"2026-03-03","Hit"
"73ac64bc8df5e4f391f2f1b878ef388d","TCU","Texas Tech",65,73,126.5,98.9,66.5,"+.020","+14.80","118.2","103.4","+8.31","49",113.7,98.1,67.7,"-.002","+9.44","114.6","105.2","-6.76",148.5,-9.5,"2026-03-03","Loss"
"41e6c9d332bafe9dc008c0ef627372f8","Wake Forest","Virginia",75,70,122.3,96.1,65.5,"+.058","+8.55","114.8","106.2","-3.06","78",116.9,106.3,67.9,"-.025","+10.47","115.7","105.2","+0.64",148.5,-14.5,"2026-03-03","Hit"
"1a4c0d0a0da4c99a452cd35a3a84b779","Syracuse","Louisville",77,62,124.7,98.8,70.4,"-.034","+12.03","115.5","103.5","+2.86","77",116,105.3,67.6,"-.025","+9.53","113.4","103.9","-2.50",158.5,-12.5,"2026-03-03","Hit"
"8b102dc0647e9c0cc3bc1621e410d157","Georgetown","St. John's",72,69,119.7,95,69.7,"+.046","+11.07","115.7","104.6","+6.67","90",115,106,66.1,"-.072","+9.21","113.6","104.4","-4.22",148.5,-15.5,"2026-03-03","Hit"
"0f0bebdea8f585ab5561b70de0b6ecac","Clemson","North Carolina",67,63,122.3,101,67.6,"+.074","+10.40","115.2","104.8","+1.73","36",116.4,96.9,64,"+.003","+9.36","114.9","105.5","+0.98",142.5,-3.5,"2026-03-03","Hit"
"cbd30d858e998e2e5cda426aa6111b7a","Alabama","Georgia",98,88,124.9,104.4,71,"-.007","+10.34","116.0","105.7","-6.17","14",129.6,103,73,"+.046","+16.73","119.6","102.9","+13.02",179.5,1.5,"2026-03-03","Hit"
"0259de51519f1ac10bd30e36f9f61544","Kentucky","Texas A&M",96,85,120.5,101.2,70.4,"-.024","+10.19","116.8","106.6","-5.84","25",121.1,99.1,67.7,"-.004","+14.51","118.6","104.1","+1.72",158.5,-1.5,"2026-03-03","Hit"
"c9bda8ebdde8f88dc3c3ac309b4fd1b3","LSU","Auburn",88,74,125.6,107,67,"-.051","+16.62","119.6","103.0","+8.70","58",120.2,106.6,66.4,"-.065","+9.99","115.6","105.6","-4.64",155.5,-8.5,"2026-03-03","Hit"
"c26dc44621c1b9ed08bb0349a6ec01e2","Nebraska","UCLA",72,52,122.3,103.7,64.6,"+.017","+10.76","115.6","104.9","-1.84","11",120.4,92.1,66.7,"+.003","+9.87","115.4","105.5","-5.96",143.5,-1.5,"2026-03-03","Hit"
"efd43a61b31abb81a9cc66e5ee5350e5","BYU","Cincinnati",90,68,111.7,94.5,67.5,"-.065","+10.70","114.8","104.1","-2.34","23",126,102.7,69.8,"-.025","+13.46","116.2","102.8","+5.11",152.5,-1.5,"2026-03-03","Hit"
"a3e392f69f2abd97cdd16e2126595458","George Mason","VCU",70,65,120.6,103.6,69.3,"-.033","+3.13","110.7","107.6","-0.82","107",112.8,107.1,63.6,"+.091","-0.68","109.3","109.9","-7.56",147.5,-11.5,"2026-03-03","Hit"
"f029d8df6fb4a058d2276fb71f66166f","Oklahoma St.","UCF",104,111,122.6,106.3,68.9,"+.107","+10.70","114.8","104.1","-2.69","74",117.9,106.8,71.9,"+.060","+10.82","114.6","103.8","-1.29",168.5,-8.5,"2026-03-03","Loss"
"3bd145bb1624f66750cbe59406eef111","Missouri","Oklahoma",80,64,123.4,107.9,66.3,"-.089","+12.63","117.0","104.4","-5.98","47",120.6,104.2,66.2,"+.080","+10.43","116.2","105.7","-7.22",152.5,-2.5,"2026-03-03","Hit"
"d7b7e70be47abd2e575b191ec9779743","Boston College","Virginia Tech",72,63,117.1,103.3,66.8,"+.010","+9.95","115.6","105.6","-0.62","160",104.3,103.8,65.3,"-.042","+6.46","113.0","106.5","-7.09",142.5,-12.5,"2026-03-03","Hit"
"201fe768ed992ff152aa893857b62517","San Diego St.","Boise St.",86,77,116.9,103.5,65.3,"+.027","+8.97","114.4","105.4","+8.34","42",114.5,96.7,68.7,"+.002","+7.86","113.8","106.0","+5.54",144.5,-1.5,"2026-03-03","Hit"
"2665e88080c4bd479ecbf6218e04236b","Kansas","Arizona St.",70,60,117.4,105,68.7,"+.022","+12.91","117.0","104.1","+5.99","16",120.3,94,67,"+.049","+17.18","118.3","101.1","+11.77",151.5,5.5,"2026-03-03","Hit"
"fb7ecd007c657a6c552abf9bb2fb5031","Vanderbilt","Mississippi",86,89,115.2,104.6,65.8,"-.078","+13.07","117.7","104.6","-2.00","15",125.3,98.8,69.1,"-.000","+12.73","117.7","105.0","+2.15",153.5,6.5,"2026-03-03","Loss"
"1dd8403b0948a742110facb2cbc5b3bd","Toledo","Miami OH",74,72,116.6,107.1,70,"+.101","-5.62","107.3","112.9","-9.61","147",114.2,112.7,68,"-.045","-1.32","109.4","110.8","+2.37",162.5,-8.5,"2026-03-03","Hit"
"336a2b223aeaa1fc62354628d51cd7ae","Drexel","Hofstra",62,51,114.2,106,65.1,"-.075","-0.46","108.6","109.0","+3.24","220",103.1,107.7,64.1,"+.006","-4.67","106.0","110.7","-7.59",132.5,-8.5,"2026-03-03","Hit"
"2fc79481744a2c81ddc59b22d3eb7375","Seton Hall","Xavier",68,77,115.9,107.8,70.1,"+.010","+10.40","114.3","103.9","+1.23","53",109.3,94.3,65.3,"-.031","+7.68","113.8","106.2","-4.12",144.5,1.5,"2026-03-03","Hit"
"ac6197e1688d3b1bfb26d5a45368c8ef","Tennessee","South Carolina",NA,NA,113.1,105.1,66.4,"-.074","+10.18","116.5","106.3","-8.61","18",121,95,65,"-.045","+14.08","119.0","105.0","+0.72",143.5,8.5,"2026-03-03","FALSE"
"bcd0cf203e2b2065ea98a50de8ea6d7a","Nevada","Wyoming",83,73,114.1,107,66.2,"-.026","+4.39","112.1","107.7","-4.64","70",116.6,104.6,65.3,"+.020","+6.78","112.9","106.1","+3.04",143.5,1.5,"2026-03-03","Hit"
"c97d46cfc55e0fedcc0b34a758f3fb28","West Virginia","Kansas St.",65,63,112.9,106,72.2,"-.085","+12.21","116.1","103.9","+0.18","59",111.7,98.3,62.1,"-.023","+8.57","113.7","105.1","-8.29",142.5,1.5,"2026-03-03","Hit"
"400afb628df32cccc0ee30c862476066","Colorado","Utah",78,92,113.9,109,66.2,"-.014","+11.77","115.8","104.0","+0.28","72",117.8,106.3,68.7,"+.041","+10.43","115.4","105.0","+0.42",148.5,-1.5,"2026-03-03","Loss"
"fbbf024ff6c2ace7e75b3f52410d049c","Utah St.","UNLV",92,65,115,110.8,69.8,"+.010","+5.22","111.8","106.6","+0.88","26",123.4,101.6,67.6,"+.040","+6.69","112.7","106.0","+2.69",155.5,7.5,"2026-03-03","Hit"
"b2d712d4bc52b6ccf880609e86835f24","San Jose St.","Fresno St.",82,68,108.4,104.7,67.9,"-.083","+5.01","112.5","107.5","-2.41","233",110.9,116.7,64.8,"-.015","+6.91","113.1","106.2","+1.86",148.5,-7.5,"2026-03-03","Hit"
"fd0885d45c58793ffda72c543d20ae16","Hampton","William & Mary",94,85,111.7,108.7,72.8,"-.015","-1.37","108.8","110.1","+1.21","273",102.1,111.2,64.9,"+.004","-3.79","106.4","110.2","-6.85",154.5,-11.5,"2026-03-03","Hit"
"13d455bce2e6d7a619d16a56ef352e38","Dayton","Richmond",60,65,111.7,109.7,67.9,"-.062","+0.03","109.7","109.7","-8.44","75",111.9,100.8,67.4,"+.039","+3.58","111.4","107.8","+1.00",146.5,4.5,"2026-03-03","Hit"
"0ace58dd34ebc72729d667164742876c","North Carolina A&T","Campbell",90,72,110.5,113,69.3,"-.001","+2.15","110.2","108.1","+8.02","274",106.3,115.6,68.3,"-.026","-3.11","107.7","110.8","-8.24",156.5,-7.5,"2026-03-03","Hit"
"31b4f4c5030eabc378fd663de77b4f75","Eastern Michigan","Buffalo",72,67,113,115.5,66.4,"-.043","-4.18","107.3","111.4","-6.72","236",102.4,108.5,66.1,"-.083","-0.28","110.1","110.4","+2.13",144.5,-3.5,"2026-03-03","Hit"
"d161ddc4f84bb5c24da9727ade54fe89","Purdue Fort Wayne","Green Bay",64,56,112.9,115.6,62.9,"+.059","-1.53","110.7","112.3","+6.79","257",106.2,113.7,67.8,"+.129","-1.62","110.6","112.2","+8.55",146.5,-5.5,"2026-03-03","Hit"
"f5ca3e28fa58ccd854b187115c7c857e","Ohio","Massachusetts",94,82,108.6,111.8,69.7,"-.059","-3.73","107.7","111.4","-6.09","226",107.2,112.5,68.3,"+.055","-1.59","108.9","110.5","+1.40",156.5,-2.5,"2026-03-03","Hit"
"c2740fe4f1b27fd9c2f2b3b94b7b8fbf","UNC Wilmington","Elon",57,76,112.2,116.7,66.7,"-.029","-2.18","108.4","110.6","-2.56","104",113.3,106.9,64.6,"+.022","-4.83","106.3","111.1","-7.84",146.5,5.5,"2026-03-03","Hit"
"b44db505e211e578e0b4302c1d6f628b","Towson","Stony Brook",57,69,105.2,109.8,66,"+.081","-2.55","107.2","109.7","-3.61","176",104.3,105.4,63.5,"+.019","-0.55","109.6","110.2","+3.48",134.5,1.5,"2026-03-03","Hit"
"b2d5246671476f4091d56125e96a90ab","Louisiana Monroe","Old Dominion",87,80,106,112.5,69,"-.077","-1.84","108.7","110.5","+5.38","353",101.2,122.4,70.1,"-.096","-3.24","106.8","110.0","-0.87",159.5,-10.5,"2026-03-03","Hit"
"8b2156864feb57381a9c91c4d76e9f1e","Albany","Vermont",69,56,107.2,113.7,64.9,"+.004","-9.79","103.8","113.5","-2.02","321",103.9,118.3,65.1,"-.077","-7.41","104.8","112.2","+4.27",139.5,-7.5,"2026-03-03","Hit"
"1f30bfaf416b8e0a299622e03f0660a7","Akron","Central Michigan",64,77,106.7,114.9,66.9,"-.094","-1.70","108.4","110.1","+1.45","61",121,108,70.6,"-.010","-3.30","108.7","112.0","-2.70",160.5,11.5,"2026-03-03","Hit"
"85689eea783d74faecf7e2d30c997252","Ball St.","Western Michigan",71,74,108.4,117.2,67.5,"-.016","-0.63","109.1","109.7","-1.63","302",98.2,110.7,63.4,"-.023","-3.35","108.4","111.7","-6.30",137.5,-3.5,"2026-03-03","Loss"
"28a9fa5481e29fd7c1223b3a6d79812d","Monmouth","Northeastern",83,89,106.3,117.3,69.3,"-.046","-0.63","109.2","109.8","-0.53","188",105.7,107.7,67,"+.004","-2.57","107.1","109.7","-3.55",148.5,4.5,"2026-03-03","Hit"
"7acff87a122fdbda5756dca09f447c42","Grambling St.","Alabama A&M",77,63,103.9,116.4,65.2,"+.067","-10.09","102.9","113.0","-1.72","293",97.9,109.3,67.4,"-.049","-8.02","104.0","112.0","+2.06",139.5,-1.5,"2026-03-03","Hit"
"d24cf2f3e7797900e7cb8f596361f5f4","Southern","Alabama St.",64,71,101.5,114.5,69.2,"-.048","-5.16","105.1","110.3","+8.73","284",104.1,114.2,70.1,"+.014","-5.03","106.4","111.4","+15.03",152.5,-1.5,"2026-03-03","Loss"
"22a27cfcc1c5cf3fe119a3938d9ad8cc","Georgia St.","Louisiana",84,75,99.9,113.3,62.5,"+.028","-4.04","106.6","110.7","-1.88","301",99.5,111.8,67.5,"-.035","-3.32","107.7","111.0","+0.06",132.5,-1.5,"2026-03-03","Hit"
"dc5420561360bf04e9ed07283c61050d","Holy Cross","Lafayette",77,82,100.7,115.7,66.5,"+.018","-7.13","105.7","112.8","-0.94","332",100.7,117.8,65.2,"-.011","-6.73","106.3","113.1","+0.36",141.5,-3.5,"2026-03-03","Loss"
"319d9f88e441478b1e640ddbc20619d6","UMBC","NJIT",52,91,98.4,113.8,67.6,"+.113","-8.82","104.0","112.8","+1.27","221",106.3,110.9,65.8,"+.055","-14.03","101.6","115.6","-6.90",140.5,5.5,"2026-03-03","Hit"
"b3f0d6dedd03beb83c9aba863b60e0b0","Army","Bucknell",65,55,98.3,115.9,66.8,"+.017","-5.69","107.2","112.9","+2.04","336",101.3,119.5,66.9,"+.049","-7.54","105.9","113.5","-1.86",145.5,-2.5,"2026-03-03","Hit"
"4a0aa29804dd7d47a4a795740ae6d311","Mississippi Valley St.","Alcorn St.",67,64,98.9,118,66.9,"+.022","-3.05","107.0","110.0","+12.88","365",89.6,121,67,"-.015","-6.09","106.1","112.2","+5.88",137.5,-9.5,"2026-03-03","Hit"
"0ed2471a408ceae0f54bb2e6d06486c3","Arkansas Pine Bluff","Jackson St.",81,78,99.8,119.1,69.5,"+.072","-4.18","106.6","110.8","+13.19","324",103.2,118.1,68.7,"+.075","-3.99","107.0","111.0","+14.79",153.5,-1.5,"2026-03-03","Hit"
"316d62efc3faef8c40ae7c775fe2be8f","Grand Canyon","Air Force",60,86,96.6,116.2,65.9,"-.004","+4.78","112.2","107.4","-3.94","62",110.6,97.8,67.5,"-.053","+4.86","112.6","107.7","-5.15",141.5,19.5,"2026-03-03","Hit"
"451b82f69548237ff6144758d1753d97","UMass Lowell","Maine",56,67,92.8,112.6,64.6,"-.020","-8.39","104.5","112.9","-1.08","323",102.7,117.5,69,"-.007","-8.68","104.2","112.8","+2.38",140.5,1.5,"2026-03-03","Hit"
"838dacb26dd13cbe51d6272eec77b9d7","Bryant","New Hampshire",88,83,94.6,115.2,67.4,"-.019","-7.57","104.8","112.4","+5.80","355",96.5,119,64.2,"+.018","-7.69","104.0","111.7","+2.76",135.5,-2.5,"2026-03-03","Hit"
"40df21960dec1c660fae9256810c7405","Baylor","Houston",77,64,125.3,92.6,63.2,"-.008","+12.11","116.1","104.0","+0.91","52",122.5,107.1,67.7,"-.068","+13.96","115.8","101.9","+1.55",141.5,-15.5,"2026-03-04","Hit"
"77ae3e245b749b6f425f671b7dc30d15","Texas","Arkansas",105,85,128,102.5,70.8,"+.018","+14.46","118.7","104.2","+4.99","29",127.3,106.2,66.1,"-.062","+13.31","117.2","103.9","-5.70",165.5,-7.5,"2026-03-04","Hit"
"c9892993fb81b6238aa7fa7d547a974f","Loyola Chicago","Saint Louis",79,65,120.9,99.3,71.3,"+.014","+0.70","108.7","108.0","-5.30","308",102.8,115.7,66.2,"+.055","+2.25","110.1","107.9","-4.50",155.5,-24.5,"2026-03-04","Hit"
"48fa3a7a7fd73baf01685922d426f176","Maryland","Wisconsin",78,45,123.7,102.7,69.3,"+.035","+12.24","116.3","104.0","-1.03","130",111.1,107.6,66.4,"+.020","+13.47","116.9","103.4","+1.28",153.5,-13.5,"2026-03-04","Hit"
"ae77fa9cd25c609e9c799f17aff1fc81","Miami FL","SMU",69,77,125,106.3,68.8,"-.017","+10.42","115.3","104.9","+1.55","31",120.7,100.2,67.9,"+.011","+5.07","112.0","107.0","-7.39",160.5,-1.5,"2026-03-04","Loss"
"676445c5e361c968ca7563af3e2f1971","Minnesota","Indiana",77,47,121,103.8,65.9,"-.025","+11.40","115.8","104.4","-4.82","66",115.9,103.2,62.4,"-.080","+10.39","116.0","105.6","-8.20",138.5,-6.5,"2026-03-04","Hit"
"562f0f395633cac0b40b104fededab77","Colorado St.","New Mexico",74,82,117,100.4,69.6,"+.005","+5.28","111.7","106.4","+0.74","87",120.3,110.8,62.4,"+.042","+3.88","112.1","108.3","-2.22",149.5,-8.5,"2026-03-04","Loss"
"2c709e184eb38007d2f96e0bf131d1c2","USC","Washington",91,72,116.6,101.8,66.7,"-.101","+11.92","117.0","105.1","-0.39","67",114.5,102,70.3,"+.089","+11.69","116.3","104.6","-0.46",150.5,-6.5,"2026-03-04","Hit"
"3b8315764ce0a11613f19bac50311d72","Marquette","Providence",56,78,122.9,110.2,71,"-.095","+10.56","114.2","103.6","-0.31","103",111.7,104.5,68.6,"-.117","+10.45","115.1","104.7","+1.86",162.5,-4.5,"2026-03-04","Loss"
"b51aa48139345bae549e8f5b8c2e707c","Purdue","Northwestern",66,70,116.5,104.5,65.7,"-.071","+12.43","116.5","104.1","-1.28","7",129.7,99.6,65,"-.015","+14.45","117.9","103.5","+6.33",146.5,10.5,"2026-03-04","Loss"
"ac2cf3cc1c56249589b2da6adbb080ac","St. Bonaventure","George Washington",91,82,119.6,108.8,69.1,"-.152","+1.71","109.4","107.7","-2.47","153",114.7,113.5,66.9,"-.025","+0.85","109.0","108.1","-4.06",157.5,-9.5,"2026-03-04","Hit"
"6b8be6ad9cf80bcbf5ffd292fbfc9c18","Creighton","Butler",59,76,117.2,107.2,68.2,"-.030","+9.86","114.3","104.5","-2.95","82",117,106.8,67.2,"-.027","+11.50","114.9","103.4","+3.50",155.5,-2.5,"2026-03-04","Loss"
"c98fc48a731f7219dc01386b5d4598aa","Stanford","Notre Dame",78,86,115.9,106.1,65.5,"-.043","+11.04","115.3","104.3","+0.98","64",116.2,103.4,66.9,"+.030","+8.47","113.2","104.7","+0.10",145.5,-1.5,"2026-03-04","Loss"
"90f99c056c76aaff829583f20825127b","Villanova","DePaul",57,76,108.6,100.6,65.7,"+.006","+7.43","113.5","106.1","-10.32","35",120.6,100.6,64.7,"+.072","+10.44","115.3","104.9","+2.59",135.5,3.5,"2026-03-04","Hit"
"9fdae0a051acec61f4d841876c8af6b4","Florida St.","Pittsburgh",74,75,113.1,105.9,63.7,"-.084","+10.69","114.9","104.2","+0.77","72",116.6,104.8,70.3,"-.025","+10.45","114.6","104.1","-2.92",145.5,1.5,"2026-03-04","Loss"
"cb43f07e738e9baa4e07a84e485c932c","Saint Joseph's","Davidson",67,70,111.1,105.3,63.6,"+.035","+2.50","110.2","107.7","+0.10","133",105.6,102.4,68,"+.082","+0.72","109.4","108.7","-4.95",137.5,-3.5,"2026-03-04","Loss"
"900965482d00c60d4b09722d74034510","Ohio St.","Penn St.",62,94,115.8,112.3,67.3,"-.001","+10.54","115.6","105.0","-6.91","34",123.2,103.2,66.1,"-.031","+12.91","116.2","103.3","-1.39",153.5,7.5,"2026-03-04","Hit"
"421aeceda1a381818cde0661d79e095b","Duquesne","Rhode Island",64,52,107.4,104.5,65.8,"-.041","+0.65","109.7","109.1","-5.63","127",111.3,107.7,69.2,"-.023","+2.34","110.8","108.5","-6.07",143.5,-1.5,"2026-03-04","Hit"
"25035ada3daf938790fa8afcd155f367","Rice","North Texas",62,58,104.4,102.2,64.7,"-.000","+1.13","110.1","109.0","-0.04","226",109.1,114.4,65.4,"+.011","+0.40","109.5","109.1","-1.87",140.5,-7.5,"2026-03-04","Hit"
"645accaafa070c9c4c797f4b61a62a7a","Youngstown St.","Robert Morris",68,53,111.5,109.9,64.6,"+.042","-4.36","109.4","113.7","-1.99","209",106.4,110,67.2,"-.096","-4.13","109.5","113.7","-2.07",142.5,-4.5,"2026-03-04","Hit"
"b312ad016d1672957f644672f27f162c","Cleveland St.","Wright St.",90,61,112.3,111.3,66.7,"+.002","-3.34","109.9","113.2","+1.11","318",110.1,124.2,69.6,"+.039","-2.15","109.9","112.1","+4.26",161.5,-13.5,"2026-03-04","Hit"
"989c39d7bfb059e969a377726ce3190f","Northern Kentucky","Oakland",84,85,115.5,115.2,69.7,"+.032","+0.28","110.8","110.5","+17.53","177",108.3,109.4,69.7,"-.031","-4.52","110.0","114.5","-3.02",158.5,-2.5,"2026-03-04","Loss"
"ae96dcefbae84b5fea2f08283dcbd9eb","California","Georgia Tech",65,76,107.8,107.8,70.5,"-.024","+5.61","111.7","106.1","-9.87","73",114.2,102.8,67.6,"+.068","+6.65","113.2","106.6","-6.19",155.5,3.5,"2026-03-04","Hit"
"79d0877222e328b11f215f0b44bd33bb","UAB","Charlotte",74,80,113,114.4,63.4,"+.011","-0.27","109.2","109.5","-0.20","124",109.1,105.3,68.8,"+.002","-0.15","109.1","109.2","-5.22",144.5,1.5,"2026-03-04","Hit"
"f9a0a489dcec91f49be7e1fe7148474e","Chicago St.","LIU",79,75,105.5,109.3,68,"+.091","-8.83","104.4","113.2","+2.36","348",98.4,118.6,65.4,"-.024","-4.62","105.9","110.6","+11.36",137.5,-11.5,"2026-03-04","Hit"
"61164f56921094b6a3e70c83ba9b1a24","Louisiana","James Madison",87,72,109.1,113.1,65.3,"+.029","-4.40","107.0","111.4","-2.74","307",100.6,113.5,62.8,"+.036","-4.30","106.4","110.7","-1.73",134.5,-4.5,"2026-03-04","Hit"
"6047626b7a0aeafe4104c1a1573ba6dc","Fordham","La Salle",87,84,103.5,108.8,65,"-.045","+5.76","112.2","106.4","+3.82","168",104.3,104.5,63.9,"-.035","-2.59","108.1","110.7","-15.89",132.5,2.5,"2026-03-04","Hit"
"5eb52dbfb5a91bf99722f15e19a539f9","Milwaukee","Detroit Mercy",84,63,108.6,114.2,68.9,"+.085","-1.90","110.0","111.9","+8.05","263",107,115.1,67.3,"+.010","-1.54","110.8","112.4","+6.62",153.5,-2.5,"2026-03-04","Hit"
"724a4b43049e413000d28b01c5d6d555","Eastern Illinois","SIUE",71,77,99.5,106.5,64.3,"+.005","-10.32","103.0","113.4","-7.53","327",95.9,111.4,65.6,"+.037","-5.65","105.4","111.1","+12.74",127.5,-5.5,"2026-03-04","Loss"
"3f8510356b010d6698c1ea8f75b736b1","North Alabama","Florida Gulf Coast",69,58,106,114.2,67.7,"-.021","-5.52","108.5","114.1","+0.20","341",100.1,119,64.8,"+.060","-4.34","109.3","113.6","+2.69",143.5,-6.5,"2026-03-04","Hit"
"d000ae211a3dc8789a01042034a6d874","Old Dominion","Georgia Southern",88,84,107.8,116.2,70.5,"+.033","-6.19","105.7","111.9","-7.04","245",106.1,112.8,69,"-.065","-2.56","108.4","111.0","+5.24",160.5,1.5,"2026-03-04","Hit"
"ca0226079e332bb70aee624f355715c6","Little Rock","Lindenwood",72,62,101.6,110.2,72.2,"+.024","-8.39","103.5","111.9","+2.61","303",103.9,116.5,66.3,"-.026","-6.02","104.0","110.0","+4.86",148.5,-2.5,"2026-03-04","Hit"
"76343f981d0bdaf7f428cfdfe9f5cbf6","Jacksonville","Bellarmine",82,79,116.5,125.8,64.5,"-.027","-4.34","109.0","113.3","+2.88","294",102.8,114.4,63.1,"-.018","-3.70","109.1","112.8","+5.15",147.5,-1.5,"2026-03-04","Hit"
"53ad30f5ebd93132b1fcbb9573682771","Stetson","Eastern Kentucky",76,92,109.4,119.9,67.2,"-.019","-3.30","109.4","112.7","+3.61","314",104.6,118.3,66.8,"+.014","-3.62","108.9","112.5","+4.71",156.5,-4.5,"2026-03-04","Loss"
"5e9fb33e565e4dec0e454876b15ff913","Fairleigh Dickinson","Mercyhurst",70,61,102.1,112.7,64.3,"-.028","-10.21","103.4","113.6","+0.37","335",101.2,118.8,63.6,"-.001","-8.46","103.8","112.3","+5.98",133.5,-4.5,"2026-03-04","Hit"
"8939a2fa5c65a6a357114557ba2ff6b4","Stonehill","Le Moyne",71,81,102,113.2,69.4,"-.011","-10.19","103.4","113.6","-1.81","336",91.7,110.1,66.1,"-.006","-10.39","103.2","113.6","-2.92",135.5,-6.5,"2026-03-04","Loss"
"77205f60188120987dc6c6a44e53db3b","Gardner Webb","USC Upstate",64,65,99.5,111.2,67.7,"+.040","-4.43","107.1","111.5","-0.98","361",96.1,123.3,69.4,"-.024","-0.72","109.1","109.9","+6.04",147.5,-10.5,"2026-03-04","Loss"
"248a0b7e60d7976b31718c40b6b093e6","Wagner","Central Connecticut",60,70,105.2,117.5,65.1,"+.126","-10.83","102.5","113.3","-2.22","315",103,116.8,65.5,"+.002","-9.36","103.1","112.4","+6.02",139.5,-4.5,"2026-03-04","Loss"
"5386f0f5dfb5e33ddb39d9ace1ab95e1","North Florida","West Georgia",93,85,102.6,115.4,68.9,"+.074","-6.23","108.6","114.9","+0.06","334",106.8,124.3,70.1,"-.024","-2.89","108.7","111.6","+8.11",157.5,-3.5,"2026-03-04","Hit"
"9f2ade8ad19e3e9ea4bb20b92fa34458","Kansas City","Oral Roberts",84,62,101.7,115.4,67.5,"-.042","-1.05","110.6","111.6","+5.53","356",92.5,116.7,69.7,"-.021","-0.82","110.9","111.8","+6.30",147.5,-8.5,"2026-03-04","Hit"
"dd787d5fc00732ab5a179ac252d00584","Rutgers","Michigan St.",91,87,122.2,92.2,65.4,"+.018","+13.16","118.0","104.8","+3.59","146",110.3,108.5,66,"+.043","+10.55","114.7","104.2","-7.69",140.5,-19.5,"2026-03-05","Hit"
"8cc975091d7d586f947c9e9cc5364a75","Michigan","Iowa",68,71,122,99.8,62.8,"-.028","+9.36","114.7","105.4","-7.04","2",128.4,88.8,71.4,"+.027","+14.95","118.0","103.1","+12.85",145.5,9.5,"2026-03-05","Loss"
"a11726c502fdc36dd86c80a6bf07024f","Evansville","Northern Iowa",68,59,108.1,97.7,62.2,"-.090","+1.44","109.9","108.4","-0.97","312",102,115.3,66.8,"-.008","+4.55","111.1","106.5","+4.18",125.5,-14.5,"2026-03-05","Hit"
"78a07345f6a8b881c0d7ca2c1848383b","South Dakota St.","St. Thomas",80,67,114.5,108.3,68.4,"-.018","-5.30","107.8","113.1","-0.59","216",108,112.1,66.8,"-.115","-3.44","107.8","111.2","+2.34",149.5,-6.5,"2026-03-05","Hit"
"0718fe91d4802e77e537cdef248a5f6f","UC Riverside","Hawaii",93,74,106.9,101.2,69.4,"+.042","-3.11","107.3","110.4","-11.17","258",103.3,111,68.4,"-.049","+1.10","109.8","108.7","+5.95",148.5,-11.5,"2026-03-05","Hit"
"70e53ba61b3c4e7bab70ef5df0ca242c","Cal Poly","UC Irvine",107,85,103.3,97.8,68.3,"-.008","-0.40","108.9","109.3","+0.74","212",109.1,113,73.6,"+.027","+1.65","109.5","107.8","+5.57",155.5,-9.5,"2026-03-05","Hit"
"b0582a1d6ce3315bb03b727b1ba3a04f","Louisiana Tech","Liberty",71,76,117.6,112.3,64.1,"+.175","-1.28","108.2","109.4","+1.08","244",100.2,106.8,64.3,"+.058","-3.44","107.8","111.3","-7.17",137.5,-8.5,"2026-03-05","Loss"
"9525abda38f4773d9936be49a6a4ffca","Drake","Southern Illinois",63,67,104.4,99.3,69,"-.084","+2.26","110.2","107.9","+0.56","214",109.7,113.7,67.4,"-.081","+1.71","109.4","107.6","-3.79",135.5,-4.5,"2026-03-05","Loss"
"4b0f0f23bd48ff2f82c42c75b8584267","Oral Roberts","North Dakota St.",76,65,112.6,108.1,66.2,"+.038","-5.07","107.2","112.3","-0.83","310",102.1,115.1,67.5,"-.053","-1.87","109.9","111.7","+5.52",144.5,-8.5,"2026-03-05","Hit"
"caa4142cefdf50592377c3ce5c62a79f","Abilene Christian","Cal Baptist",87,48,107.8,103.3,65.2,"+.089","-1.60","107.2","108.8","-3.16","228",102.2,107.4,67,"+.030","+0.66","108.8","108.2","+1.68",135.5,-9.5,"2026-03-05","Hit"
"4cae841a9dab2d37a189a6e886ab43dd","South Florida","Memphis",89,96,106.4,103.1,70,"-.059","+5.86","112.7","106.8","+10.75","54",117.4,102.3,71.4,"-.033","+3.60","111.6","108.0","+5.33",159.5,6.5,"2026-03-05","Hit"
"38d88bdfb4716759205adb9a41d5e1d0","Bucknell","Navy",74,69,107.3,104.4,65.1,"+.066","-11.74","103.5","115.3","-9.37","333",97.7,115,66.8,"+.024","-6.36","106.8","113.2","+2.09",133.5,-17.5,"2026-03-05","Hit"
"cfe508a5c1b0b6d472c117924cefa326","Georgia Southern","Arkansas St.",77,80,111.1,109.3,72.1,"+.024","-3.65","107.2","110.9","+2.85","264",108.5,116.5,70.4,"+.044","-6.27","105.6","111.9","-7.07",167.5,-6.5,"2026-03-05","Loss"
"9cd09879e8b7180c7f4fa2bf7201abdf","San Diego","Loyola Marymount",62,66,107,105.7,67,"-.033","+1.11","110.1","109.0","-5.43","233",108.4,114.2,68.4,"+.001","+2.32","110.2","107.9","-2.36",145.5,-5.5,"2026-03-05","Loss"
"90b637e31146c38ec9871028afe627ca","Indiana St.","Valparaiso",63,62,108.9,107.7,65.1,"+.039","+0.99","109.4","108.4","-5.75","204",106.4,109.6,68.2,"-.099","+1.18","108.7","107.5","-6.36",135.5,-2.5,"2026-03-05","Hit"
"b3d5cc326a93d01a72cc0f4b3868eb80","UC San Diego","Cal St. Fullerton",75,71,110.6,111.3,72.5,"+.027","+1.41","109.9","108.4","+6.85","112",109.2,103.9,67.5,"+.005","-1.56","107.6","109.1","+0.13",156.5,3.5,"2026-03-05","Hit"
"abf78a24c3446d1198bca792ebb88e85","Tulane","Temple",89,60,111.9,112.9,64.8,"-.038","-1.82","107.3","109.1","-2.89","196",107.7,110.4,66.8,"+.143","+0.24","108.5","108.2","-3.76",144.5,-4.5,"2026-03-05","Hit"
"36c74279bb5009e8d0d25aa03c44f359","Jacksonville St.","New Mexico St.",77,75,110.5,111.8,66.8,"-.107","-0.75","108.6","109.3","+1.23","206",106.5,109.8,65,"-.052","-2.84","108.0","110.9","-5.66",142.5,-4.5,"2026-03-05","Hit"
"4ec441edf98c660598f97124a33eb641","Middle Tennessee","FIU",67,73,107.4,110.2,71.8,"-.020","-0.82","109.1","109.9","-0.06","178",109.2,110.4,65.5,"+.001","+1.26","110.2","109.0","+11.99",153.5,-2.5,"2026-03-05","Loss"
"6e49fdd0a21a1fbd3fa30f62d65c3817","Pepperdine","Portland",77,68,106.5,109.6,68.2,"+.048","+4.40","111.7","107.3","+0.74","260",105.6,113.3,68.5,"-.014","+3.48","110.8","107.3","-1.83",151.5,-2.5,"2026-03-05","Hit"
"3634044a48b5959b32817e9d3766eb93","UT Arlington","Tarleton St.",60,65,104.5,108.2,69.2,"-.022","+1.44","108.6","107.1","+4.06","163",103,102.8,65.1,"+.018","+0.88","109.0","108.2","+3.46",136.5,-1.5,"2026-03-05","Loss"
"41e33f189a215c1a84546ec223aa5505","Western Kentucky","Missouri St.",87,74,107.7,111.6,65.7,"-.060","-1.41","108.4","109.8","-1.02","139",108.7,106.3,69.7,"+.009","-1.06","109.9","111.0","+1.32",150.5,1.5,"2026-03-05","Hit"
"100fcc2af3116f039d5385bcc0d839d9","Eastern Illinois","Tennessee Martin",66,63,100.8,104.8,64.3,"+.042","-8.75","103.1","111.9","-0.01","324",96.6,111.6,65.5,"+.049","-5.90","105.1","111.0","+12.54",121.5,-6.5,"2026-03-05","Hit"
"b267ddbaae29033b4f571d19e615c023","James Madison","Southern Miss",86,80,103.9,109.1,68.6,"+.031","-3.44","107.5","110.9","+1.39","210",109.3,112.9,65.7,"+.028","-4.80","106.8","111.5","-2.85",143.5,2.5,"2026-03-05","Hit"
"f9917848366e1cf9d0b0789f92904584","Lindenwood","Southeast Missouri",68,66,103.2,108.4,69.1,"+.032","-7.58","104.3","111.9","+5.23","266",100.8,109.2,72.5,"+.033","-8.70","103.4","112.1","+2.58",147.5,-0.5,"2026-03-05","Hit"
"fbc8b80d084a306b3059ac61c41a1cda","UC Davis","Long Beach St.",70,76,105.8,112.7,68.2,"-.031","+1.00","108.9","107.9","+4.70","156",109.9,108.8,68.3,"+.036","-0.59","108.4","109.0","+1.98",150.5,2.5,"2026-03-05","Hit"
"e3093266903ca639a1d6ecfc62c2c203","Sacred Heart","Iona",80,91,103.7,110.7,68.7,"+.049","-8.38","104.3","112.7","-2.85","292",107.2,118.7,68.5,"-.010","-7.67","104.3","111.9","-2.04",148.5,-2.5,"2026-03-05","Loss"
"db609d26e0440085ba462b55316c75e2","Tulsa","East Carolina",66,93,103.5,110.5,68.4,"-.001","-1.18","109.2","110.4","-2.76","55",122.2,108.3,67.9,"+.007","+0.76","109.5","108.7","-2.09",155.5,9.5,"2026-03-05","Hit"
"eb6e022032da5839bc8f7ca4ba0e1edd","Loyola MD","Colgate",90,77,107.5,114.6,66.8,"+.054","-6.62","106.4","113.0","+4.92","322",103.8,118.5,68.2,"-.026","-9.63","103.8","113.5","-6.96",151.5,-6.5,"2026-03-05","Hit"
"2bb1f64bd05f1041dd2f3224028f1bf6","Utah Valley","Southern Utah",88,92,106,113.2,70,"-.028","+2.46","109.3","106.8","+6.06","85",112.4,102.8,68.9,"+.021","-0.46","107.2","107.6","+2.91",151.5,9.5,"2026-03-05","Loss"
"c5a31e91dd06e236fe7e26c262fdf4fd","American","Boston University",75,73,111.7,119.7,63.2,"-.054","-9.03","104.1","113.2","-4.68","243",105.3,111.9,66.7,"-.010","-8.22","105.0","113.3","+0.30",142.5,-2.5,"2026-03-05","Hit"
"80c2d32fa69ff4c72cb29fbfe762d0ba","Manhattan","Fairfield",71,60,106.5,115.4,66.9,"+.083","-9.56","102.9","112.5","-8.65","328",105.4,121.6,67.8,"+.059","-8.05","103.4","111.5","-2.88",150.5,-5.5,"2026-03-05","Hit"
"5e6aa572773745e4384aa9c638c15fe0","Sam Houston St.","Delaware",83,80,105.6,115.3,62.7,"-.014","-2.52","107.9","110.4","-6.46","104",115,108.2,70,"+.025","-0.32","109.4","109.8","+6.10",146.5,6.5,"2026-03-05","Hit"
"30237e051fe40217b5ef245f01519343","Kennesaw St.","UTEP",78,71,101.8,111.6,65,"+.011","+0.49","109.2","108.7","+3.98","170",110.4,110.9,71.2,"+.017","-2.60","108.2","110.8","-5.43",149.5,2.5,"2026-03-05","Hit"
"f49d064fb70646e2312c189e47049fd2","Holy Cross","Lehigh",69,66,103,114.7,66.7,"+.071","-7.75","105.2","112.9","-0.68","330",101.2,118,65.4,"+.003","-7.09","106.1","113.2","-0.01",142.5,-6.5,"2026-03-05","Hit"
"1de392627ae240f66aabbfe6589efe56","Southern","Alabama A&M",85,88,104.5,116.4,65.2,"+.070","-10.45","102.4","112.9","-1.65","279",103.8,113.4,70.1,"+.027","-5.29","106.1","111.4","+15.31",148.5,1.5,"2026-03-05","Hit"
"fa68fd7f29b51f6c0581eec74f1c66ea","Prairie View A&M","Texas Southern",59,70,103.2,115.1,68.8,"-.017","-7.91","104.4","112.3","+13.19","317",101,114.9,72.2,"-.019","-8.86","104.0","112.9","+9.16",155.5,-3.5,"2026-03-05","Loss"
"82f151f6f5a77164450c60f4676262aa","Grambling St.","Alabama St.",63,65,100.6,113.9,69.3,"-.057","-5.62","105.0","110.6","+8.64","299",97.7,109.8,67.4,"-.049","-7.98","104.0","112.0","+2.03",143.5,-3.5,"2026-03-05","Loss"
"09fda1cc3eb1a3cbc3c5d556d578af74","Bethune Cookman","Florida A&M",81,77,98,111.7,68,"+.066","-7.99","104.5","112.5","+7.92","232",103.7,109.3,69.1,"+.101","-6.69","105.4","112.1","+14.41",145.5,2.5,"2026-03-05","Hit"
"15889f9b9e98e8276ec85cdefcef559e","Howard","Norfolk St.",76,84,101.2,115.4,67.8,"+.000","-11.21","101.9","113.1","+0.58","201",103,106.1,69,"-.033","-13.57","101.3","114.9","-1.32",145.5,5.5,"2026-03-05","Hit"
"08ded822b2ecce01b80d8934af0c2979","CSUN","Cal St. Bakersfield",84,86,102,117.1,69.7,"+.022","+0.59","108.2","107.6","+0.36","162",108.9,108.6,73.4,"+.074","+0.18","108.7","108.5","+0.92",165.5,8.5,"2026-03-05","Loss"
"690b6d34bfec5e0c20a835d5665a03dc","Mississippi Valley St.","Jackson St.",85,77,100,119,69.4,"+.087","-4.89","106.3","111.2","+13.39","365",89.6,120.5,67,"-.024","-6.45","105.8","112.3","+6.00",144.5,-10.5,"2026-03-05","Hit"
"c1d46b20eaf335476da474a0a5e6086f","Delaware St.","Maryland Eastern Shore",56,57,95.1,114.7,63.1,"-.034","-7.37","104.9","112.3","+5.39","363",87.7,115.6,65.8,"-.048","-10.03","103.1","113.1","+1.76",126.5,-6.5,"2026-03-05","Loss"
"d54e3e3610e7ce1f5b5564f2431cb29d","Arkansas Pine Bluff","Alcorn St.",48,83,98.5,118.1,66.9,"+.039","-4.09","106.3","110.4","+12.71","325",103.3,118.4,68.7,"+.060","-4.56","106.6","111.2","+14.69",149.5,1.5,"2026-03-05","Hit"
"bb838f2d14fd602994c415bd1705d01e","South Carolina St.","North Carolina Central",64,80,100.6,120.8,66.1,"+.063","-7.73","104.0","111.7","+9.79","358",94.9,120.1,67.9,"+.021","-7.73","104.5","112.3","+3.98",144.5,-7.5,"2026-03-05","Loss"
"2952dde4b6197cd556fb29915b97d183","Coppin St.","Morgan St.",70,66,100.7,121.6,70.8,"+.104","-10.88","101.8","112.7","-1.33","362",92.9,120.5,68,"+.048","-6.69","104.6","111.3","+3.62",151.5,-6.5,"2026-03-05","Hit"
"a04c614d89b6670be6c6c2f471d4d8da","UNLV","San Diego St.",89,86,114.7,97.6,68.8,"-.009","+8.12","113.9","105.8","+5.38","108",115.5,109.6,69.9,"+.005","+5.49","112.1","106.6","+0.86",153.5,-10.5,"2026-03-06","Hit"
"45d3a241715f87bae84c303ad36c50ab","St. John's","Seton Hall",65,72,110.1,94.6,65.1,"-.026","+7.84","113.7","105.9","-4.12","21",119.2,95,69.9,"+.055","+10.69","115.4","104.7","+6.44",137.5,4.5,"2026-03-06","Hit"
"9537ec7a7729de8e8670b7c9a7ffb27d","Drake","Belmont",79,100,121.5,107.6,68.8,"+.017","+0.02","108.2","108.2","-4.40","209",109.9,113.3,67.3,"-.065","+1.74","109.1","107.4","-3.86",153.5,-11.5,"2026-03-06","Loss"
"d931dbbe7ad536b0d231dca49ff04c5f","UCF","West Virginia",77,62,111.2,97.8,62.2,"-.039","+8.81","113.7","104.9","-8.41","48",122.6,106.8,69.2,"+.090","+10.61","114.8","104.2","-2.78",140.5,-3.5,"2026-03-06","Hit"
"1a572edda6fe349d3763422f9e4498a6","Northern Illinois","Akron",94,55,120.6,107.5,70.6,"-.009","-3.50","108.5","112.0","-3.07","333",97.5,114.5,67.4,"+.012","-1.82","108.6","110.4","+2.01",154.5,-23.5,"2026-03-06","Hit"
"dff3e4df755be37234dcdb922befa0c9","VCU","Dayton",62,68,111.6,100.5,67.3,"+.047","+3.57","111.4","107.8","+0.99","46",120.2,103.7,69.2,"-.025","+2.73","110.5","107.8","-1.20",148.5,-1.5,"2026-03-06","Loss"
"46697470c3619eb8e7ddd97d79f3911e","Gardner Webb","High Point",81,59,118.3,109.9,69.7,"+.041","-8.97","103.8","112.8","-8.72","361",96.1,122.6,69.3,"-.003","-1.41","108.6","110.0","+5.71",159.5,-25.5,"2026-03-06","Hit"
"3f45a47d719f3f998e35c69f072697bd","Northern Iowa","Illinois St.",52,74,111.4,103.8,66.7,"-.015","+0.96","109.9","108.9","-2.88","83",108,97.8,62.3,"-.082","+0.93","109.6","108.7","-1.02",124.5,1.5,"2026-03-06","Hit"
"1dc7de37503ae5604b6c0269d02426b3","San Diego","Seattle",58,56,103.3,98.2,67.9,"+.019","+2.03","111.1","109.1","-3.15","228",108.6,113.9,68.2,"+.015","+2.21","110.0","107.8","-2.37",139.5,-7.5,"2026-03-06","Hit"
"d8ec88e8e64f3436428a3bab6f01233e","Illinois Chicago","Murray St.",79,92,116.9,112.2,71.2,"+.051","+1.10","109.9","108.8","-3.48","110",109.7,104.2,66.3,"-.071","+1.41","110.2","108.8","-2.39",148.5,-0.5,"2026-03-06","Loss"
"53d8ec973d32a0d7265a293731c496c2","Valparaiso","Bradley",90,84,111.9,108.1,67,"+.045","+0.49","109.2","108.7","-5.01","155",108.8,107.7,64.9,"+.053","+0.78","109.2","108.5","-5.83",134.5,-3.5,"2026-03-06","Hit"
"f1ad79e0dde5b8690cf476a3089e976a","Portland","Washington St.",68,74,114.7,111.7,67.7,"-.087","+5.65","111.6","106.0","+5.37","196",106.7,109.4,68.3,"+.056","+3.92","111.4","107.5","+0.87",152.5,-4.5,"2026-03-06","Loss"
"55956600613e71d454073d4c936c666b","Charleston Southern","Winthrop",86,81,112.8,110.8,69.5,"+.005","-4.97","107.0","112.0","+1.20","242",106.1,112.6,71.5,"-.080","-6.60","105.9","112.5","-5.46",161.5,-4.5,"2026-03-06","Hit"
"a2b70e6fe46c99850548a19d23a57829","Buffalo","Toledo",98,78,113.9,112,68,"-.060","-0.91","109.7","110.6","+2.30","192",112.9,115.3,66.5,"-.032","-4.59","106.8","111.4","-6.70",152.5,-7.5,"2026-03-06","Hit"
"eae0966982395801c2ec551c69a00355","Western Michigan","Kent St.",86,20,112.2,111,70.5,"+.148","-2.53","109.3","111.9","-3.30","276",107.9,117.2,67.7,"-.029","-1.42","108.4","109.8","-1.79",158.5,-10.5,"2026-03-06","Hit"
"9f46722594662223eb2aea24f4253ba1","Bellarmine","Central Arkansas",86,73,110.4,109.3,67.8,"+.046","-5.23","109.1","114.3","+6.11","274",116.7,125.9,64.8,"-.011","-4.82","108.7","113.5","+2.69",155.5,-6.5,"2026-03-06","Hit"
"2399cc138b72ec0363d5ece4a2681c04","Columbia","Harvard",81,71,107.1,106.3,62.9,"-.004","-3.47","108.1","111.5","-5.18","187",108.6,110.4,66.5,"+.023","-3.95","108.1","112.1","-5.51",133.5,-4.5,"2026-03-06","Hit"
"fcd49e73b22b4a621dfa20cdf70cc575","Stetson","Austin Peay",69,60,108.4,108.2,69.5,"+.043","-6.22","108.8","115.0","+2.25","302",105.6,118.2,66.9,"+.015","-4.04","108.8","112.8","+4.82",150.5,-10.5,"2026-03-06","Hit"
"5d29b68b00cd7235c50b23ab892deb1b","Sacred Heart","Merrimack",70,48,108.1,109,63.4,"+.122","-5.65","105.4","111.0","+3.26","288",108.2,119,68.5,"-.003","-7.72","104.2","111.9","-2.07",144.5,-7.5,"2026-03-06","Hit"
"83ba5f65a696104b8b13553fd4e60162","Florida Gulf Coast","Lipscomb",53,77,108,109.1,69.5,"+.039","-5.03","109.2","114.2","+5.25","263",105.8,113.7,67.7,"-.015","-6.14","108.1","114.3","+0.00",150.5,-3.5,"2026-03-06","Loss"
"d4f4da47734c4a99c2f238406b897ddd","West Georgia","Queens",71,63,116.2,118.4,69.4,"+.039","-5.76","108.8","114.6","+5.72","304",102.7,115.4,69.1,"+.083","-6.91","108.4","115.3","-0.13",162.5,-6.5,"2026-03-06","Hit"
"134cefde1c5b2d282c0189a9777da728","Georgia Southern","South Alabama",85,94,106.7,109.2,64.6,"+.066","-5.98","106.0","112.0","-5.04","257",108.7,116.3,70.2,"+.056","-6.15","105.8","111.9","-7.15",148.5,-4.5,"2026-03-06","Loss"
"508ef0d3155d56dab2e2fa148e321d0b","Tennessee Martin","Tennessee St.",68,55,108.5,111.9,70.4,"+.077","-7.87","103.6","111.5","+6.18","216",101,105.2,64.4,"+.053","-9.00","102.9","111.9","-0.02",138.5,-2.5,"2026-03-06","Hit"
"a448dfd10bf5215735e63896d4a80ca9","Miami OH","Ohio",108,110,107.2,112.9,68.7,"+.047","-1.66","108.7","110.4","+1.00","88",116,106.9,70,"+.108","-5.66","107.3","113.0","-9.82",159.5,5.5,"2026-03-06","Loss"
"d0cad21a35ea4cfb9d669f0c3cb1f1c8","Bowling Green","Eastern Michigan",69,77,102.2,108.3,66.3,"-.091","-0.30","110.1","110.4","+1.93","152",107.3,106,68.1,"-.092","-3.50","108.3","111.8","-5.99",141.5,3.5,"2026-03-06","Hit"
"710ef834dccd294f9bacb6f8eb7919c9","Fairfield","Saint Peter's",55,74,104,110.2,65.5,"+.065","-7.91","104.2","112.1","-0.47","269",106,114.6,67,"+.086","-9.86","103.0","112.8","-8.72",137.5,-1.5,"2026-03-06","Loss"
"708b1913bd611df2b1649a230dc759a9","Southern Miss","Texas St.",77,81,103.9,110.5,66,"+.100","-6.90","105.5","112.4","-9.01","223",104.4,109.3,68.9,"+.041","-3.64","107.4","111.1","+1.29",140.5,-1.5,"2026-03-06","Loss"
"81f53db56668fe14988bcac9af4613ae","Longwood","UNC Asheville",85,82,104.9,111.9,64.7,"-.022","-3.80","108.0","111.8","+1.26","271",103.4,112.5,68.3,"-.022","-8.39","104.8","113.2","-10.67",140.5,1.5,"2026-03-06","Hit"
"e279aca9e6da8eb3f3e90013c28d142d","Presbyterian","Radford",85,91,106.4,113.7,70.5,"-.024","-6.91","106.4","113.3","-6.20","281",103.1,112.7,64,"-.022","-4.75","107.3","112.0","-1.61",145.5,-2.5,"2026-03-06","Loss"
"16e38317e6ac81682c3367a0b0daf536","Nebraska Omaha","South Dakota",62,76,104.9,114.4,70,"+.060","-5.54","107.4","112.9","-3.62","262",107.1,115,67.1,"+.032","-2.60","109.0","111.6","+3.37",150.5,2.5,"2026-03-06","Hit"
"40bad38727c43f0c6eef42c3614f1239","Southeast Missouri","Morehead St.",66,61,107.7,117.5,65.3,"+.153","-7.12","104.1","111.2","+6.70","226",103.1,108.3,68.9,"+.045","-7.67","104.2","111.8","+5.18",141.5,1.5,"2026-03-06","Hit"
"c93c74ff3384ba7a921b256d6045c066","Northeastern","North Carolina A&T",72,88,106,115.9,68.4,"-.024","-3.17","107.8","110.9","-8.81","291",107,118.3,69.4,"-.050","-1.09","108.8","109.9","-0.62",153.5,-0.5,"2026-03-06","Loss"
"5ee37b4dbda863c85461571dd09969a0","Penn","Brown",61,82,98.6,108.7,66.4,"-.056","-3.95","108.1","112.0","-8.68","171",107.3,107.7,69.1,"+.052","-1.04","109.3","110.4","+0.22",142.5,2.5,"2026-03-06","Hit"
"faee761ac266d52905fbb7f7c91f39a8","Denver","North Dakota",83,67,107.4,118.6,67.4,"+.111","-3.98","107.7","111.7","-0.30","221",117,121.8,67.8,"+.009","-1.13","109.5","110.7","+8.36",160.5,4.5,"2026-03-06","Hit"
"894c4bd8b82d1bf246e7787898ccc168","The Citadel","Chattanooga",85,88,104.8,116.6,67.2,"-.018","-6.45","108.2","114.7","-2.68","350",98.8,119.8,64.3,"+.020","-5.35","108.3","113.6","-1.56",145.5,-6.5,"2026-03-06","Loss"
"81daf7629e507910462000cade6aef65","Central Michigan","Ball St.",85,69,97.9,110.1,63.5,"-.005","-3.58","108.3","111.9","-6.54","265",106.2,114.4,66.9,"-.097","-1.37","108.7","110.1","+1.42",135.5,-1.5,"2026-03-06","Hit"
"76d928d82f4d62b890e5c7a7b6739ca2","VMI","UNC Greensboro",84,70,107.8,120.5,67.7,"+.053","-5.25","108.4","113.6","-0.46","360",99.2,125.2,66.7,"-.011","-5.21","108.5","113.7","-1.71",155.5,-7.5,"2026-03-06","Hit"
"1a3ba9d5310552a9a4e3c9dd3c3a7cc2","North Carolina","Duke",76,61,128.7,88,65.4,"+.030","+14.02","117.0","102.9","+10.96","29",121.8,100.6,67.8,"+.081","+10.58","115.0","104.5","+1.57",146.5,-17.5,"2026-03-07","Hit"
"ce863014bd2ee9068338293b1c0216b6","Wisconsin","Purdue",93,97,129.8,99.7,65,"-.006","+14.75","118.0","103.3","+6.56","25",124,102.1,69.1,"+.029","+11.66","115.9","104.2","-1.11",156.5,-8.5,"2026-03-07","Loss"
"a319876cf5889b164e463e3398cc2812","Arizona St.","Iowa St.",86,65,123.1,93.4,66.6,"+.005","+11.56","115.1","103.5","-3.38","59",117,103.6,69.1,"+.029","+13.40","117.2","103.8","+6.09",149.5,-15.5,"2026-03-07","Hit"
"fbd6d5391f150de30a698fc61d839b4f","Vanderbilt","Tennessee",82,86,121.4,94.8,65.1,"-.043","+13.99","118.8","104.8","+1.02","15",125,98.9,69.4,"+.011","+12.71","117.6","104.9","+1.77",146.5,-3.5,"2026-03-07","Loss"
"8eaa9ff06b53755b48d52336d085e34f","Auburn","Alabama",96,84,129.4,103.3,73.2,"+.035","+17.15","119.9","102.7","+13.18","40",125.7,106.7,67.3,"-.044","+16.22","119.5","103.2","+8.63",176.5,-8.5,"2026-03-07","Hit"
"a59bc150d7f31891ec6efe6b75fb57e7","Virginia Tech","Virginia",76,72,121.8,96.2,65.9,"+.064","+8.41","114.6","106.2","-3.37","57",117,103.3,67.1,"+.016","+9.34","114.9","105.5","-0.81",145.5,-11.5,"2026-03-07","Hit"
"a5ce45f13909fab94594e6f6ecf4e44c","Kansas St.","Kansas",104,85,119,93.5,67.4,"+.037","+17.26","118.4","101.1","+11.64","100",112.6,105.4,72.4,"-.066","+12.35","115.9","103.6","+0.38",155.5,-16.5,"2026-03-07","Hit"
"a754182226ee5f279f471b14097b6bf4","Texas Tech","BYU",82,76,125.5,103.3,70.1,"-.020","+14.08","116.2","102.1","+5.31","14",125.9,99.4,66.6,"+.010","+14.78","117.9","103.1","+8.26",159.5,-1.5,"2026-03-07","Hit"
"e2f53c4821ca74a0032c43d614d94f2c","Florida","Kentucky",77,84,121.1,99.6,68.1,"-.016","+15.01","118.8","103.8","+1.73","4",126.2,90.9,71,"-.059","+15.15","119.2","104.1","+8.28",160.5,6.5,"2026-03-07","Hit"
"591300279423085d2b4ea0cc622a8ea4","Indiana","Ohio St.",91,78,123.8,102.6,66.3,"-.034","+12.66","116.2","103.5","-1.40","41",121.1,102.6,66.1,"-.027","+11.18","115.6","104.4","-4.75",148.5,-4.5,"2026-03-07","Hit"
"fde93b3eaa7c8a7a5be41f8cc0d4258c","Louisville","Miami FL",89,92,120.4,99.2,68.1,"+.017","+5.85","112.6","106.8","-7.37","16",124.3,98.2,70.5,"-.028","+11.80","115.4","103.6","+2.96",157.5,-1.5,"2026-03-07","Loss"
"72386b2900c7547110a63e15f3d085fc","Xavier","Villanova",91,78,120.6,99.8,65.2,"+.069","+10.60","115.0","104.4","+2.79","94",116.3,108.5,70.1,"+.002","+10.53","113.9","103.4","+1.42",153.5,-11.5,"2026-03-07","Hit"
"e46de8c04bf7dac2ec2dde3b79144bf4","Oklahoma","Texas",85,88,126.8,106.3,66.7,"-.061","+14.13","117.7","103.6","-5.96","47",123.6,107.3,66.4,"-.083","+12.67","117.0","104.3","-5.42",154.5,-7.5,"2026-03-07","Loss"
"012318e2738be08b31321e5c816f461d","Stanford","N.C. State",84,85,123,103,69.1,"-.008","+11.99","116.2","104.2","+4.42","61",117.2,103.8,67,"+.035","+8.68","113.3","104.6","+0.09",152.5,-8.5,"2026-03-07","Loss"
"b4eb4fb866743530bf076cd399893a83","New Mexico","Utah St.",94,90,122,102.3,67.8,"+.054","+6.79","113.0","106.2","+2.31","48",116.2,100.4,70.2,"-.006","+5.32","111.9","106.5","+0.92",156.5,-7.5,"2026-03-07","Hit"
"c371b2385579d9511a68c5075642039b","Georgia Tech","Clemson",79,76,116.1,96.4,64.3,"-.012","+10.12","115.2","105.1","+1.14","169",107.1,107.2,70.9,"-.029","+5.86","111.8","105.9","-9.56",143.5,-17.5,"2026-03-07","Hit"
"fdca914baef5f68b38850ed32c6e9cae","Cincinnati","TCU",73,63,114.2,97.2,67.8,"+.006","+10.50","115.2","104.7","-6.70","42",112.4,94.1,67.8,"-.063","+11.01","114.9","103.9","-2.82",139.5,-1.5,"2026-03-07","Hit"
"d6ff48946f1c0d498cedf55676a417db","Utah","Baylor",101,75,122.3,106.7,67.9,"-.073","+14.83","116.2","101.4","+1.64","120",114.4,110.1,66.3,"-.012","+11.76","115.7","104.0","+0.33",149.5,-12.5,"2026-03-07","Hit"
"b345b990028266152ac5262d371bc07f","Arkansas","Missouri",84,88,119.9,104.4,66.3,"+.073","+10.82","116.4","105.6","-7.52","17",128.1,102,71.3,"+.019","+14.52","118.9","104.3","+5.00",159.5,-1.5,"2026-03-07","Loss"
"a1304c1059f44f713064a94737b20dbc","Texas A&M","LSU",91,94,120,106.7,66.7,"-.069","+10.57","116.0","105.4","-4.51","37",121,101.3,70.8,"-.017","+10.50","116.8","106.3","-5.88",159.5,3.5,"2026-03-07","Loss"
"b5b978f4b9e8da8808542142889c0a67","Fresno St.","Grand Canyon",85,60,110.6,97.6,67.8,"-.055","+4.10","112.1","108.0","-5.19","126",108.3,104.5,68.2,"-.078","+4.41","112.3","107.9","-2.48",146.5,-13.5,"2026-03-07","Hit"
"5f3726e27ba4262b2ddbc5c68b5c2713","Arizona","Colorado",79,89,119.1,106.6,68.8,"+.045","+10.51","115.2","104.7","+0.53","3",126.6,89.1,70.1,"+.008","+13.90","117.3","103.4","+3.72",156.5,13.5,"2026-03-07","Loss"
"05f0c415337c979388f5a41ab4eb3ae6","Houston","Oklahoma St.",75,82,118.5,106.6,72.3,"+.069","+11.41","115.0","103.6","-1.15","6",124.9,92.3,63.5,"-.005","+12.07","116.2","104.2","+0.89",148.5,12.5,"2026-03-07","Loss"
"8c2e42e4426b94ffaa8d01caa15f5eee","UCLA","USC",68,89,114.1,102.3,70.8,"+.084","+12.11","116.4","104.3","-0.66","34",122.8,102.6,64.7,"+.016","+11.40","115.7","104.3","-1.72",150.5,6.5,"2026-03-07","Hit"
"58687aaefada5c5256841e19ee2b1410","SMU","Florida St.",91,78,116.7,104.9,70.5,"-.009","+10.56","114.6","104.0","-3.02","43",124.1,106,69,"-.028","+10.65","115.3","104.7","+1.44",159.5,-1.5,"2026-03-07","Hit"
"1b361b057e9671836bacd9e2f5c3c8d8","Northwestern","Minnesota",67,66,114.8,103.3,62.6,"-.067","+11.12","116.3","105.2","-8.40","66",116.7,104.4,65.7,"-.082","+12.96","116.9","103.9","-1.46",133.5,-3.5,"2026-03-07","Hit"
"be870b7ddbba9d8ca76958918b27ec5d","Air Force","Nevada",74,59,116.4,105.1,65.5,"+.013","+6.95","113.0","106.0","+3.00","345",96.6,116.4,66.2,"-.002","+4.82","112.0","107.2","-4.31",142.5,-24.5,"2026-03-07","Hit"
"f8c388595e8e25cfe1e1a6243e2e2837","California","Wake Forest",80,73,117,105.9,68.2,"-.038","+11.27","115.9","104.6","+0.85","69",113.8,102,68,"+.073","+6.62","113.1","106.5","-6.04",150.5,-5.5,"2026-03-07","Hit"
"82735768896b86eb32b2e09be1f45164","South Carolina","Mississippi",61,64,115.2,104.4,66,"-.090","+13.47","117.9","104.4","-2.03","96",112.8,105.4,66.5,"-.074","+10.63","116.6","106.0","-8.66",146.5,-6.5,"2026-03-07","Loss"
"216094cb89d89308a6ee4b100d28d993","Pittsburgh","Syracuse",69,71,115.7,105,67.7,"-.030","+10.43","113.8","103.4","-2.25","101",113.1,106,63.9,"-.097","+10.55","114.8","104.2","+0.73",141.5,-6.5,"2026-03-07","Loss"
"fdf868416b13cc99e220aafabebcf723","Princeton","Yale",78,53,120.8,110.5,64.6,"+.070","-0.64","108.9","109.5","+1.98","246",106.1,113,63.3,"-.084","-1.51","108.8","110.3","-0.60",135.5,-13.5,"2026-03-07","Hit"
"7999a122321973374999efbc2f3f4000","Boise St.","Colorado St.",67,78,120.3,109.9,62.9,"+.050","+4.49","112.4","107.9","-2.22","58",117.5,103.9,65.5,"+.035","+8.94","114.1","105.2","+8.06",142.5,-1.5,"2026-03-07","Loss"
"4fa63ef81ca09af513fbbddb174de199","Providence","Georgetown",80,79,115.2,105.5,66.4,"-.083","+10.03","113.7","103.7","-4.18","75",121.4,110.2,71.2,"-.085","+10.41","113.9","103.5","-0.27",156.5,-1.5,"2026-03-07","Hit"
"84dd3044fbe3e3103df5c82d632b4ca0","Florida Atlantic","Wichita St.",88,70,112.6,103.6,66.3,"-.045","+0.76","110.0","109.3","-2.04","124",110.5,106.6,69.6,"-.038","+1.69","110.4","108.7","+3.10",149.5,-7.5,"2026-03-07","Hit"
"7427868c1cc0ed0773a794a873e1cae2","Connecticut","Marquette",68,62,111.7,102.9,68.7,"-.115","+10.68","115.3","104.6","+1.72","9",123.5,94.3,65,"+.066","+11.72","115.4","103.6","+8.37",142.5,9.5,"2026-03-07","Hit"
"2adf2fc46d29404c2ecd9cbaa7134801","UNC Asheville","High Point",75,71,117.9,109.5,69.8,"+.039","-9.41","103.5","113.0","-8.54","252",104.9,111.9,64.9,"-.005","-3.90","107.9","111.8","+1.37",149.5,-10.5,"2026-03-07","Hit"
"8794adb91522fa2c368028caf31d1654","Butler","DePaul",71,81,108,100.5,66.2,"+.005","+7.94","113.6","105.7","-9.95","88",116,106.9,68.6,"-.033","+9.83","114.3","104.4","-2.91",142.5,-2.5,"2026-03-07","Loss"
"dbed1fbcfd539a99006dcafaa6801b0d","Georgia","Mississippi St.",96,102,113,105.7,69.4,"+.012","+12.95","117.4","104.5","+0.88","30",125.2,104.1,71.1,"+.001","+10.92","116.5","105.5","-6.22",163.5,5.5,"2026-03-07","Hit"
"2b56f2ab78c49931d8099c69de9d1098","Washington","Oregon",85,79,111.4,104.1,66.1,"-.044","+13.33","117.0","103.7","+2.04","51",116.8,101.4,67.2,"-.096","+11.73","116.7","105.0","-0.32",141.5,-1.5,"2026-03-07","Hit"
"184ae2a83408a071e56d78cf1df1dd34","North Dakota","St. Thomas",66,67,114.9,108.2,68.5,"-.016","-5.15","107.7","112.9","-0.48","282",107.4,117.6,67.5,"+.108","-3.96","107.9","111.9","-0.10",152.5,-12.5,"2026-03-07","Loss"
"eca02b08f6f4bfdd8d15857309942fc4","Long Beach St.","Hawaii",75,84,107.6,101.5,69.7,"+.042","-3.34","107.1","110.4","-10.86","247",105,111.9,68.4,"-.037","+0.95","109.0","108.0","+4.78",149.5,-13.5,"2026-03-07","Loss"
"d411f59672a83204b3f606bb5c39f81f","Drake","Illinois Chicago",72,51,109.8,103.8,66.7,"-.064","+1.68","110.4","108.7","-2.25","185",111,112.8,67.5,"-.065","+2.22","109.5","107.3","-3.64",142.5,-5.5,"2026-03-07","Hit"
"a7e696308abe0e5459c0ddc4566eb69b","Saint Louis","George Mason",86,57,112.8,106.8,63.7,"+.075","+0.05","109.7","109.6","-7.58","31",120.9,99.9,71.2,"+.014","-0.01","108.4","108.4","-5.48",149.5,7.5,"2026-03-07","Hit"
"9d841ab800090a97e988c32fe9661298","UC Davis","UC Irvine",79,69,104.1,98.2,68.6,"-.011","-0.62","108.9","109.5","+0.78","152",109.2,107.9,68.6,"+.046","-0.52","108.4","109.0","+2.14",146.5,-9.5,"2026-03-07","Hit"
"0aefbf3c371bee009a989b15994c2495","Seattle","Pacific",61,58,110.6,105.4,64.7,"-.025","+2.52","110.6","108.1","+0.19","115",102.8,98,67.7,"+.031","+1.86","111.0","109.1","-3.13",128.5,-1.5,"2026-03-07","Hit"
"60294e388316b449c6767866444ed2e2","Nebraska Omaha","North Dakota St.",74,50,112.6,108,66.4,"+.040","-5.17","107.0","112.1","-0.53","254",107.3,114.5,67,"+.029","-2.82","108.8","111.6","+3.49",141.5,-6.5,"2026-03-07","Hit"
"8436e613390aca9fa9f4bce355abb2f6","Sam Houston St.","Liberty",79,72,117.9,113.6,64.2,"+.154","-1.64","107.6","109.3","+1.09","107",114.7,108.7,70.5,"+.007","-0.46","109.4","109.8","+6.03",155.5,-4.5,"2026-03-07","Hit"
"51c7ab60007fe6aa5b931e8db88b7e9d","Northern Iowa","Bradley",69,73,111.6,107.6,67.3,"+.054","+0.64","109.2","108.6","-5.10","76",108.5,97.3,62.4,"-.082","+1.27","109.7","108.4","-0.86",127.5,4.5,"2026-03-07","Loss"
"aab5cf23882193a1182588936161e314","Portland","San Francisco",82,65,113.5,109.5,65.9,"+.008","+5.04","111.5","106.4","+0.78","191",106.5,108.7,68.5,"+.067","+3.98","111.5","107.5","+1.01",144.5,-4.5,"2026-03-07","Hit"
"40bb7dc68ed3b373c7bb38471cbd2752","La Salle","Saint Joseph's",88,76,105.9,102.2,68.3,"+.092","+1.26","109.5","108.3","-4.59","225",104.7,109.8,65.5,"-.027","+5.41","111.7","106.3","+4.03",139.5,-9.5,"2026-03-07","Hit"
"4de61d7a75f0f3b6cfb1ab4a82f524a9","UC San Diego","UC Santa Barbara",63,64,114.7,111,64.3,"-.041","-0.89","107.7","108.6","-0.01","114",109,103.9,67.5,"-.009","-1.18","107.8","109.0","+0.24",139.5,-1.5,"2026-03-07","Loss"
"459b50cc65b6ab8064c0e5bd585d5f98","Richmond","Duquesne",79,77,110.2,107.2,69.3,"-.026","+2.63","110.8","108.2","-6.03","146",111.1,109.5,67.9,"-.073","+0.15","109.6","109.5","-8.78",149.5,-4.5,"2026-03-07","Hit"
"8d15eb1d31dd9b17a86ee52e5792fb52","Elon","William & Mary",72,62,112.2,109.5,73.1,"-.008","-1.99","108.2","110.2","+0.87","226",111.2,116.5,67.1,"-.025","-2.11","108.4","110.5","-2.70",164.5,-4.5,"2026-03-07","Hit"
"84ab441a2ab29f55acf1add4a209a737","The Citadel","East Tennessee St.",83,76,110.5,108.5,66.2,"-.044","-7.67","107.0","114.7","-3.87","348",100.2,120.7,64.4,"+.036","-5.52","108.2","113.7","-1.41",138.5,-14.5,"2026-03-07","Hit"
"4984c447015171834da0dbf07054dde1","Presbyterian","Winthrop",73,71,112.7,110.7,69.8,"+.015","-4.85","107.0","111.8","+1.45","274",103.4,112.6,64.2,"-.007","-4.72","107.2","112.0","-1.40",145.5,-7.5,"2026-03-07","Hit"
"e9b7a23cc4470ea02a99a46c3e01072f","Florida Gulf Coast","Central Arkansas",73,63,110.8,109.4,67.9,"+.050","-5.24","109.2","114.5","+6.25","241",106.3,112.7,67.6,"-.023","-5.96","108.1","114.1","+0.18",145.5,-5.5,"2026-03-07","Hit"
"2c7fdf0f8bee754252b1cb6fac22bf32","Davidson","St. Bonaventure",63,68,114.2,113,67.2,"-.032","+1.37","109.4","108.1","-4.20","111",110.9,105.4,63.9,"+.018","+2.33","109.9","107.6","+0.08",141.5,-2.5,"2026-03-07","Loss"
"6cf392260d072b39c8cd2898389289a2","Notre Dame","Boston College",77,69,104.2,103.6,65.6,"-.046","+7.00","113.2","106.2","-7.24","87",116.3,107,65.6,"-.051","+11.06","115.3","104.3","+1.22",142.5,1.5,"2026-03-07","Hit"
"a9f8d9de43edf5f54278ead405e18a6a","Queens","Austin Peay",83,90,108.1,107.9,69.5,"+.045","-6.57","108.5","115.0","+2.37","192",115.2,117.5,69.6,"+.048","-5.97","108.5","114.5","+5.83",161.5,-1.5,"2026-03-07","Loss"
"94b1717dd893182b3d71b777054afd54","Cal St. Fullerton","CSUN",77,90,108.7,108.6,73.8,"+.087","-0.02","108.6","108.6","+1.23","171",110.6,110.9,72.5,"+.040","+1.50","109.8","108.3","+6.94",170.5,-5.5,"2026-03-07","Loss"
"d8711f1e18f99ca9ab1513a6647a8126","Rhode Island","Fordham",61,49,105.3,105.6,64.4,"-.050","-2.47","108.0","110.4","-15.90","129",106.9,103.5,66,"-.036","+0.61","109.7","109.1","-5.39",134.5,-1.5,"2026-03-07","Hit"
"474fb7a0eb56edc73e79213a1e84a693","Sacramento St.","Idaho",68,45,109.4,109.9,67.7,"-.032","-1.11","109.9","111.1","+1.17","255",107.5,114.9,72,"-.026","+1.70","110.9","109.2","+9.14",158.5,-6.5,"2026-03-07","Hit"
"dc46d9829eaa5f8bc44a27b80f5cea7b","Hampton","Towson",74,68,104.5,105,63.7,"+.024","-0.70","109.4","110.1","+3.23","272",102.6,111.7,65.2,"-.004","-3.56","106.6","110.2","-7.21",129.5,-6.5,"2026-03-07","Hit"
"f3fca5f3b6efd068d274ae566e08afac","Western Carolina","Mercer",73,77,112.4,113.8,69.1,"-.006","-5.01","108.5","113.5","+4.59","234",109.7,115.8,68,"-.016","-3.96","108.7","112.7","+10.14",155.5,-2.5,"2026-03-07","Loss"
"1627948f74a71cc1c7735d926f80bdd1","Southern Miss","Appalachian St.",73,86,105.9,107.5,62.9,"+.021","-5.32","107.3","112.6","-2.98","221",104.7,109.5,69.1,"+.051","-3.73","107.3","111.1","+1.21",136.5,-3.5,"2026-03-07","Loss"
"b4773a4a2a047a4cc6e7d0e7906f4563","Utah Valley","Utah Tech",101,104,110.5,112,66.1,"+.112","+1.05","107.8","106.7","+4.21","85",113.1,103.6,69.1,"+.031","-0.43","107.3","107.7","+3.01",147.5,6.5,"2026-03-07","Loss"
"0399104d44bbbe8f873bf3ed168251fb","Kennesaw St.","New Mexico St.",79,76,109.9,111.5,67.1,"-.086","-1.06","108.5","109.5","+1.14","176",109.6,110.6,71.6,"+.006","-2.55","108.3","110.8","-5.07",154.5,-2.5,"2026-03-07","Hit"
"f8470682d4c31de9f83957faa8515c6f","Morehead St.","Tennessee St.",93,67,108.7,111.4,70.2,"+.077","-7.67","103.5","111.2","+6.10","276",107.5,116.8,65.4,"+.161","-6.93","104.0","111.0","+6.82",149.5,-3.5,"2026-03-07","Hit"
"50224803b8fc5f0309d2adc3d6fd54e9","New Hampshire","UMBC",84,69,107,110,66.3,"+.046","-14.01","101.3","115.3","-6.84","349",95,115.6,67.6,"-.001","-8.37","104.2","112.5","+5.71",137.5,-12.5,"2026-03-07","Hit"
"054fd2a0f5544dd6579f877d75ba19ce","Middle Tennessee","Missouri St.",63,75,108.7,111.8,65.8,"-.056","-1.46","108.3","109.7","-0.87","175",109,109.8,65.6,"+.014","+1.18","110.1","109.0","+11.74",145.5,-1.5,"2026-03-07","Loss"
"dd26131b08dbdbb71056506f4c49ac54","Western Kentucky","FIU",92,67,106.7,110,71.9,"-.029","-0.89","109.1","110.0","+0.30","148",108.9,107.3,69.8,"+.007","-0.88","109.9","110.8","+1.60",159.5,1.5,"2026-03-07","Hit"
"42aa83f28f8a7cf412cd011038f49375","Mount St. Mary's","Siena",63,58,107.3,110.7,64.8,"-.006","-9.51","103.2","112.7","-7.51","280",99.6,109.3,67.8,"+.039","-7.22","104.5","111.7","+0.94",132.5,-3.5,"2026-03-07","Hit"
"b9b11b7c6738a28d019ab0fb5d220728","Furman","Samford",81,86,109.5,113.1,67.2,"+.022","-5.82","108.2","114.1","+0.57","203",106.2,109.4,66,"-.008","-6.04","108.4","114.4","-0.51",146.5,-1.5,"2026-03-07","Loss"
"96982bd1b1b60da1281756882d8609ec","Wagner","LIU",64,56,105.9,110,68,"+.098","-9.31","104.2","113.5","+2.32","311",103.1,116,65.6,"+.005","-9.41","103.2","112.6","+5.81",141.5,-8.5,"2026-03-07","Hit"
"fd0a04586abb9fd4c927957309310a15","Marist","Quinnipiac",75,77,103.9,108.2,69.8,"+.044","-7.43","104.5","111.9","+1.17","204",99.8,103,66.2,"-.024","-9.19","104.1","113.2","-7.09",130.5,-1.5,"2026-03-07","Loss"
"d52d49c820c181cd47580ec279dcb388","Cal St. Bakersfield","Cal Poly",108,76,109.5,113.9,74,"+.028","+2.09","109.4","107.3","+5.55","322",102.1,116.7,70.1,"+.010","+0.54","108.2","107.7","+0.43",172.5,-9.5,"2026-03-07","Hit"
"de481003cd4614a3c0c74dc4baecd192","Northeastern","Drexel",84,77,102.6,107.3,64.2,"+.001","-4.11","106.4","110.5","-7.64","284",107.3,117.7,69.5,"-.058","-1.30","108.7","110.0","-0.41",139.5,-4.5,"2026-03-07","Hit"
"d62d6cd6cc68982914bcd7c0d899ce10","Campbell","Stony Brook",89,96,104.7,110.1,66.2,"+.075","-2.81","106.9","109.7","-4.08","189",110.7,112.8,69.6,"+.001","+1.43","109.8","108.4","+8.03",147.5,2.5,"2026-03-07","Hit"
"7b541060d0863578d65827ab4bf2cd44","Georgia Southern","Coastal Carolina",72,96,102,107.5,67,"+.130","-4.67","107.0","111.7","-1.86","250",109.8,116.8,70.4,"+.060","-5.85","105.8","111.6","-6.81",150.5,-1.5,"2026-03-07","Loss"
"2119ea2312ca60d258130fee227330a0","Wyoming","San Jose St.",78,88,110.7,116.5,65.1,"-.016","+7.16","113.1","106.0","+2.18","97",114.4,107,66.5,"-.017","+4.39","112.1","107.7","-4.76",149.5,6.5,"2026-03-07","Hit"
"dd22e20bbec11b0c1ccab6bddcdf3d6b","Bryant","Vermont",77,57,106.9,113.2,65.1,"+.005","-10.24","103.6","113.8","-2.12","355",96.7,119.4,64.4,"+.008","-8.10","103.5","111.6","+2.57",133.5,-13.5,"2026-03-07","Hit"
"852b72acb219fc4824e6af1c48e51d39","UT Arlington","Abilene Christian",57,64,101.2,107.6,67.5,"+.035","+1.18","109.1","107.9","+1.54","160",103.2,102.5,65,"+.029","+1.02","109.1","108.1","+3.61",134.5,-1.5,"2026-03-07","Loss"
"7622a1ce1f401064b630ad5098fd70a2","Cal Baptist","Southern Utah",75,82,107,113.9,70.2,"-.038","+2.63","109.3","106.7","+6.17","112",107.9,102.5,65.7,"+.079","-1.90","107.0","108.9","-2.94",147.5,6.5,"2026-03-07","Hit"
"2a5f799d5f62b85eb2af6193fbce3596","UNC Greensboro","Wofford",72,75,109.7,116.7,68,"+.090","-7.20","108.2","115.4","-4.29","302",107.7,120.2,67.9,"+.052","-5.84","108.2","114.0","-0.41",155.5,-3.5,"2026-03-07","Loss"
"02c8ac16a58d070e1f9923278f940bda","Northern Arizona","Idaho St.",73,65,109.9,117,65.1,"-.039","+0.15","109.8","109.6","+3.96","319",105.8,120,63.8,"+.037","-0.50","109.9","110.4","+0.52",141.5,-4.5,"2026-03-07","Hit"
"eb30e12e51e7bcb4152f295c2a2ddd9b","Cornell","Dartmouth",90,111,104.9,113.4,69.4,"+.000","-1.97","108.4","110.3","-4.08","168",118.7,118.7,71.5,"-.029","-1.50","108.2","109.7","-0.74",165.5,5.5,"2026-03-07","Hit"
"10c02a2e75c1eaf6e5571b4f5b978ace","Louisiana Tech","Delaware",38,81,106,115.1,63.1,"+.003","-2.39","108.0","110.4","-6.57","231",101.2,107,64.5,"+.070","-2.97","108.2","111.2","-7.23",132.5,1.5,"2026-03-07","Hit"
"5e002947188406d41925db90808cebd1","Jacksonville St.","UTEP",61,64,101.5,110.9,65.4,"+.022","+0.24","109.2","108.9","+4.00","207",106,109.3,65.3,"-.066","-2.67","108.2","110.9","-5.78",139.5,1.5,"2026-03-07","Hit"
"6f114d4e3a043a9b8a081cd6525c65c0","Stonehill","Mercyhurst",56,51,101.7,112.2,64.7,"-.018","-10.70","103.2","113.9","+0.40","334",92.5,109.9,66.4,"+.001","-10.27","103.2","113.4","-2.77",132.5,-5.5,"2026-03-07","Hit"
"e0db510030f61fc6e923406f4203f6ab","George Washington","Loyola Chicago",68,62,103.3,115.7,66,"+.055","+3.03","110.5","107.5","-4.48","79",119,108.3,69.4,"-.140","+1.49","109.5","108.0","-2.45",151.5,9.5,"2026-03-07","Hit"
"f9164a82aba663963e06c61ee47a6521","Albany","UMass Lowell",81,76,102.4,116.7,69.2,"+.003","-9.04","103.7","112.7","+2.35","325",103.2,118.1,65.3,"-.078","-7.11","105.0","112.1","+4.31",148.5,-3.5,"2026-03-07","Hit"
"d141636c076c03c728fbb4061c2b4424","Maine","NJIT",60,58,97.6,114.4,68,"+.113","-8.77","103.8","112.6","+1.21","347",91.9,112.4,64.8,"-.021","-8.86","104.2","113.1","-1.17",132.5,-3.5,"2026-03-07","Hit"
"fd3cd8df788e997d6e03bb5b633f40ea","Michigan St.","Michigan",90,80,127.8,88.4,71.5,"+.036","+15.71","118.5","102.8","+13.13","9",122,93.1,65.9,"+.027","+12.86","117.9","105.0","+3.92",150.5,-9.5,"2026-03-08","Hit"
"9127a80bd669b8adac27a3c95a431ca8","Iowa","Nebraska",84,75,119.1,92.2,66.8,"+.024","+10.84","115.8","105.0","-5.50","23",121.7,99.1,62.9,"-.044","+10.56","115.3","104.7","-6.82",134.5,-6.5,"2026-03-08","Hit"
"05515ccd8dc47a605ac00d64c40ba1e8","Pacific","Santa Clara",76,68,122.6,103.3,70.2,"+.008","+5.20","111.5","106.3","+4.37","111",110.4,105,64.6,"-.011","+2.75","110.3","107.5","+0.37",149.5,-10.5,"2026-03-08","Hit"
"7749b6da821c21ad79e56d3fbffcc01f","Charlotte","South Florida",83,60,117.7,102.7,71.7,"-.024","+3.85","111.5","107.6","+5.11","184",113,114.8,63.6,"+.001","-0.09","109.1","109.2","-0.12",152.5,-16.5,"2026-03-08","Hit"
"340f3c32461c8591d19b595a13556ba7","Temple","Tulsa",78,76,122.7,108,68,"+.004","+0.70","109.3","108.6","-2.15","170",112.3,112.2,65,"-.048","-1.98","107.1","109.1","-2.66",153.5,-11.5,"2026-03-08","Hit"
"079f5281fb03b0b8be546dd312dbfe84","William & Mary","Hofstra",92,61,113.7,105.3,65.1,"-.072","-0.66","108.4","109.0","+3.48","132",111.5,108.6,72.8,"-.004","-2.03","108.3","110.3","+0.89",154.5,-4.5,"2026-03-08","Hit"
"4869997b2615a76a994a535081c3a212","Winthrop","High Point",91,76,117.4,109.3,69.8,"+.047","-9.11","103.6","112.7","-8.41","146",112.2,110.6,69.9,"+.026","-4.84","106.8","111.6","+1.59",161.5,-6.5,"2026-03-08","Hit"
"edd8e549ba43c28a1786a10baba90783","Campbell","UNC Wilmington",70,85,112.7,105.6,65,"+.018","-4.67","106.5","111.2","-7.82","185",111.5,113.3,69.7,"+.013","+1.32","109.6","108.3","+8.26",149.5,-7.5,"2026-03-08","Loss"
"b78aedaa6f397aba12b2bb1665dff534","Northern Iowa","Illinois Chicago",69,84,109.8,102.9,66.5,"-.065","+1.66","110.4","108.7","-2.08","75",108.7,97.5,62.4,"-.072","+1.57","109.7","108.1","-0.63",123.5,2.5,"2026-03-08","Hit"
"2e3541be13e05558b690afe77438f576","North Dakota","North Dakota St.",70,62,112.2,107,66.5,"+.036","-5.28","106.7","112.0","-0.61","279",107.2,116.8,67.4,"+.122","-3.60","108.0","111.6","-0.25",147.5,-9.5,"2026-03-08","Hit"
"b6bccb017849956d2a8a8c25323731f1","East Carolina","UAB",90,83,109.6,105.3,68.9,"+.011","+0.16","109.2","109.1","-4.98","257",103.1,110.8,68.5,"+.003","-0.41","109.8","110.2","-2.49",147.5,-10.5,"2026-03-08","Hit"
"af818ab92358c6697e1b2e606b1d3569","Idaho","Montana St.",74,78,110.9,107.6,66,"-.073","+0.37","110.8","110.4","+6.79","167",108.7,108.5,67.6,"-.035","-1.38","109.6","111.0","+1.17",142.5,-2.5,"2026-03-08","Loss"
"76a46755544d05e884e8a810a660ea33","Penn St.","Rutgers",74,62,111.2,108.4,66.5,"+.030","+11.65","115.2","103.5","-7.28","137",115.1,112.5,67.5,"+.002","+11.04","115.9","104.9","-6.81",150.5,-5.5,"2026-03-08","Hit"
"625ac98074fdf2e956b955f991b005f9","Illinois","Maryland",72,78,110.4,107.6,66.3,"+.024","+14.46","117.3","102.9","+1.75","5",131.5,98.3,65.7,"-.044","+13.80","117.2","103.4","+4.26",145.5,15.5,"2026-03-08","Loss"
"4920ccc7b5de5607123ba94f670f29b1","Queens","Central Arkansas",93,98,110.3,108.7,68,"+.056","-5.13","109.1","114.2","+6.25","186",115.6,117.4,69.7,"+.057","-5.54","108.5","114.0","+5.93",157.5,-2.5,"2026-03-08","Loss"
"f572c55dd628e03835697991b18dda49","Towson","Charleston",56,81,108.4,107.1,67.9,"+.089","-1.79","109.3","111.1","-1.17","174",104.4,105,63.9,"+.034","-0.86","109.2","110.1","+3.44",133.5,-2.5,"2026-03-08","Loss"
"4a26bb75012c807fb2dbcd9d9e59e9ac","Southern Miss","Troy",78,70,110.7,109.8,65,"+.019","-2.64","107.9","110.5","+4.52","217",105.4,109.5,69.2,"+.051","-3.55","107.2","110.8","+1.36",143.5,-4.5,"2026-03-08","Hit"
"824cb683bd2ee3cb6d6844c6ea2b6f89","Marist","Merrimack",58,57,107.7,108,63.4,"+.116","-5.75","105.3","111.1","+3.63","207",99.8,103.1,66.4,"-.010","-8.96","104.1","113.0","-7.11",125.5,-3.5,"2026-03-08","Hit"
"84dfbb1d735916183aa30a38aa712e5b","San Francisco","Oregon St.",78,77,109.1,110.4,65.2,"+.094","+2.89","110.1","107.2","-1.15","119",113.6,109.1,65.9,"+.009","+4.81","111.2","106.4","+0.90",142.5,3.5,"2026-03-08","Hit"
"6a3f09bf9a8daa626492f14b80d019e5","Houston Christian","New Orleans",73,60,110.2,111.9,70,"+.037","+1.45","108.9","107.5","+14.60","286",103.6,114.4,64.2,"+.038","-2.01","107.7","109.7","-0.45",141.5,-4.5,"2026-03-08","Hit"
"bb26341d7f006a22bdad03a620b883de","Drexel","Monmouth",65,57,106.2,108.1,67.1,"+.013","-2.54","107.2","109.7","-3.27","221",102.8,107.3,64.2,"+.011","-4.22","106.5","110.7","-7.54",137.5,-3.5,"2026-03-08","Hit"
"55bfb2a964fde496bf95145b8f3102ff","Northern Kentucky","Green Bay",76,96,112.4,115,63,"+.066","-1.83","110.3","112.1","+6.70","177",108.2,109.2,69.9,"-.015","-4.13","110.1","114.3","-3.33",145.5,2.5,"2026-03-08","Hit"
"39a6809a096f632eb8fcfe3956471bd3","Georgia Southern","Marshall",78,82,112.6,115.4,69.4,"+.049","-3.68","107.5","111.2","-0.60","231",110.9,116.6,70.3,"+.046","-5.69","105.6","111.3","-6.27",170.5,-3.5,"2026-03-08","Loss"
"94f692b8201c6d8954414d4d81ce630e","UNC Greensboro","Furman",81,75,106.7,109.6,66.1,"+.003","-5.80","108.4","114.2","-0.36","301",107.5,119.6,67.8,"+.065","-5.83","108.2","114.0","-0.44",148.5,-6.5,"2026-03-08","Hit"
"c6c2717e0a22b9ad31b379196f19f148","Fairfield","Siena",76,61,107.1,110.4,64.6,"+.002","-9.45","103.0","112.4","-7.39","258",106,113.7,67.1,"+.081","-9.68","102.9","112.6","-8.45",140.5,-2.5,"2026-03-08","Hit"
"d0626f8efc2de9a2999cb5e05a40bc6d","Memphis","Tulane",95,96,107,110.7,67.1,"+.144","+0.79","108.8","108.0","-3.25","128",106.7,103.4,70.3,"-.068","+6.33","112.9","106.6","+11.01",152.5,1.5,"2026-03-08","Loss"
"211fd71933832e7ee7340ef75828befa","UTSA","Rice",80,71,108.7,113.7,65.6,"+.000","+0.88","109.4","108.5","-1.65","339",99.7,118.3,68.6,"+.003","+1.95","110.2","108.2","+2.22",149.5,-11.5,"2026-03-08","Hit"
"aedcc81073a3bf6ea87a485262c2576f","Northwestern St.","Nicholls",61,47,106.1,112.4,68.5,"+.049","+0.51","108.8","108.2","+10.09","274",103.3,112.7,65.1,"-.014","-0.29","107.9","108.2","+8.40",141.5,-2.5,"2026-03-08","Hit"
"d43ce85e303f5250627d2ea74cd1e799","Colgate","Lehigh",76,69,102.4,114.2,67,"+.083","-7.96","105.1","113.0","-0.37","247",108.1,114.8,66.9,"+.054","-6.79","106.3","113.1","+5.39",146.5,1.5,"2026-03-08","Hit"
"dade3c7f67979137f5351d568461b62a","Oregon St.","Gonzaga",NA,NA,122.5,94.1,69.2,"+.067","+5.99","113.2","107.2","+8.63","179",109.6,110.6,65.3,"+.107","+2.80","110.4","107.6","-1.35",145.5,-19.5,"2026-03-09","FALSE"
"87330f770e99f45361d907153d4a08ea","Santa Clara","Saint Mary's",NA,NA,120.6,96.9,65.4,"+.024","+4.88","111.5","106.6","+4.37","37",123.2,103.9,69.8,"+.012","+5.12","111.7","106.5","+4.25",147.5,-3.5,"2026-03-09","FALSE"
"90a67899f125844f6fff61cad314464a","Towson","Hofstra",NA,NA,114.8,105,64.9,"-.071","-0.61","108.6","109.2","+3.55","157",105.8,104.8,63.7,"+.026","-0.90","109.3","110.2","+3.41",130.5,-4.5,"2026-03-09","FALSE"
"795c7c6bf892b023fdc275b12f046894","Nicholls","UT Rio Grande Valley",NA,NA,111.1,107.3,66.5,"-.043","-1.29","108.1","109.4","+8.69","232",106,111.7,68.2,"+.044","-0.02","108.6","108.6","+10.02",146.5,-8.5,"2026-03-09","FALSE"
"f4278e0139b27bc7bf27de72203a0d61","Detroit Mercy","Robert Morris",NA,NA,111.3,109.2,64.7,"+.041","-4.35","109.3","113.6","-1.38","222",108.8,113.7,69,"+.073","-2.38","109.8","112.2","+7.94",147.5,-5.5,"2026-03-09","FALSE"
"24d4982a33fb0fe918727347568ed8b3","Northern Kentucky","Wright St.",NA,NA,112.4,110.7,66.9,"-.005","-3.84","109.8","113.6","+1.19","172",109.5,109.6,69.9,"-.017","-4.30","110.3","114.6","-3.60",157.5,1.5,"2026-03-09","FALSE"
"6f7d2cbf3b6e34233db76bcbb5628a00","Furman","East Tennessee St.",NA,NA,110.4,108.9,66.2,"-.023","-7.91","107.0","114.9","-3.84","199",107.1,110,66.1,"+.011","-6.10","108.5","114.6","-0.35",139.5,-2.5,"2026-03-09","FALSE"
"09495b1db46b935dc7dcc7439fa6e7f1","Georgia Southern","Troy",NA,NA,110.7,109.7,65.1,"+.025","-2.83","107.9","110.7","+4.39","230",110.9,116.4,70.3,"+.055","-5.73","105.9","111.7","-6.38",151.5,-6.5,"2026-03-09","FALSE"
"7b0395b1b4860adf903c9d616453e9c5","Weber St.","Eastern Washington",NA,NA,113.8,113.4,67.6,"-.072","+1.24","110.4","109.2","+7.77","193",111.8,114.3,68.6,"-.020","-1.68","108.5","110.2","-0.67",154.5,-3.5,"2026-03-09","FALSE"
"3ebe7e9d07fe328cd4564259a795bacd","New Orleans","Texas A&M Corpus Chris",NA,NA,104.5,105.8,66.6,"+.018","+0.03","109.0","108.9","+16.89","182",109.9,111.4,70.2,"+.042","+0.87","108.8","107.9","+14.51",142.5,-2.5,"2026-03-09","FALSE"
"c09e2b37dc17ba3205e6194b8a90b4bf","Campbell","Monmouth",NA,NA,106.3,107.7,67.1,"+.019","-2.58","107.3","109.8","-3.33","177",111.9,112.8,69.9,"+.017","+1.19","109.7","108.5","+8.07",151.5,-1.5,"2026-03-09","FALSE"
"8ef233d53491ff504c12b830bc46783d","Northern Colorado","Montana",NA,NA,106.7,108.6,69.2,"+.029","+0.05","110.8","110.8","+5.78","136",112.1,109.7,68.7,"-.014","-1.75","109.6","111.4","+0.24",152.5,4.5,"2026-03-09","FALSE"
"8c2916094827b1b9c7476e3f80e73d1a","Mississippi Valley St.","Grambling St.",NA,NA,97.2,109.2,67.6,"-.030","-7.90","104.2","112.1","+2.34","365",90.7,121.6,67,"-.029","-6.75","105.6","112.3","+6.04",135.5,-13.5,"2026-03-09","FALSE"
"142ae58282b97340c8ca0b1914d4fb0b","Alcorn St.","Alabama St.",NA,NA,100,113.5,69.4,"-.068","-5.95","104.8","110.8","+8.70","351",96.7,117.9,67.4,"+.040","-4.42","106.3","110.7","+13.17",142.5,-6.5,"2026-03-09","FALSE"
